# Blender 4.5.1 LTS
# www.blender.org
mtllib griphon2.mtl
o empty_10
v 0.002802 -0.009447 0.107682
v 0.002802 -0.009447 0.105280
v 0.002802 -0.033465 0.107682
v 0.002802 -0.033465 0.105280
v 0.002802 -0.033465 0.107682
v 0.002802 -0.033465 0.105280
v 0.082863 -0.033465 0.107682
v 0.082863 -0.033465 0.105280
v 0.082863 -0.033465 0.107682
v 0.082863 -0.033465 0.105280
v 0.082863 -0.009447 0.107682
v 0.082863 -0.009447 0.105280
v 0.082863 -0.009447 0.107682
v 0.082863 -0.009447 0.105280
v 0.062063 0.002562 0.107682
v 0.062063 0.002562 0.105280
v 0.062063 0.002562 0.107682
v 0.062063 0.002562 0.105280
v 0.023603 0.002562 0.107682
v 0.023603 0.002562 0.105280
v 0.023603 0.002562 0.107682
v 0.023603 0.002562 0.105280
v 0.002802 -0.009447 0.107682
v 0.002802 -0.009447 0.105280
v 0.023603 0.002562 0.107682
v 0.002802 -0.009447 0.107682
v 0.062063 0.002562 0.107682
v 0.082863 -0.009447 0.107682
v 0.082863 -0.033465 0.107682
v 0.002802 -0.033465 0.107682
v 0.002802 -0.009447 0.105280
v 0.002802 -0.033465 0.105280
v 0.023603 0.002562 0.105280
v 0.062063 0.002562 0.105280
v 0.082863 -0.009447 0.105280
v 0.082863 -0.033465 0.105280
vn -1.0000 -0.0000 -0.0000
vn -0.0000 -1.0000 -0.0000
vn 1.0000 -0.0000 -0.0000
vn 0.5000 0.8660 -0.0000
vn -0.0000 1.0000 -0.0000
vn -0.5000 0.8660 -0.0000
vn -0.0000 -0.0000 1.0000
vn -0.0000 -0.0000 -1.0000
s 1
usemtl material365
f 1//1 4//1 3//1
f 1//1 2//1 4//1
f 5//2 8//2 7//2
f 5//2 6//2 8//2
f 9//3 12//3 11//3
f 9//3 10//3 12//3
f 13//4 16//4 15//4
f 13//4 14//4 16//4
f 17//5 20//5 19//5
f 17//5 18//5 20//5
f 21//6 24//6 23//6
f 21//6 22//6 24//6
f 29//7 28//7 27//7
f 30//7 25//7 26//7
f 30//7 27//7 25//7
f 30//7 29//7 27//7
f 36//8 34//8 35//8
f 32//8 31//8 33//8
f 32//8 33//8 34//8
f 32//8 34//8 36//8
o empty_100
v 0.107082 -0.137845 0.220569
v 0.104680 -0.137845 0.220569
v 0.107082 -0.113826 0.220569
v 0.104680 -0.113826 0.220569
v 0.107082 -0.113826 0.220569
v 0.104680 -0.113826 0.220569
v 0.107082 -0.113826 0.300630
v 0.104680 -0.113826 0.300630
v 0.107082 -0.113826 0.300630
v 0.104680 -0.113826 0.300630
v 0.107082 -0.137845 0.300630
v 0.104680 -0.137845 0.300630
v 0.107082 -0.137845 0.300630
v 0.104680 -0.137845 0.300630
v 0.107082 -0.149854 0.279829
v 0.104680 -0.149854 0.279829
v 0.107082 -0.149854 0.279829
v 0.104680 -0.149854 0.279829
v 0.107082 -0.149854 0.241369
v 0.104680 -0.149854 0.241369
v 0.107082 -0.149854 0.241369
v 0.104680 -0.149854 0.241369
v 0.107082 -0.137845 0.220569
v 0.104680 -0.137845 0.220569
v 0.107082 -0.149854 0.241369
v 0.107082 -0.137845 0.220569
v 0.107082 -0.149854 0.279829
v 0.107082 -0.137845 0.300630
v 0.107082 -0.113826 0.300630
v 0.107082 -0.113826 0.220569
v 0.104680 -0.137845 0.220569
v 0.104680 -0.113826 0.220569
v 0.104680 -0.149854 0.241369
v 0.104680 -0.149854 0.279829
v 0.104680 -0.137845 0.300630
v 0.104680 -0.113826 0.300630
vn -0.0000 -0.0000 -1.0000
vn -0.0000 1.0000 -0.0000
vn -0.0000 -0.0000 1.0000
vn -0.0000 -0.8660 0.5000
vn -0.0000 -1.0000 -0.0000
vn -0.0000 -0.8660 -0.5000
vn 1.0000 -0.0000 -0.0000
vn -1.0000 -0.0000 -0.0000
s 1
usemtl material455
f 37//9 40//9 39//9
f 37//9 38//9 40//9
f 41//10 44//10 43//10
f 41//10 42//10 44//10
f 45//11 48//11 47//11
f 45//11 46//11 48//11
f 49//12 52//12 51//12
f 49//12 50//12 52//12
f 53//13 56//13 55//13
f 53//13 54//13 56//13
f 57//14 60//14 59//14
f 57//14 58//14 60//14
f 65//15 64//15 63//15
f 66//15 61//15 62//15
f 66//15 63//15 61//15
f 66//15 65//15 63//15
f 72//16 70//16 71//16
f 68//16 67//16 69//16
f 68//16 69//16 70//16
f 68//16 70//16 72//16
o empty_101
v 0.107082 -0.177875 0.220569
v 0.104680 -0.177875 0.220569
v 0.107082 -0.153857 0.220569
v 0.104680 -0.153857 0.220569
v 0.107082 -0.153857 0.220569
v 0.104680 -0.153857 0.220569
v 0.107082 -0.153857 0.300630
v 0.104680 -0.153857 0.300630
v 0.107082 -0.153857 0.300630
v 0.104680 -0.153857 0.300630
v 0.107082 -0.177875 0.300630
v 0.104680 -0.177875 0.300630
v 0.107082 -0.177875 0.300630
v 0.104680 -0.177875 0.300630
v 0.107082 -0.189885 0.279829
v 0.104680 -0.189885 0.279829
v 0.107082 -0.189885 0.279829
v 0.104680 -0.189885 0.279829
v 0.107082 -0.189885 0.241369
v 0.104680 -0.189885 0.241369
v 0.107082 -0.189885 0.241369
v 0.104680 -0.189885 0.241369
v 0.107082 -0.177875 0.220569
v 0.104680 -0.177875 0.220569
v 0.107082 -0.189885 0.241369
v 0.107082 -0.177875 0.220569
v 0.107082 -0.189885 0.279829
v 0.107082 -0.177875 0.300630
v 0.107082 -0.153857 0.300630
v 0.107082 -0.153857 0.220569
v 0.104680 -0.177875 0.220569
v 0.104680 -0.153857 0.220569
v 0.104680 -0.189885 0.241369
v 0.104680 -0.189885 0.279829
v 0.104680 -0.177875 0.300630
v 0.104680 -0.153857 0.300630
vn -0.0000 -0.0000 -1.0000
vn -0.0000 1.0000 -0.0000
vn -0.0000 -0.0000 1.0000
vn -0.0000 -0.8660 0.5000
vn -0.0000 -1.0000 -0.0000
vn -0.0000 -0.8660 -0.5000
vn 1.0000 -0.0000 -0.0000
vn -1.0000 -0.0000 -0.0000
s 1
usemtl material456
f 73//17 76//17 75//17
f 73//17 74//17 76//17
f 77//18 80//18 79//18
f 77//18 78//18 80//18
f 81//19 84//19 83//19
f 81//19 82//19 84//19
f 85//20 88//20 87//20
f 85//20 86//20 88//20
f 89//21 92//21 91//21
f 89//21 90//21 92//21
f 93//22 96//22 95//22
f 93//22 94//22 96//22
f 101//23 100//23 99//23
f 102//23 97//23 98//23
f 102//23 99//23 97//23
f 102//23 101//23 99//23
f 108//24 106//24 107//24
f 104//24 103//24 105//24
f 104//24 105//24 106//24
f 104//24 106//24 108//24
o empty_102
v 0.107082 0.142369 0.132501
v 0.104680 0.142369 0.132501
v 0.107082 0.166388 0.132501
v 0.104680 0.166388 0.132501
v 0.107082 0.166388 0.132501
v 0.104680 0.166388 0.132501
v 0.107082 0.166388 0.212562
v 0.104680 0.166388 0.212562
v 0.107082 0.166388 0.212562
v 0.104680 0.166388 0.212562
v 0.107082 0.142369 0.212562
v 0.104680 0.142369 0.212562
v 0.107082 0.142369 0.212562
v 0.104680 0.142369 0.212562
v 0.107082 0.130360 0.191762
v 0.104680 0.130360 0.191762
v 0.107082 0.130360 0.191762
v 0.104680 0.130360 0.191762
v 0.107082 0.130360 0.153302
v 0.104680 0.130360 0.153302
v 0.107082 0.130360 0.153302
v 0.104680 0.130360 0.153302
v 0.107082 0.142369 0.132501
v 0.104680 0.142369 0.132501
v 0.107082 0.130360 0.153302
v 0.107082 0.142369 0.132501
v 0.107082 0.130360 0.191762
v 0.107082 0.142369 0.212562
v 0.107082 0.166388 0.212562
v 0.107082 0.166388 0.132501
v 0.104680 0.142369 0.132501
v 0.104680 0.166388 0.132501
v 0.104680 0.130360 0.153302
v 0.104680 0.130360 0.191762
v 0.104680 0.142369 0.212562
v 0.104680 0.166388 0.212562
vn -0.0000 -0.0000 -1.0000
vn -0.0000 1.0000 -0.0000
vn -0.0000 -0.0000 1.0000
vn -0.0000 -0.8660 0.5000
vn -0.0000 -1.0000 -0.0000
vn -0.0000 -0.8660 -0.5000
vn 1.0000 -0.0000 -0.0000
vn -1.0000 -0.0000 -0.0000
s 1
usemtl material457
f 109//25 112//25 111//25
f 109//25 110//25 112//25
f 113//26 116//26 115//26
f 113//26 114//26 116//26
f 117//27 120//27 119//27
f 117//27 118//27 120//27
f 121//28 124//28 123//28
f 121//28 122//28 124//28
f 125//29 128//29 127//29
f 125//29 126//29 128//29
f 129//30 132//30 131//30
f 129//30 130//30 132//30
f 137//31 136//31 135//31
f 138//31 133//31 134//31
f 138//31 135//31 133//31
f 138//31 137//31 135//31
f 144//32 142//32 143//32
f 140//32 139//32 141//32
f 140//32 141//32 142//32
f 140//32 142//32 144//32
o empty_103
v 0.107082 0.102339 0.132501
v 0.104680 0.102339 0.132501
v 0.107082 0.126357 0.132501
v 0.104680 0.126357 0.132501
v 0.107082 0.126357 0.132501
v 0.104680 0.126357 0.132501
v 0.107082 0.126357 0.212562
v 0.104680 0.126357 0.212562
v 0.107082 0.126357 0.212562
v 0.104680 0.126357 0.212562
v 0.107082 0.102339 0.212562
v 0.104680 0.102339 0.212562
v 0.107082 0.102339 0.212562
v 0.104680 0.102339 0.212562
v 0.107082 0.090330 0.191762
v 0.104680 0.090330 0.191762
v 0.107082 0.090330 0.191762
v 0.104680 0.090330 0.191762
v 0.107082 0.090330 0.153302
v 0.104680 0.090330 0.153302
v 0.107082 0.090330 0.153302
v 0.104680 0.090330 0.153302
v 0.107082 0.102339 0.132501
v 0.104680 0.102339 0.132501
v 0.107082 0.090330 0.153302
v 0.107082 0.102339 0.132501
v 0.107082 0.090330 0.191762
v 0.107082 0.102339 0.212562
v 0.107082 0.126357 0.212562
v 0.107082 0.126357 0.132501
v 0.104680 0.102339 0.132501
v 0.104680 0.126357 0.132501
v 0.104680 0.090330 0.153302
v 0.104680 0.090330 0.191762
v 0.104680 0.102339 0.212562
v 0.104680 0.126357 0.212562
vn -0.0000 -0.0000 -1.0000
vn -0.0000 1.0000 -0.0000
vn -0.0000 -0.0000 1.0000
vn -0.0000 -0.8660 0.5000
vn -0.0000 -1.0000 -0.0000
vn -0.0000 -0.8660 -0.5000
vn 1.0000 -0.0000 -0.0000
vn -1.0000 -0.0000 -0.0000
s 1
usemtl material458
f 145//33 148//33 147//33
f 145//33 146//33 148//33
f 149//34 152//34 151//34
f 149//34 150//34 152//34
f 153//35 156//35 155//35
f 153//35 154//35 156//35
f 157//36 160//36 159//36
f 157//36 158//36 160//36
f 161//37 164//37 163//37
f 161//37 162//37 164//37
f 165//38 168//38 167//38
f 165//38 166//38 168//38
f 173//39 172//39 171//39
f 174//39 169//39 170//39
f 174//39 171//39 169//39
f 174//39 173//39 171//39
f 180//40 178//40 179//40
f 176//40 175//40 177//40
f 176//40 177//40 178//40
f 176//40 178//40 180//40
o empty_104
v 0.107082 0.062308 0.132501
v 0.104680 0.062308 0.132501
v 0.107082 0.086327 0.132501
v 0.104680 0.086327 0.132501
v 0.107082 0.086327 0.132501
v 0.104680 0.086327 0.132501
v 0.107082 0.086327 0.212562
v 0.104680 0.086327 0.212562
v 0.107082 0.086327 0.212562
v 0.104680 0.086327 0.212562
v 0.107082 0.062308 0.212562
v 0.104680 0.062308 0.212562
v 0.107082 0.062308 0.212562
v 0.104680 0.062308 0.212562
v 0.107082 0.050299 0.191762
v 0.104680 0.050299 0.191762
v 0.107082 0.050299 0.191762
v 0.104680 0.050299 0.191762
v 0.107082 0.050299 0.153302
v 0.104680 0.050299 0.153302
v 0.107082 0.050299 0.153302
v 0.104680 0.050299 0.153302
v 0.107082 0.062308 0.132501
v 0.104680 0.062308 0.132501
v 0.107082 0.050299 0.153302
v 0.107082 0.062308 0.132501
v 0.107082 0.050299 0.191762
v 0.107082 0.062308 0.212562
v 0.107082 0.086327 0.212562
v 0.107082 0.086327 0.132501
v 0.104680 0.062308 0.132501
v 0.104680 0.086327 0.132501
v 0.104680 0.050299 0.153302
v 0.104680 0.050299 0.191762
v 0.104680 0.062308 0.212562
v 0.104680 0.086327 0.212562
vn -0.0000 -0.0000 -1.0000
vn -0.0000 1.0000 -0.0000
vn -0.0000 -0.0000 1.0000
vn -0.0000 -0.8660 0.5000
vn -0.0000 -1.0000 -0.0000
vn -0.0000 -0.8660 -0.5000
vn 1.0000 -0.0000 -0.0000
vn -1.0000 -0.0000 -0.0000
s 1
usemtl material459
f 181//41 184//41 183//41
f 181//41 182//41 184//41
f 185//42 188//42 187//42
f 185//42 186//42 188//42
f 189//43 192//43 191//43
f 189//43 190//43 192//43
f 193//44 196//44 195//44
f 193//44 194//44 196//44
f 197//45 200//45 199//45
f 197//45 198//45 200//45
f 201//46 204//46 203//46
f 201//46 202//46 204//46
f 209//47 208//47 207//47
f 210//47 205//47 206//47
f 210//47 207//47 205//47
f 210//47 209//47 207//47
f 216//48 214//48 215//48
f 212//48 211//48 213//48
f 212//48 213//48 214//48
f 212//48 214//48 216//48
o empty_105
v 0.107082 0.022278 0.132501
v 0.104680 0.022278 0.132501
v 0.107082 0.046296 0.132501
v 0.104680 0.046296 0.132501
v 0.107082 0.046296 0.132501
v 0.104680 0.046296 0.132501
v 0.107082 0.046296 0.212562
v 0.104680 0.046296 0.212562
v 0.107082 0.046296 0.212562
v 0.104680 0.046296 0.212562
v 0.107082 0.022278 0.212562
v 0.104680 0.022278 0.212562
v 0.107082 0.022278 0.212562
v 0.104680 0.022278 0.212562
v 0.107082 0.010268 0.191762
v 0.104680 0.010268 0.191762
v 0.107082 0.010268 0.191762
v 0.104680 0.010268 0.191762
v 0.107082 0.010268 0.153302
v 0.104680 0.010268 0.153302
v 0.107082 0.010268 0.153302
v 0.104680 0.010268 0.153302
v 0.107082 0.022278 0.132501
v 0.104680 0.022278 0.132501
v 0.107082 0.010268 0.153302
v 0.107082 0.022278 0.132501
v 0.107082 0.010268 0.191762
v 0.107082 0.022278 0.212562
v 0.107082 0.046296 0.212562
v 0.107082 0.046296 0.132501
v 0.104680 0.022278 0.132501
v 0.104680 0.046296 0.132501
v 0.104680 0.010268 0.153302
v 0.104680 0.010268 0.191762
v 0.104680 0.022278 0.212562
v 0.104680 0.046296 0.212562
vn -0.0000 -0.0000 -1.0000
vn -0.0000 1.0000 -0.0000
vn -0.0000 -0.0000 1.0000
vn -0.0000 -0.8660 0.5000
vn -0.0000 -1.0000 -0.0000
vn -0.0000 -0.8660 -0.5000
vn 1.0000 -0.0000 -0.0000
vn -1.0000 -0.0000 -0.0000
s 1
usemtl material460
f 217//49 220//49 219//49
f 217//49 218//49 220//49
f 221//50 224//50 223//50
f 221//50 222//50 224//50
f 225//51 228//51 227//51
f 225//51 226//51 228//51
f 229//52 232//52 231//52
f 229//52 230//52 232//52
f 233//53 236//53 235//53
f 233//53 234//53 236//53
f 237//54 240//54 239//54
f 237//54 238//54 240//54
f 245//55 244//55 243//55
f 246//55 241//55 242//55
f 246//55 243//55 241//55
f 246//55 245//55 243//55
f 252//56 250//56 251//56
f 248//56 247//56 249//56
f 248//56 249//56 250//56
f 248//56 250//56 252//56
o empty_106
v 0.107082 -0.017753 0.132501
v 0.104680 -0.017753 0.132501
v 0.107082 0.006265 0.132501
v 0.104680 0.006265 0.132501
v 0.107082 0.006265 0.132501
v 0.104680 0.006265 0.132501
v 0.107082 0.006265 0.212562
v 0.104680 0.006265 0.212562
v 0.107082 0.006265 0.212562
v 0.104680 0.006265 0.212562
v 0.107082 -0.017753 0.212562
v 0.104680 -0.017753 0.212562
v 0.107082 -0.017753 0.212562
v 0.104680 -0.017753 0.212562
v 0.107082 -0.029762 0.191762
v 0.104680 -0.029762 0.191762
v 0.107082 -0.029762 0.191762
v 0.104680 -0.029762 0.191762
v 0.107082 -0.029762 0.153302
v 0.104680 -0.029762 0.153302
v 0.107082 -0.029762 0.153302
v 0.104680 -0.029762 0.153302
v 0.107082 -0.017753 0.132501
v 0.104680 -0.017753 0.132501
v 0.107082 -0.029762 0.153302
v 0.107082 -0.017753 0.132501
v 0.107082 -0.029762 0.191762
v 0.107082 -0.017753 0.212562
v 0.107082 0.006265 0.212562
v 0.107082 0.006265 0.132501
v 0.104680 -0.017753 0.132501
v 0.104680 0.006265 0.132501
v 0.104680 -0.029762 0.153302
v 0.104680 -0.029762 0.191762
v 0.104680 -0.017753 0.212562
v 0.104680 0.006265 0.212562
vn -0.0000 -0.0000 -1.0000
vn -0.0000 1.0000 -0.0000
vn -0.0000 -0.0000 1.0000
vn -0.0000 -0.8660 0.5000
vn -0.0000 -1.0000 -0.0000
vn -0.0000 -0.8660 -0.5000
vn 1.0000 -0.0000 -0.0000
vn -1.0000 -0.0000 -0.0000
s 1
usemtl material461
f 253//57 256//57 255//57
f 253//57 254//57 256//57
f 257//58 260//58 259//58
f 257//58 258//58 260//58
f 261//59 264//59 263//59
f 261//59 262//59 264//59
f 265//60 268//60 267//60
f 265//60 266//60 268//60
f 269//61 272//61 271//61
f 269//61 270//61 272//61
f 273//62 276//62 275//62
f 273//62 274//62 276//62
f 281//63 280//63 279//63
f 282//63 277//63 278//63
f 282//63 279//63 277//63
f 282//63 281//63 279//63
f 288//64 286//64 287//64
f 284//64 283//64 285//64
f 284//64 285//64 286//64
f 284//64 286//64 288//64
o empty_107
v 0.107082 -0.057784 0.132501
v 0.104680 -0.057784 0.132501
v 0.107082 -0.033765 0.132501
v 0.104680 -0.033765 0.132501
v 0.107082 -0.033765 0.132501
v 0.104680 -0.033765 0.132501
v 0.107082 -0.033765 0.212562
v 0.104680 -0.033765 0.212562
v 0.107082 -0.033765 0.212562
v 0.104680 -0.033765 0.212562
v 0.107082 -0.057784 0.212562
v 0.104680 -0.057784 0.212562
v 0.107082 -0.057784 0.212562
v 0.104680 -0.057784 0.212562
v 0.107082 -0.069793 0.191762
v 0.104680 -0.069793 0.191762
v 0.107082 -0.069793 0.191762
v 0.104680 -0.069793 0.191762
v 0.107082 -0.069793 0.153302
v 0.104680 -0.069793 0.153302
v 0.107082 -0.069793 0.153302
v 0.104680 -0.069793 0.153302
v 0.107082 -0.057784 0.132501
v 0.104680 -0.057784 0.132501
v 0.107082 -0.069793 0.153302
v 0.107082 -0.057784 0.132501
v 0.107082 -0.069793 0.191762
v 0.107082 -0.057784 0.212562
v 0.107082 -0.033765 0.212562
v 0.107082 -0.033765 0.132501
v 0.104680 -0.057784 0.132501
v 0.104680 -0.033765 0.132501
v 0.104680 -0.069793 0.153302
v 0.104680 -0.069793 0.191762
v 0.104680 -0.057784 0.212562
v 0.104680 -0.033765 0.212562
vn -0.0000 -0.0000 -1.0000
vn -0.0000 1.0000 -0.0000
vn -0.0000 -0.0000 1.0000
vn -0.0000 -0.8660 0.5000
vn -0.0000 -1.0000 -0.0000
vn -0.0000 -0.8660 -0.5000
vn 1.0000 -0.0000 -0.0000
vn -1.0000 -0.0000 -0.0000
s 1
usemtl material462
f 289//65 292//65 291//65
f 289//65 290//65 292//65
f 293//66 296//66 295//66
f 293//66 294//66 296//66
f 297//67 300//67 299//67
f 297//67 298//67 300//67
f 301//68 304//68 303//68
f 301//68 302//68 304//68
f 305//69 308//69 307//69
f 305//69 306//69 308//69
f 309//70 312//70 311//70
f 309//70 310//70 312//70
f 317//71 316//71 315//71
f 318//71 313//71 314//71
f 318//71 315//71 313//71
f 318//71 317//71 315//71
f 324//72 322//72 323//72
f 320//72 319//72 321//72
f 320//72 321//72 322//72
f 320//72 322//72 324//72
o empty_108
v 0.107082 -0.097814 0.132501
v 0.104680 -0.097814 0.132501
v 0.107082 -0.073796 0.132501
v 0.104680 -0.073796 0.132501
v 0.107082 -0.073796 0.132501
v 0.104680 -0.073796 0.132501
v 0.107082 -0.073796 0.212562
v 0.104680 -0.073796 0.212562
v 0.107082 -0.073796 0.212562
v 0.104680 -0.073796 0.212562
v 0.107082 -0.097814 0.212562
v 0.104680 -0.097814 0.212562
v 0.107082 -0.097814 0.212562
v 0.104680 -0.097814 0.212562
v 0.107082 -0.109823 0.191762
v 0.104680 -0.109823 0.191762
v 0.107082 -0.109823 0.191762
v 0.104680 -0.109823 0.191762
v 0.107082 -0.109823 0.153302
v 0.104680 -0.109823 0.153302
v 0.107082 -0.109823 0.153302
v 0.104680 -0.109823 0.153302
v 0.107082 -0.097814 0.132501
v 0.104680 -0.097814 0.132501
v 0.107082 -0.109823 0.153302
v 0.107082 -0.097814 0.132501
v 0.107082 -0.109823 0.191762
v 0.107082 -0.097814 0.212562
v 0.107082 -0.073796 0.212562
v 0.107082 -0.073796 0.132501
v 0.104680 -0.097814 0.132501
v 0.104680 -0.073796 0.132501
v 0.104680 -0.109823 0.153302
v 0.104680 -0.109823 0.191762
v 0.104680 -0.097814 0.212562
v 0.104680 -0.073796 0.212562
vn -0.0000 -0.0000 -1.0000
vn -0.0000 1.0000 -0.0000
vn -0.0000 -0.0000 1.0000
vn -0.0000 -0.8660 0.5000
vn -0.0000 -1.0000 -0.0000
vn -0.0000 -0.8660 -0.5000
vn 1.0000 -0.0000 -0.0000
vn -1.0000 -0.0000 -0.0000
s 1
usemtl material463
f 325//73 328//73 327//73
f 325//73 326//73 328//73
f 329//74 332//74 331//74
f 329//74 330//74 332//74
f 333//75 336//75 335//75
f 333//75 334//75 336//75
f 337//76 340//76 339//76
f 337//76 338//76 340//76
f 341//77 344//77 343//77
f 341//77 342//77 344//77
f 345//78 348//78 347//78
f 345//78 346//78 348//78
f 353//79 352//79 351//79
f 354//79 349//79 350//79
f 354//79 351//79 349//79
f 354//79 353//79 351//79
f 360//80 358//80 359//80
f 356//80 355//80 357//80
f 356//80 357//80 358//80
f 356//80 358//80 360//80
o empty_109
v 0.107082 -0.137845 0.132501
v 0.104680 -0.137845 0.132501
v 0.107082 -0.113826 0.132501
v 0.104680 -0.113826 0.132501
v 0.107082 -0.113826 0.132501
v 0.104680 -0.113826 0.132501
v 0.107082 -0.113826 0.212563
v 0.104680 -0.113826 0.212563
v 0.107082 -0.113826 0.212563
v 0.104680 -0.113826 0.212563
v 0.107082 -0.137845 0.212563
v 0.104680 -0.137845 0.212563
v 0.107082 -0.137845 0.212563
v 0.104680 -0.137845 0.212563
v 0.107082 -0.149854 0.191762
v 0.104680 -0.149854 0.191762
v 0.107082 -0.149854 0.191762
v 0.104680 -0.149854 0.191762
v 0.107082 -0.149854 0.153302
v 0.104680 -0.149854 0.153302
v 0.107082 -0.149854 0.153302
v 0.104680 -0.149854 0.153302
v 0.107082 -0.137845 0.132501
v 0.104680 -0.137845 0.132501
v 0.107082 -0.149854 0.153302
v 0.107082 -0.137845 0.132501
v 0.107082 -0.149854 0.191762
v 0.107082 -0.137845 0.212563
v 0.107082 -0.113826 0.212563
v 0.107082 -0.113826 0.132501
v 0.104680 -0.137845 0.132501
v 0.104680 -0.113826 0.132501
v 0.104680 -0.149854 0.153302
v 0.104680 -0.149854 0.191762
v 0.104680 -0.137845 0.212563
v 0.104680 -0.113826 0.212563
vn -0.0000 -0.0000 -1.0000
vn -0.0000 1.0000 -0.0000
vn -0.0000 -0.0000 1.0000
vn -0.0000 -0.8660 0.5000
vn -0.0000 -1.0000 -0.0000
vn -0.0000 -0.8660 -0.5000
vn 1.0000 -0.0000 -0.0000
vn -1.0000 -0.0000 -0.0000
s 1
usemtl material464
f 361//81 364//81 363//81
f 361//81 362//81 364//81
f 365//82 368//82 367//82
f 365//82 366//82 368//82
f 369//83 372//83 371//83
f 369//83 370//83 372//83
f 373//84 376//84 375//84
f 373//84 374//84 376//84
f 377//85 380//85 379//85
f 377//85 378//85 380//85
f 381//86 384//86 383//86
f 381//86 382//86 384//86
f 389//87 388//87 387//87
f 390//87 385//87 386//87
f 390//87 387//87 385//87
f 390//87 389//87 387//87
f 396//88 394//88 395//88
f 392//88 391//88 393//88
f 392//88 393//88 394//88
f 392//88 394//88 396//88
o empty_11
v 0.002802 0.030584 0.107682
v 0.002802 0.030584 0.105280
v 0.002802 0.006566 0.107682
v 0.002802 0.006566 0.105280
v 0.002802 0.006566 0.107682
v 0.002802 0.006566 0.105280
v 0.082863 0.006566 0.107682
v 0.082863 0.006566 0.105280
v 0.082863 0.006566 0.107682
v 0.082863 0.006566 0.105280
v 0.082863 0.030584 0.107682
v 0.082863 0.030584 0.105280
v 0.082863 0.030584 0.107682
v 0.082863 0.030584 0.105280
v 0.062063 0.042593 0.107682
v 0.062063 0.042593 0.105280
v 0.062063 0.042593 0.107682
v 0.062063 0.042593 0.105280
v 0.023603 0.042593 0.107682
v 0.023603 0.042593 0.105280
v 0.023603 0.042593 0.107682
v 0.023603 0.042593 0.105280
v 0.002802 0.030584 0.107682
v 0.002802 0.030584 0.105280
v 0.023603 0.042593 0.107682
v 0.002802 0.030584 0.107682
v 0.062063 0.042593 0.107682
v 0.082863 0.030584 0.107682
v 0.082863 0.006566 0.107682
v 0.002802 0.006566 0.107682
v 0.002802 0.030584 0.105280
v 0.002802 0.006566 0.105280
v 0.023603 0.042593 0.105280
v 0.062063 0.042593 0.105280
v 0.082863 0.030584 0.105280
v 0.082863 0.006566 0.105280
vn -1.0000 -0.0000 -0.0000
vn -0.0000 -1.0000 -0.0000
vn 1.0000 -0.0000 -0.0000
vn 0.5000 0.8660 -0.0000
vn -0.0000 1.0000 -0.0000
vn -0.5000 0.8660 -0.0000
vn -0.0000 -0.0000 1.0000
vn -0.0000 -0.0000 -1.0000
s 1
usemtl material366
f 397//89 400//89 399//89
f 397//89 398//89 400//89
f 401//90 404//90 403//90
f 401//90 402//90 404//90
f 405//91 408//91 407//91
f 405//91 406//91 408//91
f 409//92 412//92 411//92
f 409//92 410//92 412//92
f 413//93 416//93 415//93
f 413//93 414//93 416//93
f 417//94 420//94 419//94
f 417//94 418//94 420//94
f 425//95 424//95 423//95
f 426//95 421//95 422//95
f 426//95 423//95 421//95
f 426//95 425//95 423//95
f 432//96 430//96 431//96
f 428//96 427//96 429//96
f 428//96 429//96 430//96
f 428//96 430//96 432//96
o empty_110
v 0.107082 -0.177875 0.132501
v 0.104680 -0.177875 0.132501
v 0.107082 -0.153857 0.132501
v 0.104680 -0.153857 0.132501
v 0.107082 -0.153857 0.132501
v 0.104680 -0.153857 0.132501
v 0.107082 -0.153857 0.212563
v 0.104680 -0.153857 0.212563
v 0.107082 -0.153857 0.212563
v 0.104680 -0.153857 0.212563
v 0.107082 -0.177875 0.212563
v 0.104680 -0.177875 0.212563
v 0.107082 -0.177875 0.212563
v 0.104680 -0.177875 0.212563
v 0.107082 -0.189885 0.191762
v 0.104680 -0.189885 0.191762
v 0.107082 -0.189885 0.191762
v 0.104680 -0.189885 0.191762
v 0.107082 -0.189885 0.153302
v 0.104680 -0.189885 0.153302
v 0.107082 -0.189885 0.153302
v 0.104680 -0.189885 0.153302
v 0.107082 -0.177875 0.132501
v 0.104680 -0.177875 0.132501
v 0.107082 -0.189885 0.153302
v 0.107082 -0.177875 0.132501
v 0.107082 -0.189885 0.191762
v 0.107082 -0.177875 0.212563
v 0.107082 -0.153857 0.212563
v 0.107082 -0.153857 0.132501
v 0.104680 -0.177875 0.132501
v 0.104680 -0.153857 0.132501
v 0.104680 -0.189885 0.153302
v 0.104680 -0.189885 0.191762
v 0.104680 -0.177875 0.212563
v 0.104680 -0.153857 0.212563
vn -0.0000 -0.0000 -1.0000
vn -0.0000 1.0000 -0.0000
vn -0.0000 -0.0000 1.0000
vn -0.0000 -0.8660 0.5000
vn -0.0000 -1.0000 -0.0000
vn -0.0000 -0.8660 -0.5000
vn 1.0000 -0.0000 -0.0000
vn -1.0000 -0.0000 -0.0000
s 1
usemtl material465
f 433//97 436//97 435//97
f 433//97 434//97 436//97
f 437//98 440//98 439//98
f 437//98 438//98 440//98
f 441//99 444//99 443//99
f 441//99 442//99 444//99
f 445//100 448//100 447//100
f 445//100 446//100 448//100
f 449//101 452//101 451//101
f 449//101 450//101 452//101
f 453//102 456//102 455//102
f 453//102 454//102 456//102
f 461//103 460//103 459//103
f 462//103 457//103 458//103
f 462//103 459//103 457//103
f 462//103 461//103 459//103
f 468//104 466//104 467//104
f 464//104 463//104 465//104
f 464//104 465//104 466//104
f 464//104 466//104 468//104
o empty_111
v 0.100277 -0.036768 -0.114358
v 0.100212 -0.036768 -0.114351
v 0.100151 -0.036768 -0.114327
v 0.100097 -0.036768 -0.114290
v 0.100053 -0.036768 -0.114241
v 0.100023 -0.036768 -0.114183
v 0.100007 -0.036768 -0.114120
v 0.100007 -0.036768 -0.114055
v 0.100023 -0.036768 -0.113991
v 0.100053 -0.036768 -0.113933
v 0.100097 -0.036768 -0.113884
v 0.100151 -0.036768 -0.113847
v 0.100212 -0.036768 -0.113824
v 0.100277 -0.036768 -0.113816
v 0.100277 -0.032765 -0.111013
v 0.100277 -0.032765 -0.117161
v 0.099541 -0.032765 -0.117072
v 0.098848 -0.032765 -0.116809
v 0.098238 -0.032765 -0.116388
v 0.097747 -0.032765 -0.115834
v 0.097402 -0.032765 -0.115177
v 0.097225 -0.032765 -0.114458
v 0.097225 -0.032765 -0.113717
v 0.097402 -0.032765 -0.112997
v 0.097747 -0.032765 -0.112341
v 0.098238 -0.032765 -0.111786
v 0.098848 -0.032765 -0.111365
v 0.099541 -0.032765 -0.111102
v 0.099855 -0.035767 -0.114963
v 0.099517 -0.035767 -0.114693
v 0.099551 -0.034766 -0.115594
v 0.099329 -0.035767 -0.114304
v 0.098969 -0.034766 -0.115130
v 0.099329 -0.035767 -0.113871
v 0.099247 -0.033765 -0.116226
v 0.098646 -0.034766 -0.114459
v 0.099517 -0.035767 -0.113481
v 0.098421 -0.033765 -0.115567
v 0.098646 -0.034766 -0.113715
v 0.099855 -0.035767 -0.113212
v 0.097963 -0.033765 -0.114615
v 0.098969 -0.034766 -0.113044
v 0.097963 -0.033765 -0.113559
v 0.099551 -0.034766 -0.112580
v 0.098421 -0.033765 -0.112607
v 0.099247 -0.033765 -0.111949
v 0.100277 0.049699 -0.113816
v 0.100342 0.049699 -0.113824
v 0.100403 0.049699 -0.113847
v 0.100457 0.049699 -0.113884
v 0.100500 0.049699 -0.113933
v 0.100530 0.049699 -0.113991
v 0.100546 0.049699 -0.114055
v 0.100546 0.049699 -0.114120
v 0.100530 0.049699 -0.114183
v 0.100500 0.049699 -0.114241
v 0.100457 0.049699 -0.114290
v 0.100403 0.049699 -0.114327
v 0.100342 0.049699 -0.114351
v 0.100277 0.049699 -0.114358
v 0.100277 0.045695 -0.111013
v 0.101012 0.045695 -0.111102
v 0.101705 0.045695 -0.111365
v 0.102315 0.045695 -0.111786
v 0.102807 0.045695 -0.112341
v 0.103151 0.045695 -0.112997
v 0.103328 0.045695 -0.113717
v 0.103328 0.045695 -0.114458
v 0.103151 0.045695 -0.115177
v 0.102807 0.045695 -0.115834
v 0.102315 0.045695 -0.116388
v 0.101705 0.045695 -0.116809
v 0.101012 0.045695 -0.117072
v 0.100277 0.045695 -0.117161
v 0.100698 0.048698 -0.114963
v 0.101037 0.048698 -0.114693
v 0.101002 0.047697 -0.115594
v 0.101224 0.048698 -0.114304
v 0.101584 0.047697 -0.115130
v 0.101224 0.048698 -0.113871
v 0.101306 0.046696 -0.116226
v 0.101907 0.047697 -0.114459
v 0.101037 0.048698 -0.113481
v 0.102132 0.046696 -0.115567
v 0.101907 0.047697 -0.113715
v 0.100698 0.048698 -0.113212
v 0.102591 0.046696 -0.114615
v 0.101584 0.047697 -0.113044
v 0.102591 0.046696 -0.113559
v 0.101002 0.047697 -0.112580
v 0.102132 0.046696 -0.112607
v 0.101306 0.046696 -0.111949
v 0.100277 0.045695 -0.108083
v 0.101491 0.045695 -0.108207
v 0.102655 0.045695 -0.108574
v 0.103721 0.045695 -0.109169
v 0.100277 -0.032765 -0.108083
v 0.101491 -0.032765 -0.108207
v 0.102655 -0.032765 -0.108574
v 0.103721 -0.032765 -0.109169
v 0.100277 0.045695 -0.108083
v 0.100277 -0.032765 -0.108083
v 0.098275 0.045695 -0.119748
v 0.097020 0.045695 -0.119132
v 0.095941 0.045695 -0.118241
v 0.095097 0.045695 -0.117125
v 0.094535 0.045695 -0.115845
v 0.094284 0.045695 -0.114469
v 0.094359 0.045695 -0.113072
v 0.094754 0.045695 -0.111730
v 0.095449 0.045695 -0.110516
v 0.096406 0.045695 -0.109496
v 0.097574 0.045695 -0.108725
v 0.098887 0.045695 -0.108246
v 0.098275 -0.032765 -0.119748
v 0.097020 -0.032765 -0.119132
v 0.095941 -0.032765 -0.118241
v 0.095097 -0.032765 -0.117125
v 0.094535 -0.032765 -0.115845
v 0.094284 -0.032765 -0.114469
v 0.094359 -0.032765 -0.113072
v 0.094754 -0.032765 -0.111730
v 0.095449 -0.032765 -0.110516
v 0.096406 -0.032765 -0.109496
v 0.097574 -0.032765 -0.108725
v 0.098887 -0.032765 -0.108246
v 0.106281 0.045695 -0.110961
v 0.106281 0.045695 -0.118190
v 0.106281 0.066511 -0.118190
v 0.106281 0.066511 -0.126096
v 0.106281 -0.053580 -0.126096
v 0.106281 -0.053580 -0.118190
v 0.106281 -0.032765 -0.118190
v 0.106281 -0.032765 -0.110961
v 0.103721 0.045695 -0.109169
v 0.106281 0.045695 -0.110961
v 0.106281 -0.032765 -0.110961
v 0.103721 -0.032765 -0.109169
v 0.106281 0.045695 -0.110961
v 0.106281 0.045695 -0.118190
v 0.104180 0.045695 -0.119662
v 0.102823 0.045695 -0.120398
v 0.101335 0.045695 -0.120810
v 0.099793 0.045695 -0.120875
v 0.098275 0.045695 -0.120591
v 0.098275 0.045695 -0.119748
v 0.097020 0.045695 -0.119132
v 0.095941 0.045695 -0.118241
v 0.095097 0.045695 -0.117125
v 0.094535 0.045695 -0.115845
v 0.094284 0.045695 -0.114469
v 0.094359 0.045695 -0.113072
v 0.094754 0.045695 -0.111730
v 0.095449 0.045695 -0.110516
v 0.096406 0.045695 -0.109496
v 0.097574 0.045695 -0.108725
v 0.098887 0.045695 -0.108246
v 0.100277 0.045695 -0.108083
v 0.101491 0.045695 -0.108207
v 0.102655 0.045695 -0.108574
v 0.103721 0.045695 -0.109169
v 0.100277 0.045695 -0.117161
v 0.099541 0.045695 -0.117072
v 0.098848 0.045695 -0.116809
v 0.098238 0.045695 -0.116388
v 0.097747 0.045695 -0.115834
v 0.097402 0.045695 -0.115177
v 0.097225 0.045695 -0.114458
v 0.097225 0.045695 -0.113717
v 0.097402 0.045695 -0.112997
v 0.097747 0.045695 -0.112341
v 0.098238 0.045695 -0.111786
v 0.098848 0.045695 -0.111365
v 0.099541 0.045695 -0.111102
v 0.100277 0.045695 -0.111013
v 0.101012 0.045695 -0.111102
v 0.101705 0.045695 -0.111365
v 0.102315 0.045695 -0.111786
v 0.102807 0.045695 -0.112341
v 0.103151 0.045695 -0.112997
v 0.103328 0.045695 -0.113717
v 0.103328 0.045695 -0.114458
v 0.103151 0.045695 -0.115177
v 0.102807 0.045695 -0.115834
v 0.102315 0.045695 -0.116388
v 0.101705 0.045695 -0.116809
v 0.101012 0.045695 -0.117072
v 0.106281 0.066511 -0.126096
v 0.106281 -0.053580 -0.126096
v 0.100677 0.066511 -0.126096
v 0.100677 -0.053580 -0.126096
v 0.098275 0.066511 -0.120591
v 0.098275 0.045695 -0.120591
v 0.098275 0.045695 -0.119748
v 0.098275 -0.032765 -0.119748
v 0.098275 -0.032765 -0.120591
v 0.098275 -0.053580 -0.120591
v 0.098275 -0.053580 -0.122093
v 0.098275 -0.057584 -0.122093
v 0.098275 -0.057584 -0.134103
v 0.098275 0.070514 -0.134103
v 0.098275 0.070514 -0.122093
v 0.098275 0.066511 -0.122093
v 0.098275 0.066511 -0.120591
v 0.098275 0.045695 -0.120591
v 0.099793 0.066511 -0.120875
v 0.101335 0.066511 -0.120810
v 0.102823 0.066511 -0.120398
v 0.104180 0.066511 -0.119662
v 0.104180 0.045695 -0.119662
v 0.102823 0.045695 -0.120398
v 0.101335 0.045695 -0.120810
v 0.099793 0.045695 -0.120875
v 0.104180 0.066511 -0.119662
v 0.104180 0.045695 -0.119662
v 0.106281 0.066511 -0.118190
v 0.106281 0.045695 -0.118190
v 0.106281 0.066511 -0.118190
v 0.106281 0.066511 -0.126096
v 0.104180 0.066511 -0.119662
v 0.098275 0.066511 -0.120591
v 0.099793 0.066511 -0.120875
v 0.101335 0.066511 -0.120810
v 0.102823 0.066511 -0.120398
v 0.098275 0.066511 -0.122093
v 0.100677 0.066511 -0.122093
v 0.100677 0.066511 -0.126096
v 0.100277 0.049699 -0.113816
v 0.100277 0.045695 -0.111013
v 0.100277 0.049699 -0.114358
v 0.100212 0.049699 -0.114351
v 0.100151 0.049699 -0.114327
v 0.100097 0.049699 -0.114290
v 0.100053 0.049699 -0.114241
v 0.100023 0.049699 -0.114183
v 0.100007 0.049699 -0.114120
v 0.100007 0.049699 -0.114055
v 0.100023 0.049699 -0.113991
v 0.100053 0.049699 -0.113933
v 0.100097 0.049699 -0.113884
v 0.100151 0.049699 -0.113847
v 0.100212 0.049699 -0.113824
v 0.100277 0.045695 -0.117161
v 0.099541 0.045695 -0.117072
v 0.098848 0.045695 -0.116809
v 0.098238 0.045695 -0.116388
v 0.097747 0.045695 -0.115834
v 0.097402 0.045695 -0.115177
v 0.097225 0.045695 -0.114458
v 0.097225 0.045695 -0.113717
v 0.097402 0.045695 -0.112997
v 0.097747 0.045695 -0.112341
v 0.098238 0.045695 -0.111786
v 0.098848 0.045695 -0.111365
v 0.099541 0.045695 -0.111102
v 0.099855 0.048698 -0.113212
v 0.099517 0.048698 -0.113481
v 0.099551 0.047697 -0.112580
v 0.099329 0.048698 -0.113871
v 0.098969 0.047697 -0.113044
v 0.099329 0.048698 -0.114304
v 0.099247 0.046696 -0.111949
v 0.098646 0.047697 -0.113715
v 0.099517 0.048698 -0.114693
v 0.098421 0.046696 -0.112607
v 0.098646 0.047697 -0.114459
v 0.099855 0.048698 -0.114963
v 0.097963 0.046696 -0.113559
v 0.098969 0.047697 -0.115130
v 0.097963 0.046696 -0.114615
v 0.099551 0.047697 -0.115594
v 0.098421 0.046696 -0.115567
v 0.099247 0.046696 -0.116226
v 0.100277 0.049699 -0.114358
v 0.100212 0.049699 -0.114351
v 0.100151 0.049699 -0.114327
v 0.100097 0.049699 -0.114290
v 0.100053 0.049699 -0.114241
v 0.100023 0.049699 -0.114183
v 0.100007 0.049699 -0.114120
v 0.100007 0.049699 -0.114055
v 0.100023 0.049699 -0.113991
v 0.100053 0.049699 -0.113933
v 0.100097 0.049699 -0.113884
v 0.100151 0.049699 -0.113847
v 0.100212 0.049699 -0.113824
v 0.100277 0.049699 -0.113816
v 0.100342 0.049699 -0.113824
v 0.100403 0.049699 -0.113847
v 0.100457 0.049699 -0.113884
v 0.100500 0.049699 -0.113933
v 0.100530 0.049699 -0.113991
v 0.100546 0.049699 -0.114055
v 0.100546 0.049699 -0.114120
v 0.100530 0.049699 -0.114183
v 0.100500 0.049699 -0.114241
v 0.100457 0.049699 -0.114290
v 0.100403 0.049699 -0.114327
v 0.100342 0.049699 -0.114351
v 0.106281 -0.032765 -0.110961
v 0.106281 -0.032765 -0.118190
v 0.103721 -0.032765 -0.109169
v 0.100277 -0.032765 -0.108083
v 0.101491 -0.032765 -0.108207
v 0.102655 -0.032765 -0.108574
v 0.098275 -0.032765 -0.119748
v 0.097020 -0.032765 -0.119132
v 0.095941 -0.032765 -0.118241
v 0.095097 -0.032765 -0.117125
v 0.094535 -0.032765 -0.115845
v 0.094284 -0.032765 -0.114469
v 0.094359 -0.032765 -0.113072
v 0.094754 -0.032765 -0.111730
v 0.095449 -0.032765 -0.110516
v 0.096406 -0.032765 -0.109496
v 0.097574 -0.032765 -0.108725
v 0.098887 -0.032765 -0.108246
v 0.098275 -0.032765 -0.120591
v 0.104180 -0.032765 -0.119662
v 0.102823 -0.032765 -0.120398
v 0.101335 -0.032765 -0.120810
v 0.099793 -0.032765 -0.120875
v 0.100277 -0.032765 -0.117161
v 0.099541 -0.032765 -0.117072
v 0.098848 -0.032765 -0.116809
v 0.098238 -0.032765 -0.116388
v 0.097747 -0.032765 -0.115834
v 0.097402 -0.032765 -0.115177
v 0.097225 -0.032765 -0.114458
v 0.097225 -0.032765 -0.113717
v 0.097402 -0.032765 -0.112997
v 0.097747 -0.032765 -0.112341
v 0.098238 -0.032765 -0.111786
v 0.098848 -0.032765 -0.111365
v 0.099541 -0.032765 -0.111102
v 0.100277 -0.032765 -0.111013
v 0.101012 -0.032765 -0.111102
v 0.101705 -0.032765 -0.111365
v 0.102315 -0.032765 -0.111786
v 0.102807 -0.032765 -0.112341
v 0.103151 -0.032765 -0.112997
v 0.103328 -0.032765 -0.113717
v 0.103328 -0.032765 -0.114458
v 0.103151 -0.032765 -0.115177
v 0.102807 -0.032765 -0.115834
v 0.102315 -0.032765 -0.116388
v 0.101705 -0.032765 -0.116809
v 0.101012 -0.032765 -0.117072
v 0.104180 -0.053580 -0.119662
v 0.104180 -0.032765 -0.119662
v 0.098275 -0.053580 -0.120591
v 0.099793 -0.053580 -0.120875
v 0.101335 -0.053580 -0.120810
v 0.102823 -0.053580 -0.120398
v 0.098275 -0.032765 -0.120591
v 0.102823 -0.032765 -0.120398
v 0.101335 -0.032765 -0.120810
v 0.099793 -0.032765 -0.120875
v 0.106281 -0.053580 -0.118190
v 0.106281 -0.032765 -0.118190
v 0.104180 -0.053580 -0.119662
v 0.104180 -0.032765 -0.119662
v 0.098275 -0.053580 -0.122093
v 0.098275 -0.053580 -0.120591
v 0.099793 -0.053580 -0.120875
v 0.101335 -0.053580 -0.120810
v 0.102823 -0.053580 -0.120398
v 0.104180 -0.053580 -0.119662
v 0.106281 -0.053580 -0.118190
v 0.106281 -0.053580 -0.126096
v 0.100677 -0.053580 -0.126096
v 0.100677 -0.053580 -0.122093
v 0.100277 -0.036768 -0.113816
v 0.100277 -0.032765 -0.111013
v 0.100342 -0.036768 -0.113824
v 0.100403 -0.036768 -0.113847
v 0.100457 -0.036768 -0.113884
v 0.100500 -0.036768 -0.113933
v 0.100530 -0.036768 -0.113991
v 0.100546 -0.036768 -0.114055
v 0.100546 -0.036768 -0.114120
v 0.100530 -0.036768 -0.114183
v 0.100500 -0.036768 -0.114241
v 0.100457 -0.036768 -0.114290
v 0.100403 -0.036768 -0.114327
v 0.100342 -0.036768 -0.114351
v 0.100277 -0.036768 -0.114358
v 0.100277 -0.032765 -0.117161
v 0.101012 -0.032765 -0.111102
v 0.101705 -0.032765 -0.111365
v 0.102315 -0.032765 -0.111786
v 0.102807 -0.032765 -0.112341
v 0.103151 -0.032765 -0.112997
v 0.103328 -0.032765 -0.113717
v 0.103328 -0.032765 -0.114458
v 0.103151 -0.032765 -0.115177
v 0.102807 -0.032765 -0.115834
v 0.102315 -0.032765 -0.116388
v 0.101705 -0.032765 -0.116809
v 0.101012 -0.032765 -0.117072
v 0.100698 -0.035767 -0.113212
v 0.101037 -0.035767 -0.113481
v 0.101002 -0.034766 -0.112580
v 0.101224 -0.035767 -0.113871
v 0.101584 -0.034766 -0.113044
v 0.101224 -0.035767 -0.114304
v 0.101306 -0.033765 -0.111949
v 0.101907 -0.034766 -0.113715
v 0.101037 -0.035767 -0.114693
v 0.102132 -0.033765 -0.112607
v 0.101907 -0.034766 -0.114459
v 0.100698 -0.035767 -0.114963
v 0.102591 -0.033765 -0.113559
v 0.101584 -0.034766 -0.115130
v 0.102591 -0.033765 -0.114615
v 0.101002 -0.034766 -0.115594
v 0.102132 -0.033765 -0.115567
v 0.101306 -0.033765 -0.116226
v 0.100277 -0.036768 -0.114358
v 0.100212 -0.036768 -0.114351
v 0.100151 -0.036768 -0.114327
v 0.100097 -0.036768 -0.114290
v 0.100053 -0.036768 -0.114241
v 0.100023 -0.036768 -0.114183
v 0.100007 -0.036768 -0.114120
v 0.100007 -0.036768 -0.114055
v 0.100023 -0.036768 -0.113991
v 0.100053 -0.036768 -0.113933
v 0.100097 -0.036768 -0.113884
v 0.100151 -0.036768 -0.113847
v 0.100212 -0.036768 -0.113824
v 0.100277 -0.036768 -0.113816
v 0.100342 -0.036768 -0.113824
v 0.100403 -0.036768 -0.113847
v 0.100457 -0.036768 -0.113884
v 0.100500 -0.036768 -0.113933
v 0.100530 -0.036768 -0.113991
v 0.100546 -0.036768 -0.114055
v 0.100546 -0.036768 -0.114120
v 0.100530 -0.036768 -0.114183
v 0.100500 -0.036768 -0.114241
v 0.100457 -0.036768 -0.114290
v 0.100403 -0.036768 -0.114327
v 0.100342 -0.036768 -0.114351
v 0.100677 0.066511 -0.126096
v 0.100677 0.066511 -0.122093
v 0.100677 -0.053580 -0.126096
v 0.100677 -0.053580 -0.122093
v 0.100677 -0.057584 -0.122093
v 0.100677 -0.057584 -0.134103
v 0.100677 0.070514 -0.134103
v 0.100677 0.070514 -0.122093
v 0.100677 0.066511 -0.122093
v 0.098275 0.066511 -0.122093
v 0.100677 0.070514 -0.122093
v 0.098275 0.070514 -0.122093
v 0.098275 -0.053580 -0.122093
v 0.100677 -0.053580 -0.122093
v 0.098275 -0.057584 -0.122093
v 0.100677 -0.057584 -0.122093
v 0.098275 -0.057584 -0.122093
v 0.098275 -0.057584 -0.134103
v 0.100677 -0.057584 -0.134103
v 0.100677 -0.057584 -0.122093
v 0.100677 0.070514 -0.122093
v 0.100677 0.070514 -0.134103
v 0.098275 0.070514 -0.134103
v 0.098275 0.070514 -0.122093
v 0.100677 0.070514 -0.134103
v 0.100677 -0.057584 -0.134103
v 0.098275 0.070514 -0.134103
v 0.098275 -0.057584 -0.134103
vn -0.4750 -0.5672 -0.6728
vn -0.1821 -0.5635 -0.8058
vn -0.1980 -0.5620 -0.8031
vn -0.3808 -0.5733 -0.7255
vn -0.5228 -0.5635 -0.6397
vn -0.6751 -0.5715 -0.4665
vn -0.6749 -0.5723 -0.4658
vn -0.7512 -0.5636 -0.3435
vn -0.3088 -0.5728 -0.7593
vn -0.1701 -0.5739 -0.8010
vn -0.8102 -0.5717 -0.1292
vn -0.8256 -0.5638 -0.0230
vn -0.6565 -0.5734 -0.4902
vn -0.7874 -0.5719 0.2300
vn -0.8152 -0.5707 0.0990
vn -0.7512 -0.5636 0.3435
vn -0.3470 -0.5914 -0.7279
vn -0.1913 -0.6005 -0.7764
vn -0.3804 -0.5744 -0.7248
vn -0.5242 -0.5858 -0.6181
vn -0.8041 -0.5734 -0.1568
vn -0.6088 -0.5717 0.5500
vn -0.6749 -0.5723 0.4658
vn -0.5228 -0.5635 0.6397
vn -0.6278 -0.5870 -0.5112
vn -0.6724 -0.5767 -0.4641
vn -0.7467 -0.5861 -0.3144
vn -0.7925 -0.5734 0.2077
vn -0.4490 -0.5687 0.6892
vn -0.3808 -0.5733 0.7255
vn -0.1980 -0.5620 0.8031
vn -0.1821 -0.5635 0.8058
vn -0.7851 -0.5841 -0.2058
vn -0.8078 -0.5866 -0.0570
vn -0.6240 -0.5734 0.5310
vn -0.7980 -0.5860 0.1404
vn -0.8083 -0.5805 0.0982
vn -0.7467 -0.5861 0.3144
vn -0.2875 -0.5720 0.7682
vn -0.1702 -0.5739 0.8010
vn -0.6539 -0.5867 0.4777
vn -0.6724 -0.5767 0.4641
vn -0.5242 -0.5858 0.6181
vn -0.3670 -0.5893 0.7198
vn -0.3804 -0.5744 0.7248
vn -0.1913 -0.6005 0.7764
vn 0.4750 0.5672 -0.6728
vn 0.3808 0.5733 -0.7255
vn 0.5228 0.5635 -0.6397
vn 0.1979 0.5620 -0.8031
vn 0.1821 0.5635 -0.8058
vn 0.6751 0.5715 -0.4665
vn 0.6749 0.5723 -0.4658
vn 0.7512 0.5636 -0.3435
vn 0.3088 0.5728 -0.7593
vn 0.1702 0.5739 -0.8010
vn 0.8102 0.5717 -0.1292
vn 0.8256 0.5638 -0.0230
vn 0.6565 0.5734 -0.4902
vn 0.7874 0.5719 0.2300
vn 0.8152 0.5706 0.0990
vn 0.7512 0.5636 0.3435
vn 0.3470 0.5914 -0.7279
vn 0.5242 0.5858 -0.6181
vn 0.3804 0.5744 -0.7248
vn 0.1913 0.6005 -0.7764
vn 0.8041 0.5734 -0.1568
vn 0.6088 0.5717 0.5501
vn 0.6749 0.5723 0.4658
vn 0.5228 0.5635 0.6397
vn 0.6278 0.5870 -0.5112
vn 0.7467 0.5861 -0.3144
vn 0.6724 0.5767 -0.4641
vn 0.7925 0.5734 0.2076
vn 0.4490 0.5687 0.6892
vn 0.1979 0.5620 0.8031
vn 0.1821 0.5635 0.8058
vn 0.3808 0.5733 0.7255
vn 0.7851 0.5841 -0.2058
vn 0.8078 0.5866 -0.0570
vn 0.6240 0.5734 0.5310
vn 0.7980 0.5860 0.1403
vn 0.7467 0.5861 0.3144
vn 0.8083 0.5805 0.0982
vn 0.2875 0.5720 0.7682
vn 0.1702 0.5739 0.8010
vn 0.6539 0.5867 0.4777
vn 0.5242 0.5858 0.6181
vn 0.6724 0.5767 0.4641
vn 0.3670 0.5893 0.7198
vn 0.1913 0.6005 0.7764
vn 0.3804 0.5744 0.7248
vn 0.4271 -0.0000 0.9042
vn 0.4874 -0.0000 0.8732
vn 0.3646 -0.0000 0.9312
vn 0.2354 -0.0000 0.9719
vn 0.1688 -0.0000 0.9857
vn 0.1016 -0.0000 0.9948
vn -0.1932 -0.0000 0.9812
vn -0.1165 -0.0000 0.9932
vn -0.2692 -0.0000 0.9631
vn -0.4149 -0.0000 0.9098
vn -0.4847 -0.0000 0.8747
vn -0.6142 -0.0000 0.7891
vn -0.6739 -0.0000 0.7388
vn -0.7801 -0.0000 0.6256
vn -0.8266 -0.0000 0.5629
vn -0.9037 -0.0000 0.4281
vn -0.9344 -0.0000 0.3563
vn -0.9782 -0.0000 0.2074
vn -0.9914 -0.0000 0.1305
vn -0.9997 -0.0000 -0.0245
vn -0.9947 -0.0000 -0.1024
vn -0.9669 -0.0000 -0.2551
vn -0.9441 -0.0000 -0.3298
vn -0.8816 -0.0000 -0.4719
vn -0.8421 -0.0000 -0.5393
vn -0.7485 -0.0000 -0.6631
vn -0.6945 -0.0000 -0.7195
vn -0.5748 -0.0000 -0.8183
vn -0.5092 -0.0000 -0.8606
vn -0.4409 -0.0000 -0.8976
vn 1.0000 -0.0000 -0.0000
vn 0.5736 -0.0000 0.8192
vn -0.0000 1.0000 -0.0000
vn -0.0000 -0.0000 -1.0000
vn -1.0000 -0.0000 -0.0000
vn 0.1090 -0.0000 0.9940
vn 0.1838 -0.0000 0.9830
vn 0.0332 -0.0000 0.9995
vn -0.1179 -0.0000 0.9930
vn -0.1930 -0.0000 0.9812
vn -0.3387 -0.0000 0.9409
vn -0.4092 -0.0000 0.9125
vn -0.4770 -0.0000 0.8789
vn -0.5736 -0.0000 0.8192
vn -0.4750 0.5672 0.6728
vn -0.3808 0.5733 0.7255
vn -0.5228 0.5635 0.6397
vn -0.1979 0.5620 0.8031
vn -0.1821 0.5635 0.8058
vn -0.6751 0.5715 0.4665
vn -0.6749 0.5723 0.4658
vn -0.7512 0.5636 0.3435
vn -0.3089 0.5728 0.7593
vn -0.1702 0.5739 0.8010
vn -0.8102 0.5717 0.1292
vn -0.8256 0.5638 0.0230
vn -0.6565 0.5734 0.4902
vn -0.7874 0.5719 -0.2300
vn -0.8152 0.5707 -0.0990
vn -0.7512 0.5636 -0.3435
vn -0.3470 0.5914 0.7279
vn -0.5242 0.5858 0.6181
vn -0.3804 0.5744 0.7248
vn -0.1914 0.6005 0.7764
vn -0.8041 0.5734 0.1568
vn -0.6088 0.5717 -0.5500
vn -0.6749 0.5723 -0.4658
vn -0.5228 0.5635 -0.6397
vn -0.6278 0.5870 0.5112
vn -0.7467 0.5861 0.3144
vn -0.6724 0.5767 0.4641
vn -0.7925 0.5734 -0.2076
vn -0.4490 0.5687 -0.6892
vn -0.1980 0.5620 -0.8031
vn -0.1821 0.5635 -0.8058
vn -0.3808 0.5733 -0.7255
vn -0.7851 0.5841 0.2058
vn -0.8078 0.5866 0.0570
vn -0.6240 0.5734 -0.5310
vn -0.7980 0.5860 -0.1404
vn -0.7467 0.5861 -0.3144
vn -0.8083 0.5805 -0.0982
vn -0.2875 0.5720 -0.7682
vn -0.1702 0.5739 -0.8010
vn -0.6539 0.5867 -0.4777
vn -0.5242 0.5858 -0.6181
vn -0.6724 0.5767 -0.4641
vn -0.3670 0.5893 -0.7198
vn -0.1913 0.6005 -0.7764
vn -0.3804 0.5744 -0.7248
vn -0.0000 1.0000 -0.0001
vn -0.0000 1.0000 0.0001
vn -0.0000 1.0000 -0.0002
vn -0.0000 1.0000 -0.0003
vn -0.0000 -1.0000 -0.0000
vn 0.4750 -0.5672 0.6728
vn 0.1821 -0.5635 0.8058
vn 0.1979 -0.5620 0.8031
vn 0.3808 -0.5733 0.7255
vn 0.5228 -0.5635 0.6397
vn 0.6751 -0.5715 0.4665
vn 0.6749 -0.5723 0.4658
vn 0.7512 -0.5636 0.3435
vn 0.3089 -0.5728 0.7593
vn 0.1702 -0.5739 0.8010
vn 0.8102 -0.5717 0.1292
vn 0.8256 -0.5638 0.0230
vn 0.6565 -0.5734 0.4902
vn 0.7874 -0.5719 -0.2300
vn 0.8152 -0.5706 -0.0990
vn 0.7512 -0.5636 -0.3435
vn 0.3470 -0.5914 0.7279
vn 0.1913 -0.6005 0.7764
vn 0.3804 -0.5744 0.7248
vn 0.5242 -0.5858 0.6181
vn 0.8041 -0.5734 0.1568
vn 0.6088 -0.5717 -0.5500
vn 0.6749 -0.5723 -0.4658
vn 0.5228 -0.5635 -0.6397
vn 0.6278 -0.5870 0.5112
vn 0.6724 -0.5767 0.4641
vn 0.7467 -0.5861 0.3144
vn 0.7925 -0.5734 -0.2077
vn 0.4490 -0.5687 -0.6892
vn 0.3808 -0.5733 -0.7255
vn 0.1979 -0.5620 -0.8031
vn 0.1821 -0.5635 -0.8058
vn 0.7851 -0.5841 0.2058
vn 0.8078 -0.5866 0.0570
vn 0.6240 -0.5734 -0.5310
vn 0.7980 -0.5860 -0.1404
vn 0.8083 -0.5805 -0.0982
vn 0.7467 -0.5861 -0.3144
vn 0.2875 -0.5720 -0.7682
vn 0.1702 -0.5739 -0.8010
vn 0.6539 -0.5867 -0.4777
vn 0.6724 -0.5767 -0.4641
vn 0.5242 -0.5858 -0.6181
vn 0.3670 -0.5893 -0.7198
vn 0.3804 -0.5744 -0.7248
vn 0.1913 -0.6005 -0.7764
vn -0.0000 -1.0000 0.0001
vn -0.0000 -1.0000 -0.0001
vn -0.0000 -1.0000 -0.0002
vn -0.0000 -0.0000 1.0000
s 1
usemtl material466
f 497//105 469//106 470//107
f 497//105 470//107 471//108
f 497//105 471//108 472//109
f 498//110 472//109 473//111
f 498//110 473//111 474//112
f 498//110 497//105 472//109
f 499//113 484//114 469//106
f 499//113 469//106 497//105
f 500//115 474//112 475//116
f 500//115 498//110 474//112
f 501//117 497//105 498//110
f 501//117 499//113 497//105
f 502//118 475//116 476//119
f 502//118 476//119 477//120
f 502//118 500//115 475//116
f 503//121 485//122 484//114
f 503//121 486//123 485//122
f 503//121 487//124 486//123
f 503//121 484//114 499//113
f 504//125 501//117 498//110
f 504//125 498//110 500//115
f 505//126 477//120 478//127
f 505//126 478//127 479//128
f 505//126 502//118 477//120
f 506//129 488//130 487//124
f 506//129 489//131 488//130
f 506//129 503//121 499//113
f 506//129 499//113 501//117
f 506//129 487//124 503//121
f 507//132 500//115 502//118
f 507//132 504//125 500//115
f 508//133 479//128 480//134
f 508//133 480//134 481//135
f 508//133 481//135 482//136
f 508//133 505//126 479//128
f 509//137 490//138 489//131
f 509//137 489//131 506//129
f 509//137 501//117 504//125
f 509//137 506//129 501//117
f 510//139 507//132 502//118
f 510//139 502//118 505//126
f 511//140 491//141 490//138
f 511//140 492//142 491//141
f 511//140 490//138 509//137
f 511//140 504//125 507//132
f 511//140 509//137 504//125
f 512//143 482//136 483//144
f 512//143 508//133 482//136
f 512//143 505//126 508//133
f 512//143 510//139 505//126
f 513//145 493//146 492//142
f 513//145 494//147 493//146
f 513//145 507//132 510//139
f 513//145 511//140 507//132
f 513//145 492//142 511//140
f 514//148 510//139 512//143
f 514//148 495//149 494//147
f 514//148 496//150 495//149
f 514//148 483//144 496//150
f 514//148 512//143 483//144
f 514//148 494//147 513//145
f 514//148 513//145 510//139
f 543//151 526//152 525//153
f 543//151 527//154 526//152
f 543//151 528//155 527//154
f 544//156 524//157 523//158
f 544//156 525//153 524//157
f 544//156 543//151 525//153
f 545//159 542//160 528//155
f 545//159 528//155 543//151
f 546//161 523//158 522//162
f 546//161 544//156 523//158
f 547//163 543//151 544//156
f 547//163 545//159 543//151
f 548//164 521//165 520//166
f 548//164 522//162 521//165
f 548//164 546//161 522//162
f 549//167 539//168 540//169
f 549//167 540//169 541//170
f 549//167 541//170 542//160
f 549//167 542//160 545//159
f 550//171 547//163 544//156
f 550//171 544//156 546//161
f 551//172 519//173 518//174
f 551//172 520//166 519//173
f 551//172 548//164 520//166
f 552//175 537//176 538//177
f 552//175 538//177 539//168
f 552//175 549//167 545//159
f 552//175 539//168 549//167
f 552//175 545//159 547//163
f 553//178 550//171 546//161
f 553//178 546//161 548//164
f 554//179 516//180 515//181
f 554//179 517//182 516//180
f 554//179 518//174 517//182
f 554//179 551//172 518//174
f 555//183 536//184 537//176
f 555//183 537//176 552//175
f 555//183 552//175 547//163
f 555//183 547//163 550//171
f 556//185 548//164 551//172
f 556//185 553//178 548//164
f 557//186 534//187 535//188
f 557//186 535//188 536//184
f 557//186 550//171 553//178
f 557//186 536//184 555//183
f 557//186 555//183 550//171
f 558//189 515//181 529//190
f 558//189 554//179 515//181
f 558//189 556//185 551//172
f 558//189 551//172 554//179
f 559//191 532//192 533//193
f 559//191 533//193 534//187
f 559//191 534//187 557//186
f 559//191 553//178 556//185
f 559//191 557//186 553//178
f 560//194 559//191 556//185
f 560//194 529//190 530//195
f 560//194 530//195 531//196
f 560//194 531//196 532//192
f 560//194 558//189 529//190
f 560//194 532//192 559//191
f 560//194 556//185 558//189
f 567//197 564//198 563//199
f 567//197 568//198 564//198
f 566//200 563//199 562//201
f 566//200 567//197 563//199
f 565//202 562//201 561//202
f 565//202 566//200 562//201
f 594//203 570//204 569//204
f 594//203 569//204 582//205
f 593//206 582//205 581//207
f 593//206 594//203 582//205
f 592//208 581//207 580//209
f 592//208 593//206 581//207
f 591//210 580//209 579//211
f 591//210 592//208 580//209
f 590//212 579//211 578//213
f 590//212 591//210 579//211
f 589//214 578//213 577//215
f 589//214 590//212 578//213
f 588//216 577//215 576//217
f 588//216 589//214 577//215
f 587//218 576//217 575//219
f 587//218 588//216 576//217
f 586//220 575//219 574//221
f 586//220 587//218 575//219
f 585//222 574//221 573//223
f 585//222 586//220 574//221
f 584//224 573//223 572//225
f 584//224 585//222 573//223
f 583//226 572//225 571//226
f 583//226 584//224 572//225
f 601//227 600//227 599//227
f 595//227 602//227 601//227
f 595//227 601//227 596//227
f 597//227 596//227 598//227
f 598//227 601//227 599//227
f 598//227 596//227 601//227
f 603//228 605//228 604//228
f 603//228 606//228 605//228
f 647//229 629//229 607//229
f 647//229 646//229 629//229
f 645//229 628//229 629//229
f 645//229 629//229 646//229
f 648//229 647//229 607//229
f 644//229 627//229 628//229
f 644//229 628//229 645//229
f 649//229 648//229 607//229
f 643//229 625//229 626//229
f 643//229 626//229 627//229
f 643//229 627//229 644//229
f 650//229 649//229 607//229
f 642//229 624//229 625//229
f 642//229 625//229 643//229
f 608//229 650//229 607//229
f 651//229 650//229 608//229
f 641//229 624//229 642//229
f 652//229 651//229 608//229
f 623//229 624//229 641//229
f 640//229 623//229 641//229
f 622//229 640//229 639//229
f 622//229 623//229 640//229
f 609//229 653//229 652//229
f 609//229 654//229 653//229
f 609//229 652//229 608//229
f 621//229 622//229 639//229
f 621//229 639//229 638//229
f 610//229 655//229 654//229
f 610//229 654//229 609//229
f 620//229 621//229 638//229
f 620//229 638//229 637//229
f 611//229 655//229 610//229
f 611//229 630//229 655//229
f 619//229 637//229 636//229
f 619//229 620//229 637//229
f 612//229 630//229 611//229
f 618//229 636//229 635//229
f 618//229 619//229 636//229
f 614//229 631//229 630//229
f 614//229 632//229 631//229
f 614//229 630//229 612//229
f 617//229 635//229 634//229
f 617//229 618//229 635//229
f 615//229 633//229 632//229
f 615//229 632//229 614//229
f 616//229 617//229 634//229
f 616//229 634//229 633//229
f 616//229 633//229 615//229
f 613//229 614//229 612//229
f 658//230 656//230 657//230
f 658//230 657//230 659//230
f 668//231 667//231 666//231
f 664//231 666//231 665//231
f 664//231 668//231 666//231
f 661//231 663//231 662//231
f 661//231 664//231 663//231
f 671//231 661//231 660//231
f 669//231 671//231 670//231
f 669//231 661//231 671//231
f 668//231 661//231 669//231
f 668//231 664//231 661//231
f 681//232 672//233 673//233
f 681//232 674//234 672//233
f 680//235 675//236 674//234
f 680//235 674//234 681//232
f 679//237 676//238 675//236
f 679//237 675//236 680//235
f 678//239 677//239 676//238
f 678//239 676//238 679//237
f 682//240 685//240 684//240
f 682//240 683//240 685//240
f 688//229 686//229 687//229
f 692//229 688//229 687//229
f 694//229 687//229 695//229
f 694//229 692//229 687//229
f 691//229 692//229 694//229
f 690//229 691//229 694//229
f 693//229 690//229 694//229
f 689//229 690//229 693//229
f 724//241 709//242 708//243
f 724//241 710//244 709//242
f 724//241 696//245 710//244
f 725//246 707//247 706//248
f 725//246 708//243 707//247
f 725//246 724//241 708//243
f 726//249 697//250 696//245
f 726//249 696//245 724//241
f 727//251 706//248 705//252
f 727//251 725//246 706//248
f 728//253 724//241 725//246
f 728//253 726//249 724//241
f 729//254 704//255 703//256
f 729//254 705//252 704//255
f 729//254 727//251 705//252
f 730//257 721//258 722//259
f 730//257 722//259 723//260
f 730//257 723//260 697//250
f 730//257 697//250 726//249
f 731//261 728//253 725//246
f 731//261 725//246 727//251
f 732//262 702//263 701//264
f 732//262 703//256 702//263
f 732//262 729//254 703//256
f 733//265 719//266 720//267
f 733//265 720//267 721//258
f 733//265 730//257 726//249
f 733//265 721//258 730//257
f 733//265 726//249 728//253
f 734//268 731//261 727//251
f 734//268 727//251 729//254
f 735//269 699//270 698//271
f 735//269 700//272 699//270
f 735//269 701//264 700//272
f 735//269 732//262 701//264
f 736//273 718//274 719//266
f 736//273 719//266 733//265
f 736//273 733//265 728//253
f 736//273 728//253 731//261
f 737//275 729//254 732//262
f 737//275 734//268 729//254
f 738//276 716//277 717//278
f 738//276 717//278 718//274
f 738//276 731//261 734//268
f 738//276 718//274 736//273
f 738//276 736//273 731//261
f 739//279 698//271 711//280
f 739//279 735//269 698//271
f 739//279 737//275 732//262
f 739//279 732//262 735//269
f 740//281 714//282 715//283
f 740//281 715//283 716//277
f 740//281 716//277 738//276
f 740//281 734//268 737//275
f 740//281 738//276 734//268
f 741//284 740//281 737//275
f 741//284 711//280 712//285
f 741//284 712//285 713//286
f 741//284 713//286 714//282
f 741//284 739//279 711//280
f 741//284 714//282 740//281
f 741//284 737//275 739//279
f 745//287 742//229 743//229
f 745//287 743//229 744//229
f 745//287 746//229 747//287
f 745//287 747//287 748//288
f 745//287 748//288 749//289
f 745//287 749//289 750//288
f 745//287 750//288 751//229
f 745//287 751//229 752//229
f 745//287 752//229 753//229
f 745//287 753//229 754//229
f 745//287 754//229 755//229
f 745//287 755//229 756//287
f 745//287 756//287 757//229
f 745//287 757//229 758//288
f 745//287 758//288 759//288
f 745//287 759//288 760//288
f 745//287 760//288 761//229
f 745//287 761//229 762//229
f 745//287 762//229 763//287
f 745//287 763//287 764//287
f 745//287 764//287 765//290
f 745//287 765//290 766//229
f 745//287 766//229 767//229
f 745//287 767//229 742//229
f 801//291 783//291 782//291
f 800//291 782//291 781//291
f 800//291 801//291 782//291
f 802//291 784//291 783//291
f 802//291 783//291 801//291
f 799//291 781//291 780//291
f 799//291 800//291 781//291
f 803//291 785//291 784//291
f 803//291 784//291 802//291
f 798//291 780//291 779//291
f 798//291 799//291 780//291
f 804//291 772//291 771//291
f 804//291 771//291 785//291
f 804//291 785//291 803//291
f 797//291 779//291 778//291
f 797//291 798//291 779//291
f 805//291 773//291 772//291
f 805//291 772//291 804//291
f 796//291 778//291 777//291
f 796//291 797//291 778//291
f 806//291 770//291 773//291
f 806//291 773//291 805//291
f 795//291 796//291 777//291
f 807//291 770//291 806//291
f 776//291 795//291 777//291
f 794//291 795//291 776//291
f 808//291 770//291 807//291
f 775//291 793//291 794//291
f 775//291 794//291 776//291
f 768//291 808//291 809//291
f 768//291 809//291 810//291
f 768//291 770//291 808//291
f 811//291 768//291 810//291
f 774//291 793//291 775//291
f 774//291 791//291 792//291
f 774//291 792//291 793//291
f 790//291 791//291 774//291
f 790//291 774//291 786//291
f 789//291 816//291 791//291
f 789//291 791//291 790//291
f 788//291 816//291 789//291
f 788//291 815//291 816//291
f 787//291 815//291 788//291
f 787//291 813//291 814//291
f 787//291 814//291 815//291
f 769//291 768//291 811//291
f 769//291 813//291 787//291
f 769//291 811//291 812//291
f 769//291 812//291 813//291
f 824//238 817//239 818//239
f 824//238 822//237 817//239
f 825//236 821//235 822//237
f 825//236 822//237 824//238
f 826//234 820//232 821//235
f 826//234 821//235 825//236
f 823//233 819//233 820//232
f 823//233 820//232 826//234
f 830//240 827//240 828//240
f 830//240 829//240 827//240
f 833//291 832//291 831//291
f 833//291 831//291 840//291
f 838//291 840//291 839//291
f 834//291 833//291 840//291
f 835//291 840//291 838//291
f 835//291 834//291 840//291
f 836//291 835//291 838//291
f 837//291 836//291 838//291
f 869//292 841//293 843//294
f 869//292 843//294 844//295
f 869//292 844//295 845//296
f 870//297 845//296 846//298
f 870//297 846//298 847//299
f 870//297 869//292 845//296
f 871//300 842//301 841//293
f 871//300 841//293 869//292
f 872//302 847//299 848//303
f 872//302 870//297 847//299
f 873//304 869//292 870//297
f 873//304 871//300 869//292
f 874//305 848//303 849//306
f 874//305 849//306 850//307
f 874//305 872//302 848//303
f 875//308 857//309 842//301
f 875//308 858//310 857//309
f 875//308 859//311 858//310
f 875//308 842//301 871//300
f 876//312 873//304 870//297
f 876//312 870//297 872//302
f 877//313 850//307 851//314
f 877//313 851//314 852//315
f 877//313 874//305 850//307
f 878//316 860//317 859//311
f 878//316 861//318 860//317
f 878//316 875//308 871//300
f 878//316 859//311 875//308
f 878//316 871//300 873//304
f 879//319 876//312 872//302
f 879//319 872//302 874//305
f 880//320 852//315 853//321
f 880//320 853//321 854//322
f 880//320 854//322 855//323
f 880//320 877//313 852//315
f 881//324 862//325 861//318
f 881//324 861//318 878//316
f 881//324 873//304 876//312
f 881//324 878//316 873//304
f 882//326 874//305 877//313
f 882//326 879//319 874//305
f 883//327 863//328 862//325
f 883//327 864//329 863//328
f 883//327 862//325 881//324
f 883//327 876//312 879//319
f 883//327 881//324 876//312
f 884//330 855//323 856//331
f 884//330 880//320 855//323
f 884//330 877//313 880//320
f 884//330 882//326 877//313
f 885//332 865//333 864//329
f 885//332 866//334 865//333
f 885//332 864//329 883//327
f 885//332 879//319 882//326
f 885//332 883//327 879//319
f 886//335 885//332 882//326
f 886//335 867//336 866//334
f 886//335 868//337 867//336
f 886//335 856//331 868//337
f 886//335 866//334 885//332
f 886//335 884//330 856//331
f 886//335 882//326 884//330
f 910//338 888//291 887//339
f 910//338 889//340 888//291
f 910//338 890//291 889//340
f 910//338 891//338 890//291
f 910//338 892//338 891//338
f 910//338 893//338 892//338
f 910//338 894//339 893//338
f 910//338 895//339 894//339
f 910//338 896//291 895//339
f 910//338 897//291 896//291
f 910//338 898//291 897//291
f 910//338 899//339 898//291
f 910//338 900//291 899//339
f 910//338 901//291 900//291
f 910//338 902//291 901//291
f 910//338 903//291 902//291
f 910//338 904//291 903//291
f 910//338 905//291 904//291
f 910//338 906//338 905//291
f 910//338 907//291 906//338
f 910//338 908//339 907//291
f 910//338 909//339 908//339
f 910//338 912//340 911//291
f 910//338 887//339 912//340
f 915//227 917//227 918//227
f 916//227 917//227 915//227
f 919//227 915//227 918//227
f 913//227 915//227 919//227
f 920//227 914//227 913//227
f 920//227 913//227 919//227
f 924//341 922//341 921//341
f 924//341 921//341 923//341
f 925//341 927//341 928//341
f 925//341 928//341 926//341
f 929//291 930//291 931//291
f 929//291 931//291 932//291
f 935//229 933//229 934//229
f 935//229 936//229 933//229
f 939//230 937//230 938//230
f 939//230 938//230 940//230
o empty_112
v 0.100277 -0.034366 -0.111157
v 0.100978 -0.034366 -0.111242
v 0.101638 -0.034366 -0.111493
v 0.102220 -0.034366 -0.111894
v 0.102688 -0.034366 -0.112423
v 0.103017 -0.034366 -0.113048
v 0.103186 -0.034366 -0.113734
v 0.103186 -0.034366 -0.114440
v 0.103017 -0.034366 -0.115126
v 0.102688 -0.034366 -0.115752
v 0.102220 -0.034366 -0.116281
v 0.101638 -0.034366 -0.116682
v 0.100978 -0.034366 -0.116932
v 0.100277 -0.034366 -0.117018
v 0.100277 -0.038551 -0.114087
v 0.100277 -0.038551 -0.114087
v 0.100849 -0.037505 -0.113630
v 0.100595 -0.037505 -0.113427
v 0.100912 -0.036458 -0.112767
v 0.100991 -0.037505 -0.113924
v 0.101422 -0.036458 -0.113174
v 0.100991 -0.037505 -0.114250
v 0.101230 -0.035412 -0.112107
v 0.101705 -0.036458 -0.113761
v 0.100849 -0.037505 -0.114544
v 0.101995 -0.035412 -0.112717
v 0.101705 -0.036458 -0.114413
v 0.100595 -0.037505 -0.114747
v 0.102419 -0.035412 -0.113598
v 0.101422 -0.036458 -0.115001
v 0.102419 -0.035412 -0.114576
v 0.100912 -0.036458 -0.115407
v 0.101995 -0.035412 -0.115458
v 0.101230 -0.035412 -0.116067
v 0.100277 0.047297 -0.117018
v 0.099575 0.047297 -0.116932
v 0.098915 0.047297 -0.116682
v 0.098333 0.047297 -0.116281
v 0.097865 0.047297 -0.115752
v 0.097537 0.047297 -0.115126
v 0.097368 0.047297 -0.114440
v 0.097368 0.047297 -0.113734
v 0.097537 0.047297 -0.113048
v 0.097865 0.047297 -0.112423
v 0.098333 0.047297 -0.111894
v 0.098915 0.047297 -0.111493
v 0.099575 0.047297 -0.111242
v 0.100277 0.047297 -0.111157
v 0.100277 0.051482 -0.114087
v 0.100277 0.051482 -0.114087
v 0.099704 0.050435 -0.113630
v 0.099959 0.050435 -0.113427
v 0.099641 0.049389 -0.112767
v 0.099562 0.050435 -0.113924
v 0.099131 0.049389 -0.113174
v 0.099562 0.050435 -0.114250
v 0.099323 0.048343 -0.112107
v 0.098848 0.049389 -0.113761
v 0.099704 0.050435 -0.114544
v 0.098558 0.048343 -0.112717
v 0.098848 0.049389 -0.114413
v 0.099959 0.050435 -0.114747
v 0.098134 0.048343 -0.113598
v 0.099131 0.049389 -0.115001
v 0.098134 0.048343 -0.114576
v 0.099641 0.049389 -0.115407
v 0.098558 0.048343 -0.115458
v 0.099323 0.048343 -0.116067
v 0.098275 0.047297 -0.107583
v 0.098275 -0.034366 -0.107583
v 0.098931 -0.034366 -0.107416
v 0.099601 -0.034366 -0.107316
v 0.100277 -0.034366 -0.107282
v 0.100277 0.047297 -0.107282
v 0.098931 0.047297 -0.107416
v 0.099601 0.047297 -0.107316
v 0.106281 -0.034366 -0.109984
v 0.106281 -0.034366 -0.117213
v 0.106281 -0.053580 -0.117213
v 0.106281 -0.053580 -0.094072
v 0.106281 0.066511 -0.094072
v 0.106281 0.066511 -0.117213
v 0.106281 0.047297 -0.117213
v 0.106281 0.047297 -0.109984
v 0.106281 0.066511 -0.117213
v 0.103721 0.066511 -0.119006
v 0.103721 0.047297 -0.119006
v 0.106281 0.047297 -0.117213
v 0.103721 0.047297 -0.119006
v 0.102432 0.047297 -0.119692
v 0.101015 0.047297 -0.120046
v 0.099555 0.047297 -0.120048
v 0.098138 0.047297 -0.119698
v 0.096847 0.047297 -0.119016
v 0.095759 0.047297 -0.118043
v 0.094938 0.047297 -0.116835
v 0.094432 0.047297 -0.115465
v 0.094273 0.047297 -0.114014
v 0.094468 0.047297 -0.112567
v 0.095006 0.047297 -0.111210
v 0.095856 0.047297 -0.110023
v 0.096968 0.047297 -0.109076
v 0.098275 0.047297 -0.108426
v 0.098275 0.066511 -0.108426
v 0.096968 0.066511 -0.109076
v 0.095856 0.066511 -0.110023
v 0.095006 0.066511 -0.111210
v 0.094468 0.066511 -0.112567
v 0.094273 0.066511 -0.114014
v 0.094432 0.066511 -0.115465
v 0.094938 0.066511 -0.116835
v 0.095759 0.066511 -0.118043
v 0.096847 0.066511 -0.119016
v 0.098138 0.066511 -0.119698
v 0.099555 0.066511 -0.120048
v 0.101015 0.066511 -0.120046
v 0.102432 0.066511 -0.119692
v 0.103721 0.066511 -0.119006
v 0.098275 0.047297 -0.107583
v 0.098275 -0.034366 -0.107583
v 0.098275 -0.034366 -0.108426
v 0.098275 -0.053580 -0.108426
v 0.098275 -0.053580 -0.094072
v 0.098275 0.066511 -0.094072
v 0.098275 0.066511 -0.108426
v 0.098275 0.047297 -0.108426
v 0.106281 0.066511 -0.094072
v 0.106281 0.066511 -0.117213
v 0.098275 0.066511 -0.094072
v 0.098275 0.066511 -0.108426
v 0.096968 0.066511 -0.109076
v 0.095856 0.066511 -0.110023
v 0.095006 0.066511 -0.111210
v 0.094468 0.066511 -0.112567
v 0.094273 0.066511 -0.114014
v 0.094432 0.066511 -0.115465
v 0.094938 0.066511 -0.116835
v 0.095759 0.066511 -0.118043
v 0.096847 0.066511 -0.119016
v 0.098138 0.066511 -0.119698
v 0.099555 0.066511 -0.120048
v 0.101015 0.066511 -0.120046
v 0.102432 0.066511 -0.119692
v 0.103721 0.066511 -0.119006
v 0.100277 -0.034366 -0.107282
v 0.101653 -0.034366 -0.107423
v 0.102972 -0.034366 -0.107839
v 0.104180 -0.034366 -0.108513
v 0.104180 0.047297 -0.108513
v 0.100277 0.047297 -0.107282
v 0.101653 0.047297 -0.107423
v 0.102972 0.047297 -0.107839
v 0.106281 0.047297 -0.109984
v 0.106281 -0.034366 -0.109984
v 0.104180 -0.034366 -0.108513
v 0.104180 0.047297 -0.108513
v 0.106281 0.047297 -0.117213
v 0.103721 0.047297 -0.119006
v 0.102432 0.047297 -0.119692
v 0.101015 0.047297 -0.120046
v 0.099555 0.047297 -0.120048
v 0.098138 0.047297 -0.119698
v 0.096847 0.047297 -0.119016
v 0.095759 0.047297 -0.118043
v 0.094938 0.047297 -0.116835
v 0.094432 0.047297 -0.115465
v 0.094273 0.047297 -0.114014
v 0.094468 0.047297 -0.112567
v 0.095006 0.047297 -0.111210
v 0.095856 0.047297 -0.110023
v 0.096968 0.047297 -0.109076
v 0.098275 0.047297 -0.108426
v 0.098275 0.047297 -0.107583
v 0.098931 0.047297 -0.107416
v 0.099601 0.047297 -0.107316
v 0.100277 0.047297 -0.107282
v 0.101653 0.047297 -0.107423
v 0.102972 0.047297 -0.107839
v 0.104180 0.047297 -0.108513
v 0.106281 0.047297 -0.109984
v 0.100277 0.047297 -0.111157
v 0.100978 0.047297 -0.111242
v 0.101638 0.047297 -0.111493
v 0.102220 0.047297 -0.111894
v 0.102688 0.047297 -0.112423
v 0.103017 0.047297 -0.113048
v 0.103186 0.047297 -0.113734
v 0.103186 0.047297 -0.114440
v 0.103017 0.047297 -0.115126
v 0.102688 0.047297 -0.115752
v 0.102220 0.047297 -0.116281
v 0.101638 0.047297 -0.116682
v 0.100978 0.047297 -0.116932
v 0.100277 0.047297 -0.117018
v 0.099575 0.047297 -0.116932
v 0.098915 0.047297 -0.116682
v 0.098333 0.047297 -0.116281
v 0.097865 0.047297 -0.115752
v 0.097537 0.047297 -0.115126
v 0.097368 0.047297 -0.114440
v 0.097368 0.047297 -0.113734
v 0.097537 0.047297 -0.113048
v 0.097865 0.047297 -0.112423
v 0.098333 0.047297 -0.111894
v 0.098915 0.047297 -0.111493
v 0.099575 0.047297 -0.111242
v 0.100277 0.047297 -0.111157
v 0.100978 0.047297 -0.111242
v 0.101638 0.047297 -0.111493
v 0.102220 0.047297 -0.111894
v 0.102688 0.047297 -0.112423
v 0.103017 0.047297 -0.113048
v 0.103186 0.047297 -0.113734
v 0.103186 0.047297 -0.114440
v 0.103017 0.047297 -0.115126
v 0.102688 0.047297 -0.115752
v 0.102220 0.047297 -0.116281
v 0.101638 0.047297 -0.116682
v 0.100978 0.047297 -0.116932
v 0.100277 0.047297 -0.117018
v 0.100277 0.051482 -0.114087
v 0.100277 0.051482 -0.114087
v 0.100849 0.050435 -0.114544
v 0.100595 0.050435 -0.114747
v 0.100912 0.049389 -0.115407
v 0.100991 0.050435 -0.114250
v 0.101422 0.049389 -0.115001
v 0.100991 0.050435 -0.113924
v 0.101230 0.048343 -0.116067
v 0.101705 0.049389 -0.114413
v 0.100849 0.050435 -0.113630
v 0.101995 0.048343 -0.115458
v 0.101705 0.049389 -0.113761
v 0.100595 0.050435 -0.113427
v 0.102419 0.048343 -0.114576
v 0.101422 0.049389 -0.113174
v 0.102419 0.048343 -0.113598
v 0.100912 0.049389 -0.112767
v 0.101995 0.048343 -0.112717
v 0.101230 0.048343 -0.112107
v 0.106281 -0.034366 -0.117213
v 0.103721 -0.034366 -0.119006
v 0.103721 -0.053580 -0.119006
v 0.106281 -0.053580 -0.117213
v 0.103721 -0.034366 -0.119006
v 0.102432 -0.034366 -0.119692
v 0.101015 -0.034366 -0.120046
v 0.099555 -0.034366 -0.120048
v 0.098138 -0.034366 -0.119698
v 0.096847 -0.034366 -0.119016
v 0.095759 -0.034366 -0.118043
v 0.094938 -0.034366 -0.116835
v 0.094432 -0.034366 -0.115465
v 0.094273 -0.034366 -0.114014
v 0.094468 -0.034366 -0.112567
v 0.095006 -0.034366 -0.111210
v 0.095856 -0.034366 -0.110023
v 0.096968 -0.034366 -0.109076
v 0.098275 -0.034366 -0.108426
v 0.103721 -0.053580 -0.119006
v 0.098275 -0.053580 -0.108426
v 0.096968 -0.053580 -0.109076
v 0.095856 -0.053580 -0.110023
v 0.095006 -0.053580 -0.111210
v 0.094468 -0.053580 -0.112567
v 0.094273 -0.053580 -0.114014
v 0.094432 -0.053580 -0.115465
v 0.094938 -0.053580 -0.116835
v 0.095759 -0.053580 -0.118043
v 0.096847 -0.053580 -0.119016
v 0.098138 -0.053580 -0.119698
v 0.099555 -0.053580 -0.120048
v 0.101015 -0.053580 -0.120046
v 0.102432 -0.053580 -0.119692
v 0.098275 -0.053580 -0.108426
v 0.096968 -0.053580 -0.109076
v 0.095856 -0.053580 -0.110023
v 0.095006 -0.053580 -0.111210
v 0.094468 -0.053580 -0.112567
v 0.094273 -0.053580 -0.114014
v 0.094432 -0.053580 -0.115465
v 0.094938 -0.053580 -0.116835
v 0.095759 -0.053580 -0.118043
v 0.096847 -0.053580 -0.119016
v 0.098138 -0.053580 -0.119698
v 0.099555 -0.053580 -0.120048
v 0.101015 -0.053580 -0.120046
v 0.102432 -0.053580 -0.119692
v 0.103721 -0.053580 -0.119006
v 0.098275 -0.053580 -0.094072
v 0.106281 -0.053580 -0.094072
v 0.106281 -0.053580 -0.117213
v 0.104180 -0.034366 -0.108513
v 0.106281 -0.034366 -0.109984
v 0.100277 -0.034366 -0.107282
v 0.101653 -0.034366 -0.107423
v 0.102972 -0.034366 -0.107839
v 0.098275 -0.034366 -0.107583
v 0.098931 -0.034366 -0.107416
v 0.099601 -0.034366 -0.107316
v 0.098275 -0.034366 -0.108426
v 0.103721 -0.034366 -0.119006
v 0.102432 -0.034366 -0.119692
v 0.101015 -0.034366 -0.120046
v 0.099555 -0.034366 -0.120048
v 0.098138 -0.034366 -0.119698
v 0.096847 -0.034366 -0.119016
v 0.095759 -0.034366 -0.118043
v 0.094938 -0.034366 -0.116835
v 0.094432 -0.034366 -0.115465
v 0.094273 -0.034366 -0.114014
v 0.094468 -0.034366 -0.112567
v 0.095006 -0.034366 -0.111210
v 0.095856 -0.034366 -0.110023
v 0.096968 -0.034366 -0.109076
v 0.106281 -0.034366 -0.117213
v 0.100277 -0.034366 -0.111157
v 0.100978 -0.034366 -0.111242
v 0.101638 -0.034366 -0.111493
v 0.102220 -0.034366 -0.111894
v 0.102688 -0.034366 -0.112423
v 0.103017 -0.034366 -0.113048
v 0.103186 -0.034366 -0.113734
v 0.103186 -0.034366 -0.114440
v 0.103017 -0.034366 -0.115126
v 0.102688 -0.034366 -0.115752
v 0.102220 -0.034366 -0.116281
v 0.101638 -0.034366 -0.116682
v 0.100978 -0.034366 -0.116932
v 0.100277 -0.034366 -0.117018
v 0.099575 -0.034366 -0.116932
v 0.098915 -0.034366 -0.116682
v 0.098333 -0.034366 -0.116281
v 0.097865 -0.034366 -0.115752
v 0.097537 -0.034366 -0.115126
v 0.097368 -0.034366 -0.114440
v 0.097368 -0.034366 -0.113734
v 0.097537 -0.034366 -0.113048
v 0.097865 -0.034366 -0.112423
v 0.098333 -0.034366 -0.111894
v 0.098915 -0.034366 -0.111493
v 0.099575 -0.034366 -0.111242
v 0.100277 -0.034366 -0.117018
v 0.099575 -0.034366 -0.116932
v 0.098915 -0.034366 -0.116682
v 0.098333 -0.034366 -0.116281
v 0.097865 -0.034366 -0.115752
v 0.097537 -0.034366 -0.115126
v 0.097368 -0.034366 -0.114440
v 0.097368 -0.034366 -0.113734
v 0.097537 -0.034366 -0.113048
v 0.097865 -0.034366 -0.112423
v 0.098333 -0.034366 -0.111894
v 0.098915 -0.034366 -0.111493
v 0.099575 -0.034366 -0.111242
v 0.100277 -0.034366 -0.111157
v 0.100277 -0.038551 -0.114087
v 0.100277 -0.038551 -0.114087
v 0.099704 -0.037505 -0.114544
v 0.099959 -0.037505 -0.114747
v 0.099641 -0.036458 -0.115407
v 0.099562 -0.037505 -0.114250
v 0.099131 -0.036458 -0.115001
v 0.099562 -0.037505 -0.113924
v 0.099323 -0.035412 -0.116067
v 0.098848 -0.036458 -0.114413
v 0.099704 -0.037505 -0.113630
v 0.098558 -0.035412 -0.115458
v 0.098848 -0.036458 -0.113761
v 0.099959 -0.037505 -0.113427
v 0.098134 -0.035412 -0.114576
v 0.099131 -0.036458 -0.113174
v 0.098134 -0.035412 -0.113598
v 0.099641 -0.036458 -0.112767
v 0.098558 -0.035412 -0.112717
v 0.099323 -0.035412 -0.112107
v 0.098275 -0.053580 -0.094072
v 0.106281 -0.053580 -0.094072
v 0.106281 0.066511 -0.094072
v 0.098275 0.066511 -0.094072
vn -0.6780 0.5725 -0.4611
vn -0.3444 0.6008 -0.7214
vn -0.5149 0.5638 -0.6457
vn -0.3107 0.5729 -0.7584
vn -0.1696 0.5734 -0.8015
vn -0.3107 0.5728 -0.7585
vn -0.5150 0.5638 -0.6457
vn -0.3444 0.6009 -0.7213
vn -0.8109 0.5725 -0.1213
vn -0.6595 0.5733 -0.4862
vn -0.7833 0.5724 0.2426
vn -0.0000 -0.0000 1.0000
vn -0.3444 0.6009 -0.7214
vn -0.7832 0.5725 0.2426
vn -0.3457 0.5898 -0.7298
vn -0.1919 0.5975 -0.7786
vn -0.3805 0.5742 -0.7249
vn -0.5252 0.5842 -0.6188
vn -0.8052 0.5733 -0.1518
vn -0.6004 0.5725 0.5583
vn -0.2805 0.5795 0.7652
vn -0.6294 0.5858 -0.5105
vn -0.6726 0.5763 -0.4642
vn -0.7480 0.5845 -0.3144
vn -0.7913 0.5733 0.2125
vn -0.5150 0.5638 0.6457
vn -0.7861 0.5832 -0.2048
vn -0.8090 0.5850 -0.0577
vn -0.6207 0.5733 0.5348
vn -0.7987 0.5850 0.1411
vn -0.8089 0.5797 0.0982
vn -0.7480 0.5845 0.3144
vn -0.2852 0.5719 0.7692
vn -0.1696 0.5734 0.8015
vn -0.2805 0.5794 0.7652
vn -0.5149 0.5638 0.6457
vn -0.6541 0.5855 0.4788
vn -0.6726 0.5763 0.4642
vn -0.5252 0.5842 0.6188
vn -0.3646 0.5880 0.7220
vn -0.3805 0.5743 0.7249
vn -0.1919 0.5975 0.7786
vn 0.6780 -0.5725 -0.4611
vn 0.3444 -0.6008 -0.7214
vn 0.5150 -0.5638 -0.6457
vn 0.3107 -0.5729 -0.7584
vn 0.1696 -0.5734 -0.8015
vn 0.3107 -0.5729 -0.7585
vn 0.5149 -0.5638 -0.6457
vn 0.8109 -0.5725 -0.1213
vn 0.6595 -0.5733 -0.4861
vn 0.7833 -0.5724 0.2426
vn 0.7832 -0.5725 0.2426
vn 0.3457 -0.5898 -0.7298
vn 0.3805 -0.5743 -0.7249
vn 0.5252 -0.5842 -0.6188
vn 0.1919 -0.5975 -0.7786
vn 0.8052 -0.5733 -0.1518
vn 0.6004 -0.5725 0.5584
vn 0.2805 -0.5795 0.7652
vn 0.6294 -0.5858 -0.5105
vn 0.6726 -0.5763 -0.4642
vn 0.7480 -0.5845 -0.3144
vn 0.7913 -0.5733 0.2125
vn 0.5150 -0.5638 0.6457
vn 0.7861 -0.5832 -0.2048
vn 0.8090 -0.5850 -0.0577
vn 0.6207 -0.5733 0.5348
vn 0.7987 -0.5850 0.1411
vn 0.8089 -0.5797 0.0982
vn 0.7480 -0.5845 0.3144
vn 0.2852 -0.5719 0.7692
vn 0.1696 -0.5734 0.8015
vn 0.2805 -0.5794 0.7652
vn 0.2805 -0.5794 0.7653
vn 0.5149 -0.5638 0.6457
vn 0.6541 -0.5855 0.4788
vn 0.6726 -0.5763 0.4642
vn 0.5252 -0.5842 0.6188
vn 0.3646 -0.5880 0.7220
vn 0.1919 -0.5975 0.7786
vn 0.3805 -0.5743 0.7249
vn 0.0828 -0.0000 -0.9966
vn 0.0497 -0.0000 -0.9988
vn 0.1158 -0.0000 -0.9933
vn 0.1814 -0.0000 -0.9834
vn 0.2140 -0.0000 -0.9768
vn 0.2462 -0.0000 -0.9692
vn 1.0000 -0.0000 -0.0000
vn 0.5736 -0.0000 -0.8192
vn -0.5165 -0.0000 0.8563
vn -0.4455 -0.0000 0.8953
vn -0.5846 -0.0000 0.8113
vn -0.7079 -0.0000 0.7063
vn -0.7631 -0.0000 0.6462
vn -0.8575 -0.0000 0.5145
vn -0.8965 -0.0000 0.4430
vn -0.9563 -0.0000 0.2924
vn -0.9769 -0.0000 0.2135
vn -0.9986 -0.0000 0.0529
vn -0.9996 -0.0000 -0.0286
vn -0.9819 -0.0000 -0.1896
vn -0.9631 -0.0000 -0.2690
vn -0.9071 -0.0000 -0.4210
vn -0.8697 -0.0000 -0.4935
vn -0.7786 -0.0000 -0.6275
vn -0.7249 -0.0000 -0.6889
vn -0.6042 -0.0000 -0.7969
vn -0.5372 -0.0000 -0.8434
vn -0.3940 -0.0000 -0.9191
vn -0.3178 -0.0000 -0.9482
vn -0.1605 -0.0000 -0.9870
vn -0.0795 -0.0000 -0.9968
vn 0.0825 -0.0000 -0.9966
vn 0.1634 -0.0000 -0.9866
vn 0.3206 -0.0000 -0.9472
vn 0.3967 -0.0000 -0.9180
vn 0.4697 -0.0000 -0.8828
vn -1.0000 -0.0000 -0.0000
vn -0.0000 1.0000 -0.0000
vn -0.0000 1.0000 -0.0001
vn -0.4271 -0.0000 -0.9042
vn -0.4874 -0.0000 -0.8732
vn -0.3646 -0.0000 -0.9312
vn -0.2354 -0.0000 -0.9719
vn -0.1688 -0.0000 -0.9857
vn -0.1016 -0.0000 -0.9948
vn -0.5736 -0.0000 -0.8192
vn -0.0000 -1.0000 -0.0000
vn -0.6780 -0.5725 0.4611
vn -0.3444 -0.6008 0.7214
vn -0.5149 -0.5638 0.6457
vn -0.3107 -0.5729 0.7585
vn -0.3444 -0.6009 0.7214
vn -0.1696 -0.5734 0.8015
vn -0.8109 -0.5725 0.1213
vn -0.6595 -0.5733 0.4862
vn -0.7833 -0.5724 -0.2426
vn -0.0000 -0.0000 -1.0000
vn -0.3444 -0.6009 0.7213
vn -0.7832 -0.5725 -0.2426
vn -0.3457 -0.5898 0.7298
vn -0.3805 -0.5742 0.7249
vn -0.5252 -0.5842 0.6188
vn -0.1919 -0.5975 0.7786
vn -0.8052 -0.5733 0.1518
vn -0.6004 -0.5725 -0.5584
vn -0.2805 -0.5795 -0.7652
vn -0.6294 -0.5859 0.5105
vn -0.6726 -0.5763 0.4642
vn -0.7480 -0.5845 0.3144
vn -0.7913 -0.5733 -0.2125
vn -0.5150 -0.5638 -0.6457
vn -0.7861 -0.5832 0.2048
vn -0.8090 -0.5850 0.0577
vn -0.6207 -0.5733 -0.5348
vn -0.7987 -0.5850 -0.1411
vn -0.8089 -0.5797 -0.0982
vn -0.7480 -0.5845 -0.3144
vn -0.2853 -0.5719 -0.7691
vn -0.1696 -0.5734 -0.8015
vn -0.2805 -0.5794 -0.7652
vn -0.2852 -0.5719 -0.7692
vn -0.2805 -0.5794 -0.7653
vn -0.5149 -0.5638 -0.6457
vn -0.6541 -0.5855 -0.4788
vn -0.6726 -0.5763 -0.4642
vn -0.5252 -0.5842 -0.6188
vn -0.3646 -0.5880 -0.7220
vn -0.1919 -0.5975 -0.7786
vn -0.3805 -0.5743 -0.7249
vn -0.0000 -1.0000 0.0001
vn 0.6780 0.5725 0.4611
vn 0.3444 0.6008 0.7214
vn 0.5150 0.5638 0.6457
vn 0.3107 0.5729 0.7585
vn 0.3444 0.6009 0.7214
vn 0.1696 0.5734 0.8015
vn 0.5149 0.5638 0.6457
vn 0.8109 0.5725 0.1213
vn 0.6595 0.5733 0.4861
vn 0.7833 0.5724 -0.2426
vn 0.3444 0.6009 0.7213
vn 0.7832 0.5725 -0.2426
vn 0.3457 0.5898 0.7298
vn 0.1919 0.5975 0.7786
vn 0.3804 0.5742 0.7249
vn 0.5252 0.5842 0.6188
vn 0.8052 0.5733 0.1518
vn 0.6004 0.5725 -0.5584
vn 0.2805 0.5795 -0.7652
vn 0.6294 0.5858 0.5105
vn 0.6726 0.5763 0.4642
vn 0.7480 0.5845 0.3144
vn 0.7913 0.5733 -0.2125
vn 0.5150 0.5638 -0.6457
vn 0.7861 0.5832 0.2048
vn 0.8090 0.5850 0.0577
vn 0.6207 0.5733 -0.5348
vn 0.7987 0.5850 -0.1411
vn 0.8089 0.5797 -0.0982
vn 0.7480 0.5845 -0.3144
vn 0.2852 0.5719 -0.7692
vn 0.1696 0.5734 -0.8015
vn 0.2805 0.5794 -0.7652
vn 0.6541 0.5855 -0.4788
vn 0.6726 0.5763 -0.4642
vn 0.5252 0.5842 -0.6188
vn 0.3646 0.5880 -0.7220
vn 0.3804 0.5743 -0.7249
vn 0.1919 0.5975 -0.7786
s 1
usemtl material467
f 957//342 955//343 958//344
f 959//345 955//343 941//346
s 0
f 959//347 958//348 955//349
s 1
f 960//350 955//343 957//342
f 961//351 957//342 958//344
f 961//351 958//344 959//345
s 0
f 962//352 956//353 955//354
s 1
f 962//355 955//343 960//350
f 963//356 941//346 942//357
f 963//356 942//357 943//358
f 963//356 943//358 944//359
f 963//356 959//345 941//346
f 964//360 960//350 957//342
f 964//360 957//342 961//351
f 965//361 956//362 962//355
f 966//363 944//359 945//364
f 966//363 945//364 946//365
f 966//363 959//345 963//356
f 966//363 961//351 959//345
f 966//363 963//356 944//359
f 967//366 962//355 960//350
f 967//366 960//350 964//360
f 968//367 956//362 965//361
f 969//368 946//365 947//369
f 969//368 966//363 946//365
f 969//368 964//360 961//351
f 969//368 961//351 966//363
f 970//370 962//355 967//366
f 970//370 965//361 962//355
f 971//371 947//369 948//372
f 971//371 948//372 949//373
f 971//371 969//368 947//369
f 971//371 967//366 964//360
f 971//371 964//360 969//368
f 972//374 954//375 956//376
s 0
f 972//374 956//362 968//377
s 1
f 972//374 968//367 965//361
f 972//374 965//361 970//370
f 973//378 949//373 950//379
f 973//378 950//379 951//380
f 973//378 970//370 967//366
f 973//378 967//366 971//371
f 973//378 971//371 949//373
f 974//381 951//380 952//382
f 974//381 952//382 953//383
f 974//381 953//383 954//375
f 974//381 954//375 972//374
f 974//381 973//378 951//380
f 974//381 972//374 970//370
f 974//381 970//370 973//378
f 991//384 989//385 992//386
f 993//387 989//385 988//388
s 0
f 993//389 992//390 989//385
s 1
f 994//391 989//385 991//384
f 995//392 991//384 992//386
f 995//392 992//386 993//387
s 0
f 996//393 990//353 989//385
s 1
f 996//394 989//385 994//391
f 997//395 986//396 985//397
f 997//395 987//398 986//396
f 997//395 988//388 987//398
f 997//395 993//387 988//388
f 998//399 994//391 991//384
f 998//399 991//384 995//392
f 999//400 990//401 996//394
f 1000//402 984//403 983//404
f 1000//402 985//397 984//403
f 1000//402 993//387 997//395
f 1000//402 995//392 993//387
f 1000//402 997//395 985//397
f 1001//405 994//391 998//399
f 1001//405 996//394 994//391
f 1002//406 990//401 999//400
f 1003//407 983//404 982//408
f 1003//407 1000//402 983//404
f 1003//407 998//399 995//392
f 1003//407 995//392 1000//402
f 1004//409 999//400 996//394
f 1004//409 996//394 1001//405
f 1005//410 981//411 980//412
f 1005//410 982//408 981//411
f 1005//410 1001//405 998//399
f 1005//410 1003//407 982//408
f 1005//410 998//399 1003//407
f 1006//413 975//414 990//415
s 0
f 1006//413 990//416 1002//417
s 1
f 1006//413 1002//406 999//400
f 1006//413 999//400 1004//409
f 1007//418 979//419 978//420
f 1007//418 980//412 979//419
f 1007//418 1005//410 980//412
f 1007//418 1004//409 1001//405
f 1007//418 1001//405 1005//410
f 1008//421 976//422 975//414
f 1008//421 977//423 976//422
f 1008//421 978//420 977//423
f 1008//421 975//414 1006//413
f 1008//421 1007//418 978//420
f 1008//421 1006//413 1004//409
f 1008//421 1004//409 1007//418
f 1012//424 1014//425 1013//425
f 1012//424 1016//426 1014//425
f 1011//427 1015//428 1016//426
f 1011//427 1016//426 1012//424
f 1010//429 1009//429 1015//428
f 1010//429 1015//428 1011//427
f 1017//430 1019//430 1018//430
f 1017//430 1020//430 1019//430
f 1022//430 1024//430 1023//430
f 1021//430 1017//430 1024//430
f 1021//430 1020//430 1017//430
f 1021//430 1024//430 1022//430
f 1025//431 1027//431 1026//431
f 1025//431 1028//431 1027//431
f 1042//432 1043//433 1044//433
f 1042//432 1044//433 1045//434
f 1041//435 1045//434 1046//436
f 1041//435 1042//432 1045//434
f 1040//437 1046//436 1047//438
f 1040//437 1041//435 1046//436
f 1039//439 1047//438 1048//440
f 1039//439 1040//437 1047//438
f 1038//441 1048//440 1049//442
f 1038//441 1039//439 1048//440
f 1037//443 1049//442 1050//444
f 1037//443 1038//441 1049//442
f 1036//445 1050//444 1051//446
f 1036//445 1037//443 1050//444
f 1035//447 1051//446 1052//448
f 1035//447 1036//445 1051//446
f 1034//449 1052//448 1053//450
f 1034//449 1035//447 1052//448
f 1033//451 1053//450 1054//452
f 1033//451 1034//449 1053//450
f 1032//453 1054//452 1055//454
f 1032//453 1033//451 1054//452
f 1031//455 1055//454 1056//456
f 1031//455 1032//453 1055//454
f 1030//457 1056//456 1057//458
f 1030//457 1031//455 1056//456
f 1029//459 1057//458 1058//459
f 1029//459 1030//457 1057//458
f 1060//460 1061//460 1062//460
f 1060//460 1062//460 1063//460
f 1065//460 1066//460 1059//460
f 1064//460 1059//460 1060//460
f 1064//460 1060//460 1063//460
f 1064//460 1065//460 1059//460
f 1070//461 1068//461 1084//461
f 1072//461 1071//461 1070//461
f 1072//461 1074//461 1073//462
f 1072//461 1075//461 1074//461
f 1072//461 1076//461 1075//461
f 1072//461 1077//461 1076//461
f 1072//461 1078//461 1077//461
f 1072//461 1079//461 1078//461
f 1072//461 1080//461 1079//461
f 1072//461 1081//461 1080//461
f 1072//461 1082//461 1081//461
f 1072//461 1083//461 1082//461
f 1072//461 1084//461 1083//461
f 1072//461 1070//461 1084//461
f 1067//461 1068//461 1070//461
f 1069//461 1067//461 1070//461
f 1087//463 1089//464 1088//464
f 1087//463 1092//465 1089//464
f 1086//466 1091//467 1092//465
f 1086//466 1092//465 1087//463
f 1085//468 1090//468 1091//467
f 1085//468 1091//467 1086//466
f 1096//469 1093//469 1094//469
f 1096//469 1094//469 1095//469
f 1125//470 1120//470 1119//470
f 1125//470 1119//470 1124//470
f 1123//470 1119//470 1118//470
f 1123//470 1124//470 1119//470
f 1126//470 1120//470 1125//470
f 1112//470 1114//470 1113//470
f 1112//470 1115//470 1114//470
f 1112//470 1116//470 1115//470
f 1122//470 1118//470 1117//470
f 1122//470 1123//470 1118//470
f 1127//470 1120//470 1126//470
f 1121//470 1117//470 1116//470
f 1121//470 1116//470 1112//470
f 1121//470 1122//470 1117//470
f 1097//470 1120//470 1127//470
f 1128//470 1097//470 1127//470
f 1146//470 1121//470 1112//470
f 1129//470 1097//470 1128//470
f 1145//470 1112//470 1111//470
f 1145//470 1146//470 1112//470
f 1130//470 1097//470 1129//470
f 1144//470 1145//470 1111//470
f 1110//470 1144//470 1111//470
f 1143//470 1144//470 1110//470
f 1098//470 1097//470 1130//470
f 1098//470 1130//470 1131//470
f 1098//470 1131//470 1132//470
f 1109//470 1142//470 1143//470
f 1109//470 1143//470 1110//470
f 1099//470 1132//470 1133//470
f 1099//470 1098//470 1132//470
f 1108//470 1142//470 1109//470
f 1108//470 1141//470 1142//470
f 1100//470 1099//470 1133//470
f 1100//470 1133//470 1134//470
f 1107//470 1141//470 1108//470
f 1107//470 1140//470 1141//470
f 1101//470 1100//470 1134//470
f 1101//470 1134//470 1135//470
f 1106//470 1140//470 1107//470
f 1106//470 1139//470 1140//470
f 1102//470 1101//470 1135//470
f 1102//470 1135//470 1136//470
f 1105//470 1138//470 1139//470
f 1105//470 1139//470 1106//470
f 1103//470 1136//470 1137//470
f 1103//470 1102//470 1136//470
f 1104//470 1138//470 1105//470
f 1104//470 1103//470 1137//470
f 1104//470 1137//470 1138//470
f 1163//471 1161//472 1164//473
f 1165//474 1161//475 1160//476
s 0
f 1165//474 1164//473 1161//475
s 1
f 1166//477 1161//472 1163//471
f 1167//478 1163//471 1164//473
f 1167//478 1164//473 1165//474
s 0
f 1168//479 1162//480 1161//481
s 1
f 1168//482 1161//472 1166//477
f 1169//483 1158//484 1157//485
f 1169//483 1159//486 1158//484
f 1169//483 1160//476 1159//486
f 1169//483 1165//474 1160//476
f 1170//487 1166//477 1163//471
f 1170//487 1163//471 1167//478
f 1171//488 1162//489 1168//482
f 1172//490 1156//491 1155//492
f 1172//490 1157//485 1156//491
f 1172//490 1165//474 1169//483
f 1172//490 1167//478 1165//474
f 1172//490 1169//483 1157//485
f 1173//493 1166//477 1170//487
f 1173//493 1168//482 1166//477
f 1174//494 1162//489 1171//488
f 1175//495 1155//492 1154//496
f 1175//495 1172//490 1155//492
f 1175//495 1170//487 1167//478
f 1175//495 1167//478 1172//490
f 1176//497 1171//488 1168//482
f 1176//497 1168//482 1173//493
f 1177//498 1153//499 1152//500
f 1177//498 1154//496 1153//499
f 1177//498 1173//493 1170//487
f 1177//498 1175//495 1154//496
f 1177//498 1170//487 1175//495
f 1178//501 1147//502 1162//503
s 0
f 1178//504 1162//505 1174//506
s 1
f 1178//501 1174//494 1171//488
f 1178//501 1171//488 1176//497
f 1179//507 1151//508 1150//509
f 1179//507 1152//500 1151//508
f 1179//507 1177//498 1152//500
f 1179//507 1176//497 1173//493
f 1179//507 1173//493 1177//498
f 1180//510 1148//511 1147//502
f 1180//510 1149//512 1148//511
f 1180//510 1150//509 1149//512
f 1180//510 1147//502 1178//501
f 1180//510 1179//507 1150//509
f 1180//510 1178//501 1176//497
f 1180//510 1176//497 1179//507
f 1181//431 1183//431 1182//431
f 1181//431 1184//431 1183//431
f 1186//458 1185//459 1200//459
f 1186//458 1200//459 1214//457
f 1187//456 1214//457 1213//455
f 1187//456 1186//458 1214//457
f 1188//454 1213//455 1212//453
f 1188//454 1187//456 1213//455
f 1189//452 1212//453 1211//451
f 1189//452 1188//454 1212//453
f 1190//450 1211//451 1210//449
f 1190//450 1189//452 1211//451
f 1191//448 1210//449 1209//447
f 1191//448 1190//450 1210//449
f 1192//446 1209//447 1208//445
f 1192//446 1191//448 1209//447
f 1193//444 1208//445 1207//443
f 1193//444 1192//446 1208//445
f 1194//442 1207//443 1206//441
f 1194//442 1193//444 1207//443
f 1195//440 1206//441 1205//439
f 1195//440 1194//442 1206//441
f 1196//438 1205//439 1204//437
f 1196//438 1195//440 1205//439
f 1197//436 1204//437 1203//435
f 1197//436 1196//438 1204//437
f 1198//434 1203//435 1202//432
f 1198//434 1197//436 1203//435
f 1199//433 1202//432 1201//433
f 1199//433 1198//434 1202//432
f 1215//470 1216//513 1217//470
f 1215//470 1217//470 1218//470
f 1215//470 1218//470 1219//470
f 1215//470 1219//470 1220//470
f 1215//470 1220//470 1221//470
f 1215//470 1221//470 1222//470
f 1215//470 1222//470 1223//470
f 1215//470 1223//470 1224//470
f 1215//470 1224//470 1225//470
f 1215//470 1225//470 1226//470
f 1215//470 1226//470 1227//470
f 1215//470 1227//470 1228//470
f 1215//470 1228//470 1229//470
f 1215//470 1229//470 1232//470
f 1231//470 1230//470 1215//470
f 1231//470 1215//470 1232//470
f 1241//461 1238//461 1239//461
f 1240//461 1241//461 1239//461
f 1235//461 1241//461 1240//461
f 1280//461 1254//461 1255//461
f 1279//461 1253//461 1254//461
f 1279//461 1254//461 1280//461
f 1281//461 1255//461 1241//461
f 1281//461 1280//461 1255//461
f 1278//461 1252//461 1253//461
f 1278//461 1253//461 1279//461
f 1282//461 1281//461 1241//461
f 1277//461 1251//461 1252//461
f 1277//461 1252//461 1278//461
f 1257//461 1235//461 1236//461
f 1257//461 1241//461 1235//461
f 1257//461 1282//461 1241//461
f 1276//461 1250//461 1251//461
f 1276//461 1251//461 1277//461
f 1258//461 1236//461 1237//461
f 1258//461 1257//461 1236//461
f 1275//461 1249//461 1250//461
f 1275//461 1250//461 1276//461
f 1259//461 1237//461 1233//461
f 1259//461 1258//461 1237//461
f 1274//461 1249//461 1275//461
f 1248//461 1249//461 1274//461
f 1260//461 1259//461 1233//461
f 1273//461 1248//461 1274//461
f 1261//461 1260//461 1233//461
f 1247//461 1273//461 1272//461
f 1247//461 1248//461 1273//461
f 1234//461 1261//461 1233//461
f 1234//461 1262//461 1261//461
f 1263//461 1262//461 1234//461
f 1246//461 1247//461 1272//461
f 1246//461 1272//461 1271//461
f 1245//461 1246//461 1271//461
f 1245//461 1271//461 1270//461
f 1244//461 1270//461 1269//461
f 1244//461 1245//461 1270//461
f 1243//461 1269//461 1268//461
f 1243//461 1244//461 1269//461
f 1242//461 1267//461 1266//461
f 1242//461 1268//461 1267//461
f 1242//461 1243//461 1268//461
f 1256//461 1263//461 1234//461
f 1256//461 1242//461 1266//461
f 1256//461 1264//461 1263//461
f 1256//461 1265//461 1264//461
f 1256//461 1266//461 1265//461
f 1299//514 1297//515 1300//516
f 1301//517 1297//518 1283//519
s 0
f 1301//517 1300//520 1297//515
s 1
f 1302//521 1297//515 1299//514
f 1303//522 1299//514 1300//516
f 1303//522 1300//516 1301//517
s 0
f 1304//523 1298//480 1297//524
s 1
f 1304//525 1297//515 1302//521
f 1305//526 1283//519 1284//527
f 1305//526 1284//527 1285//528
f 1305//526 1285//528 1286//529
f 1305//526 1301//517 1283//519
f 1306//530 1302//521 1299//514
f 1306//530 1299//514 1303//522
f 1307//531 1298//532 1304//525
f 1308//533 1286//529 1287//534
f 1308//533 1287//534 1288//535
f 1308//533 1301//517 1305//526
f 1308//533 1303//522 1301//517
f 1308//533 1305//526 1286//529
f 1309//536 1304//525 1302//521
f 1309//536 1302//521 1306//530
f 1310//537 1298//532 1307//531
f 1311//538 1288//535 1289//539
f 1311//538 1308//533 1288//535
f 1311//538 1306//530 1303//522
f 1311//538 1303//522 1308//533
f 1312//540 1304//525 1309//536
f 1312//540 1307//531 1304//525
f 1313//541 1289//539 1290//542
f 1313//541 1290//542 1291//543
f 1313//541 1311//538 1289//539
f 1313//541 1309//536 1306//530
f 1313//541 1306//530 1311//538
f 1314//544 1296//545 1298//546
s 0
f 1314//544 1298//532 1310//537
s 1
f 1314//544 1310//537 1307//531
f 1314//544 1307//531 1312//540
f 1315//547 1291//543 1292//548
f 1315//547 1292//548 1293//549
f 1315//547 1312//540 1309//536
f 1315//547 1309//536 1313//541
f 1315//547 1313//541 1291//543
f 1316//550 1293//549 1294//551
f 1316//550 1294//551 1295//552
f 1316//550 1295//552 1296//545
f 1316//550 1296//545 1314//544
f 1316//550 1315//547 1293//549
f 1316//550 1314//544 1312//540
f 1316//550 1312//540 1315//547
f 1320//353 1317//353 1318//353
f 1320//353 1318//353 1319//353
o empty_113
v 0.100277 0.049699 0.114358
v 0.100212 0.049699 0.114351
v 0.100151 0.049699 0.114327
v 0.100097 0.049699 0.114290
v 0.100053 0.049699 0.114241
v 0.100023 0.049699 0.114183
v 0.100007 0.049699 0.114120
v 0.100007 0.049699 0.114055
v 0.100023 0.049699 0.113991
v 0.100053 0.049699 0.113933
v 0.100097 0.049699 0.113884
v 0.100151 0.049699 0.113847
v 0.100212 0.049699 0.113824
v 0.100277 0.049699 0.113816
v 0.100277 0.045695 0.111013
v 0.100277 0.045695 0.117161
v 0.099541 0.045695 0.117072
v 0.098848 0.045695 0.116809
v 0.098238 0.045695 0.116388
v 0.097747 0.045695 0.115834
v 0.097402 0.045695 0.115177
v 0.097225 0.045695 0.114458
v 0.097225 0.045695 0.113717
v 0.097402 0.045695 0.112997
v 0.097747 0.045695 0.112341
v 0.098238 0.045695 0.111786
v 0.098848 0.045695 0.111365
v 0.099541 0.045695 0.111102
v 0.099855 0.048698 0.114963
v 0.099517 0.048698 0.114693
v 0.099551 0.047697 0.115594
v 0.099329 0.048698 0.114303
v 0.098969 0.047697 0.115130
v 0.099329 0.048698 0.113871
v 0.099247 0.046696 0.116226
v 0.098646 0.047697 0.114459
v 0.099517 0.048698 0.113481
v 0.098421 0.046696 0.115567
v 0.098646 0.047697 0.113715
v 0.099855 0.048698 0.113211
v 0.097963 0.046696 0.114615
v 0.098969 0.047697 0.113044
v 0.097963 0.046696 0.113559
v 0.099551 0.047697 0.112580
v 0.098421 0.046696 0.112607
v 0.099247 0.046696 0.111949
v 0.100277 -0.036768 0.113816
v 0.100342 -0.036768 0.113824
v 0.100403 -0.036768 0.113847
v 0.100457 -0.036768 0.113884
v 0.100500 -0.036768 0.113933
v 0.100530 -0.036768 0.113991
v 0.100546 -0.036768 0.114055
v 0.100546 -0.036768 0.114120
v 0.100530 -0.036768 0.114183
v 0.100500 -0.036768 0.114241
v 0.100457 -0.036768 0.114290
v 0.100403 -0.036768 0.114327
v 0.100342 -0.036768 0.114351
v 0.100277 -0.036768 0.114358
v 0.100277 -0.032765 0.111013
v 0.101012 -0.032765 0.111102
v 0.101705 -0.032765 0.111365
v 0.102315 -0.032765 0.111786
v 0.102807 -0.032765 0.112341
v 0.103151 -0.032765 0.112997
v 0.103328 -0.032765 0.113717
v 0.103328 -0.032765 0.114458
v 0.103151 -0.032765 0.115177
v 0.102807 -0.032765 0.115834
v 0.102315 -0.032765 0.116388
v 0.101705 -0.032765 0.116809
v 0.101012 -0.032765 0.117072
v 0.100277 -0.032765 0.117161
v 0.100698 -0.035767 0.114963
v 0.101037 -0.035767 0.114693
v 0.101002 -0.034766 0.115594
v 0.101224 -0.035767 0.114303
v 0.101584 -0.034766 0.115130
v 0.101224 -0.035767 0.113871
v 0.101306 -0.033765 0.116226
v 0.101907 -0.034766 0.114459
v 0.101037 -0.035767 0.113481
v 0.102132 -0.033765 0.115567
v 0.101907 -0.034766 0.113715
v 0.100698 -0.035767 0.113211
v 0.102591 -0.033765 0.114615
v 0.101584 -0.034766 0.113044
v 0.102591 -0.033765 0.113559
v 0.101002 -0.034766 0.112580
v 0.102132 -0.033765 0.112607
v 0.101306 -0.033765 0.111949
v 0.100277 -0.032765 0.108083
v 0.101491 -0.032765 0.108207
v 0.102655 -0.032765 0.108574
v 0.103721 -0.032765 0.109169
v 0.100277 0.045695 0.108083
v 0.101491 0.045695 0.108207
v 0.102655 0.045695 0.108574
v 0.103721 0.045695 0.109169
v 0.100277 -0.032765 0.108083
v 0.100277 0.045695 0.108083
v 0.098275 -0.032765 0.119748
v 0.097020 -0.032765 0.119132
v 0.095941 -0.032765 0.118241
v 0.095097 -0.032765 0.117125
v 0.094535 -0.032765 0.115845
v 0.094284 -0.032765 0.114469
v 0.094359 -0.032765 0.113072
v 0.094754 -0.032765 0.111730
v 0.095449 -0.032765 0.110516
v 0.096406 -0.032765 0.109496
v 0.097574 -0.032765 0.108725
v 0.098887 -0.032765 0.108246
v 0.098275 0.045695 0.119748
v 0.097020 0.045695 0.119132
v 0.095941 0.045695 0.118241
v 0.095097 0.045695 0.117125
v 0.094535 0.045695 0.115845
v 0.094284 0.045695 0.114469
v 0.094359 0.045695 0.113072
v 0.094754 0.045695 0.111730
v 0.095449 0.045695 0.110516
v 0.096406 0.045695 0.109496
v 0.097574 0.045695 0.108725
v 0.098887 0.045695 0.108246
v 0.106281 -0.032765 0.110961
v 0.106281 -0.032765 0.118190
v 0.106281 -0.053580 0.118190
v 0.106281 -0.053580 0.126096
v 0.106281 0.066511 0.126096
v 0.106281 0.066511 0.118190
v 0.106281 0.045695 0.118190
v 0.106281 0.045695 0.110961
v 0.103721 -0.032765 0.109169
v 0.106281 -0.032765 0.110961
v 0.106281 0.045695 0.110961
v 0.103721 0.045695 0.109169
v 0.106281 -0.032765 0.110961
v 0.106281 -0.032765 0.118190
v 0.104180 -0.032765 0.119662
v 0.102823 -0.032765 0.120398
v 0.101335 -0.032765 0.120810
v 0.099793 -0.032765 0.120875
v 0.098275 -0.032765 0.120591
v 0.098275 -0.032765 0.119748
v 0.097020 -0.032765 0.119132
v 0.095941 -0.032765 0.118241
v 0.095097 -0.032765 0.117125
v 0.094535 -0.032765 0.115845
v 0.094284 -0.032765 0.114469
v 0.094359 -0.032765 0.113072
v 0.094754 -0.032765 0.111730
v 0.095449 -0.032765 0.110516
v 0.096406 -0.032765 0.109496
v 0.097574 -0.032765 0.108725
v 0.098887 -0.032765 0.108246
v 0.100277 -0.032765 0.108083
v 0.101491 -0.032765 0.108207
v 0.102655 -0.032765 0.108574
v 0.103721 -0.032765 0.109169
v 0.100277 -0.032765 0.117161
v 0.099541 -0.032765 0.117072
v 0.098848 -0.032765 0.116809
v 0.098238 -0.032765 0.116388
v 0.097747 -0.032765 0.115834
v 0.097402 -0.032765 0.115177
v 0.097225 -0.032765 0.114458
v 0.097225 -0.032765 0.113717
v 0.097402 -0.032765 0.112997
v 0.097747 -0.032765 0.112341
v 0.098238 -0.032765 0.111786
v 0.098848 -0.032765 0.111365
v 0.099541 -0.032765 0.111102
v 0.100277 -0.032765 0.111013
v 0.101012 -0.032765 0.111102
v 0.101705 -0.032765 0.111365
v 0.102315 -0.032765 0.111786
v 0.102807 -0.032765 0.112341
v 0.103151 -0.032765 0.112997
v 0.103328 -0.032765 0.113717
v 0.103328 -0.032765 0.114458
v 0.103151 -0.032765 0.115177
v 0.102807 -0.032765 0.115834
v 0.102315 -0.032765 0.116388
v 0.101705 -0.032765 0.116809
v 0.101012 -0.032765 0.117072
v 0.106281 -0.053580 0.126096
v 0.106281 0.066511 0.126096
v 0.100677 -0.053580 0.126096
v 0.100677 0.066511 0.126096
v 0.098275 -0.053580 0.120591
v 0.098275 -0.032765 0.120591
v 0.098275 -0.032765 0.119748
v 0.098275 0.045695 0.119748
v 0.098275 0.045695 0.120591
v 0.098275 0.066511 0.120591
v 0.098275 0.066511 0.122093
v 0.098275 0.070514 0.122093
v 0.098275 0.070514 0.134103
v 0.098275 -0.057583 0.134103
v 0.098275 -0.057583 0.122093
v 0.098275 -0.053580 0.122093
v 0.098275 -0.053580 0.120591
v 0.098275 -0.032765 0.120591
v 0.099793 -0.053580 0.120875
v 0.101335 -0.053580 0.120810
v 0.102823 -0.053580 0.120398
v 0.104180 -0.053580 0.119662
v 0.104180 -0.032765 0.119662
v 0.102823 -0.032765 0.120398
v 0.101335 -0.032765 0.120810
v 0.099793 -0.032765 0.120875
v 0.104180 -0.053580 0.119662
v 0.104180 -0.032765 0.119662
v 0.106281 -0.053580 0.118190
v 0.106281 -0.032765 0.118190
v 0.106281 -0.053580 0.118190
v 0.106281 -0.053580 0.126096
v 0.104180 -0.053580 0.119662
v 0.098275 -0.053580 0.120591
v 0.099793 -0.053580 0.120875
v 0.101335 -0.053580 0.120810
v 0.102823 -0.053580 0.120398
v 0.098275 -0.053580 0.122093
v 0.100677 -0.053580 0.122093
v 0.100677 -0.053580 0.126096
v 0.100277 -0.036768 0.113816
v 0.100277 -0.032765 0.111013
v 0.100277 -0.036768 0.114358
v 0.100212 -0.036768 0.114351
v 0.100151 -0.036768 0.114327
v 0.100097 -0.036768 0.114290
v 0.100053 -0.036768 0.114241
v 0.100023 -0.036768 0.114183
v 0.100007 -0.036768 0.114120
v 0.100007 -0.036768 0.114055
v 0.100023 -0.036768 0.113991
v 0.100053 -0.036768 0.113933
v 0.100097 -0.036768 0.113884
v 0.100151 -0.036768 0.113847
v 0.100212 -0.036768 0.113824
v 0.100277 -0.032765 0.117161
v 0.099541 -0.032765 0.117072
v 0.098848 -0.032765 0.116809
v 0.098238 -0.032765 0.116388
v 0.097747 -0.032765 0.115834
v 0.097402 -0.032765 0.115177
v 0.097225 -0.032765 0.114458
v 0.097225 -0.032765 0.113717
v 0.097402 -0.032765 0.112997
v 0.097747 -0.032765 0.112341
v 0.098238 -0.032765 0.111786
v 0.098848 -0.032765 0.111365
v 0.099541 -0.032765 0.111102
v 0.099855 -0.035767 0.113211
v 0.099517 -0.035767 0.113481
v 0.099551 -0.034766 0.112580
v 0.099329 -0.035767 0.113871
v 0.098969 -0.034766 0.113044
v 0.099329 -0.035767 0.114303
v 0.099247 -0.033765 0.111949
v 0.098646 -0.034766 0.113715
v 0.099517 -0.035767 0.114693
v 0.098421 -0.033765 0.112607
v 0.098646 -0.034766 0.114459
v 0.099855 -0.035767 0.114963
v 0.097963 -0.033765 0.113559
v 0.098969 -0.034766 0.115130
v 0.097963 -0.033765 0.114615
v 0.099551 -0.034766 0.115594
v 0.098421 -0.033765 0.115567
v 0.099247 -0.033765 0.116226
v 0.100277 -0.036768 0.114358
v 0.100212 -0.036768 0.114351
v 0.100151 -0.036768 0.114327
v 0.100097 -0.036768 0.114290
v 0.100053 -0.036768 0.114241
v 0.100023 -0.036768 0.114183
v 0.100007 -0.036768 0.114120
v 0.100007 -0.036768 0.114055
v 0.100023 -0.036768 0.113991
v 0.100053 -0.036768 0.113933
v 0.100097 -0.036768 0.113884
v 0.100151 -0.036768 0.113847
v 0.100212 -0.036768 0.113824
v 0.100277 -0.036768 0.113816
v 0.100342 -0.036768 0.113824
v 0.100403 -0.036768 0.113847
v 0.100457 -0.036768 0.113884
v 0.100500 -0.036768 0.113933
v 0.100530 -0.036768 0.113991
v 0.100546 -0.036768 0.114055
v 0.100546 -0.036768 0.114120
v 0.100530 -0.036768 0.114183
v 0.100500 -0.036768 0.114241
v 0.100457 -0.036768 0.114290
v 0.100403 -0.036768 0.114327
v 0.100342 -0.036768 0.114351
v 0.106281 0.045695 0.110961
v 0.106281 0.045695 0.118190
v 0.103721 0.045695 0.109169
v 0.100277 0.045695 0.108083
v 0.101491 0.045695 0.108207
v 0.102655 0.045695 0.108574
v 0.098275 0.045695 0.119748
v 0.097020 0.045695 0.119132
v 0.095941 0.045695 0.118241
v 0.095097 0.045695 0.117125
v 0.094535 0.045695 0.115845
v 0.094284 0.045695 0.114469
v 0.094359 0.045695 0.113072
v 0.094754 0.045695 0.111730
v 0.095449 0.045695 0.110516
v 0.096406 0.045695 0.109496
v 0.097574 0.045695 0.108725
v 0.098887 0.045695 0.108246
v 0.098275 0.045695 0.120591
v 0.104180 0.045695 0.119662
v 0.102823 0.045695 0.120398
v 0.101335 0.045695 0.120810
v 0.099793 0.045695 0.120875
v 0.100277 0.045695 0.117161
v 0.099541 0.045695 0.117072
v 0.098848 0.045695 0.116809
v 0.098238 0.045695 0.116388
v 0.097747 0.045695 0.115834
v 0.097402 0.045695 0.115177
v 0.097225 0.045695 0.114458
v 0.097225 0.045695 0.113717
v 0.097402 0.045695 0.112997
v 0.097747 0.045695 0.112341
v 0.098238 0.045695 0.111786
v 0.098848 0.045695 0.111365
v 0.099541 0.045695 0.111102
v 0.100277 0.045695 0.111013
v 0.101012 0.045695 0.111102
v 0.101705 0.045695 0.111365
v 0.102315 0.045695 0.111786
v 0.102807 0.045695 0.112341
v 0.103151 0.045695 0.112997
v 0.103328 0.045695 0.113717
v 0.103328 0.045695 0.114458
v 0.103151 0.045695 0.115177
v 0.102807 0.045695 0.115834
v 0.102315 0.045695 0.116388
v 0.101705 0.045695 0.116809
v 0.101012 0.045695 0.117072
v 0.104180 0.066511 0.119662
v 0.104180 0.045695 0.119662
v 0.098275 0.066511 0.120591
v 0.099793 0.066511 0.120875
v 0.101335 0.066511 0.120810
v 0.102823 0.066511 0.120398
v 0.098275 0.045695 0.120591
v 0.102823 0.045695 0.120398
v 0.101335 0.045695 0.120810
v 0.099793 0.045695 0.120875
v 0.106281 0.066511 0.118190
v 0.106281 0.045695 0.118190
v 0.104180 0.066511 0.119662
v 0.104180 0.045695 0.119662
v 0.098275 0.066511 0.122093
v 0.098275 0.066511 0.120591
v 0.099793 0.066511 0.120875
v 0.101335 0.066511 0.120810
v 0.102823 0.066511 0.120398
v 0.104180 0.066511 0.119662
v 0.106281 0.066511 0.118190
v 0.106281 0.066511 0.126096
v 0.100677 0.066511 0.126096
v 0.100677 0.066511 0.122093
v 0.100277 0.049699 0.113816
v 0.100277 0.045695 0.111013
v 0.100342 0.049699 0.113824
v 0.100403 0.049699 0.113847
v 0.100457 0.049699 0.113884
v 0.100500 0.049699 0.113933
v 0.100530 0.049699 0.113991
v 0.100546 0.049699 0.114055
v 0.100546 0.049699 0.114120
v 0.100530 0.049699 0.114183
v 0.100500 0.049699 0.114241
v 0.100457 0.049699 0.114290
v 0.100403 0.049699 0.114327
v 0.100342 0.049699 0.114351
v 0.100277 0.049699 0.114358
v 0.100277 0.045695 0.117161
v 0.101012 0.045695 0.111102
v 0.101705 0.045695 0.111365
v 0.102315 0.045695 0.111786
v 0.102807 0.045695 0.112341
v 0.103151 0.045695 0.112997
v 0.103328 0.045695 0.113717
v 0.103328 0.045695 0.114458
v 0.103151 0.045695 0.115177
v 0.102807 0.045695 0.115834
v 0.102315 0.045695 0.116388
v 0.101705 0.045695 0.116809
v 0.101012 0.045695 0.117072
v 0.100698 0.048698 0.113211
v 0.101037 0.048698 0.113481
v 0.101002 0.047697 0.112580
v 0.101224 0.048698 0.113871
v 0.101584 0.047697 0.113044
v 0.101224 0.048698 0.114303
v 0.101306 0.046696 0.111949
v 0.101907 0.047697 0.113715
v 0.101037 0.048698 0.114693
v 0.102132 0.046696 0.112607
v 0.101907 0.047697 0.114459
v 0.100698 0.048698 0.114963
v 0.102591 0.046696 0.113559
v 0.101584 0.047697 0.115130
v 0.102591 0.046696 0.114615
v 0.101002 0.047697 0.115594
v 0.102132 0.046696 0.115567
v 0.101306 0.046696 0.116226
v 0.100277 0.049699 0.114358
v 0.100212 0.049699 0.114351
v 0.100151 0.049699 0.114327
v 0.100097 0.049699 0.114290
v 0.100053 0.049699 0.114241
v 0.100023 0.049699 0.114183
v 0.100007 0.049699 0.114120
v 0.100007 0.049699 0.114055
v 0.100023 0.049699 0.113991
v 0.100053 0.049699 0.113933
v 0.100097 0.049699 0.113884
v 0.100151 0.049699 0.113847
v 0.100212 0.049699 0.113824
v 0.100277 0.049699 0.113816
v 0.100342 0.049699 0.113824
v 0.100403 0.049699 0.113847
v 0.100457 0.049699 0.113884
v 0.100500 0.049699 0.113933
v 0.100530 0.049699 0.113991
v 0.100546 0.049699 0.114055
v 0.100546 0.049699 0.114120
v 0.100530 0.049699 0.114183
v 0.100500 0.049699 0.114241
v 0.100457 0.049699 0.114290
v 0.100403 0.049699 0.114327
v 0.100342 0.049699 0.114351
v 0.100677 -0.053580 0.126096
v 0.100677 -0.053580 0.122093
v 0.100677 0.066511 0.126096
v 0.100677 0.066511 0.122093
v 0.100677 0.070514 0.122093
v 0.100677 0.070514 0.134103
v 0.100677 -0.057583 0.134103
v 0.100677 -0.057583 0.122093
v 0.100677 -0.053580 0.122093
v 0.098275 -0.053580 0.122093
v 0.100677 -0.057583 0.122093
v 0.098275 -0.057583 0.122093
v 0.098275 0.066511 0.122093
v 0.100677 0.066511 0.122093
v 0.098275 0.070514 0.122093
v 0.100677 0.070514 0.122093
v 0.098275 0.070514 0.122093
v 0.098275 0.070514 0.134103
v 0.100677 0.070514 0.134103
v 0.100677 0.070514 0.122093
v 0.100677 -0.057583 0.122093
v 0.100677 -0.057583 0.134103
v 0.098275 -0.057583 0.134103
v 0.098275 -0.057583 0.122093
v 0.100677 -0.057583 0.134103
v 0.100677 0.070514 0.134103
v 0.098275 -0.057583 0.134103
v 0.098275 0.070514 0.134103
vn -0.4750 0.5672 0.6728
vn -0.1821 0.5635 0.8058
vn -0.1980 0.5620 0.8031
vn -0.3808 0.5733 0.7255
vn -0.5228 0.5635 0.6397
vn -0.6751 0.5715 0.4665
vn -0.6749 0.5723 0.4658
vn -0.7512 0.5636 0.3435
vn -0.3088 0.5728 0.7593
vn -0.1702 0.5739 0.8010
vn -0.8102 0.5717 0.1292
vn -0.8256 0.5638 0.0230
vn -0.6565 0.5734 0.4902
vn -0.7874 0.5719 -0.2300
vn -0.8152 0.5707 -0.0990
vn -0.7512 0.5636 -0.3435
vn -0.3470 0.5914 0.7279
vn -0.1913 0.6005 0.7764
vn -0.3804 0.5744 0.7248
vn -0.5242 0.5858 0.6181
vn -0.8041 0.5734 0.1568
vn -0.6088 0.5717 -0.5500
vn -0.6749 0.5723 -0.4658
vn -0.5228 0.5635 -0.6397
vn -0.6278 0.5870 0.5112
vn -0.6724 0.5767 0.4641
vn -0.7467 0.5861 0.3144
vn -0.7925 0.5734 -0.2077
vn -0.4490 0.5686 -0.6892
vn -0.3808 0.5733 -0.7255
vn -0.1979 0.5620 -0.8031
vn -0.1821 0.5635 -0.8058
vn -0.7851 0.5841 0.2058
vn -0.8078 0.5866 0.0570
vn -0.6240 0.5734 -0.5310
vn -0.7980 0.5860 -0.1404
vn -0.8083 0.5805 -0.0982
vn -0.7467 0.5861 -0.3144
vn -0.2875 0.5720 -0.7682
vn -0.1702 0.5739 -0.8010
vn -0.6539 0.5867 -0.4777
vn -0.6724 0.5767 -0.4641
vn -0.5242 0.5858 -0.6181
vn -0.3670 0.5893 -0.7198
vn -0.3804 0.5744 -0.7248
vn -0.1914 0.6005 -0.7764
vn 0.4750 -0.5672 0.6728
vn 0.3808 -0.5733 0.7255
vn 0.5228 -0.5635 0.6397
vn 0.1979 -0.5620 0.8031
vn 0.1821 -0.5635 0.8058
vn 0.6751 -0.5715 0.4665
vn 0.6749 -0.5723 0.4658
vn 0.7512 -0.5636 0.3435
vn 0.3088 -0.5728 0.7593
vn 0.1702 -0.5739 0.8010
vn 0.8102 -0.5717 0.1292
vn 0.8256 -0.5638 0.0230
vn 0.6565 -0.5734 0.4902
vn 0.7874 -0.5719 -0.2300
vn 0.8152 -0.5706 -0.0990
vn 0.7512 -0.5636 -0.3435
vn 0.3470 -0.5914 0.7279
vn 0.5242 -0.5858 0.6181
vn 0.3804 -0.5744 0.7248
vn 0.1913 -0.6005 0.7764
vn 0.8041 -0.5734 0.1568
vn 0.6088 -0.5717 -0.5500
vn 0.6749 -0.5723 -0.4658
vn 0.5228 -0.5635 -0.6397
vn 0.6278 -0.5870 0.5112
vn 0.7467 -0.5861 0.3144
vn 0.6724 -0.5767 0.4641
vn 0.7925 -0.5734 -0.2077
vn 0.4490 -0.5687 -0.6892
vn 0.1979 -0.5620 -0.8031
vn 0.1821 -0.5635 -0.8058
vn 0.3808 -0.5733 -0.7255
vn 0.7851 -0.5841 0.2058
vn 0.8078 -0.5866 0.0570
vn 0.6240 -0.5734 -0.5310
vn 0.7980 -0.5860 -0.1404
vn 0.7467 -0.5861 -0.3144
vn 0.8083 -0.5805 -0.0982
vn 0.2875 -0.5720 -0.7682
vn 0.1702 -0.5739 -0.8010
vn 0.6539 -0.5867 -0.4777
vn 0.5242 -0.5858 -0.6181
vn 0.6724 -0.5767 -0.4641
vn 0.3670 -0.5893 -0.7198
vn 0.1913 -0.6005 -0.7764
vn 0.3804 -0.5744 -0.7248
vn 0.4271 -0.0000 -0.9042
vn 0.4874 -0.0000 -0.8732
vn 0.3646 -0.0000 -0.9312
vn 0.2354 -0.0000 -0.9719
vn 0.1688 -0.0000 -0.9857
vn 0.1016 -0.0000 -0.9948
vn -0.1932 -0.0000 -0.9812
vn -0.1165 -0.0000 -0.9932
vn -0.2692 -0.0000 -0.9631
vn -0.4149 -0.0000 -0.9098
vn -0.4847 -0.0000 -0.8747
vn -0.6142 -0.0000 -0.7891
vn -0.6739 -0.0000 -0.7388
vn -0.7801 -0.0000 -0.6256
vn -0.8266 -0.0000 -0.5629
vn -0.9037 -0.0000 -0.4281
vn -0.9344 -0.0000 -0.3563
vn -0.9782 -0.0000 -0.2074
vn -0.9914 -0.0000 -0.1305
vn -0.9997 -0.0000 0.0245
vn -0.9947 -0.0000 0.1024
vn -0.9669 -0.0000 0.2551
vn -0.9441 -0.0000 0.3298
vn -0.8816 -0.0000 0.4719
vn -0.8421 -0.0000 0.5393
vn -0.7485 -0.0000 0.6631
vn -0.6945 -0.0000 0.7195
vn -0.5748 -0.0000 0.8183
vn -0.5092 -0.0000 0.8606
vn -0.4409 -0.0000 0.8976
vn 1.0000 -0.0000 -0.0000
vn 0.5736 -0.0000 -0.8192
vn -0.0000 -1.0000 -0.0000
vn -0.0000 -0.0000 1.0000
vn -1.0000 -0.0000 -0.0000
vn 0.1090 -0.0000 -0.9940
vn 0.1838 -0.0000 -0.9830
vn 0.0332 -0.0000 -0.9995
vn -0.1179 -0.0000 -0.9930
vn -0.1930 -0.0000 -0.9812
vn -0.3387 -0.0000 -0.9409
vn -0.4092 -0.0000 -0.9125
vn -0.4770 -0.0000 -0.8789
vn -0.5736 -0.0000 -0.8192
vn -0.4750 -0.5672 -0.6728
vn -0.3808 -0.5733 -0.7255
vn -0.5228 -0.5635 -0.6397
vn -0.1980 -0.5620 -0.8031
vn -0.1821 -0.5635 -0.8058
vn -0.6751 -0.5715 -0.4665
vn -0.6749 -0.5723 -0.4658
vn -0.7512 -0.5636 -0.3435
vn -0.3089 -0.5728 -0.7593
vn -0.1702 -0.5739 -0.8010
vn -0.8102 -0.5717 -0.1292
vn -0.8256 -0.5638 -0.0230
vn -0.6565 -0.5734 -0.4902
vn -0.7874 -0.5719 0.2300
vn -0.8152 -0.5707 0.0990
vn -0.7512 -0.5636 0.3435
vn -0.3470 -0.5914 -0.7279
vn -0.5242 -0.5858 -0.6181
vn -0.3804 -0.5744 -0.7248
vn -0.1913 -0.6005 -0.7764
vn -0.8041 -0.5734 -0.1568
vn -0.6088 -0.5717 0.5500
vn -0.6749 -0.5723 0.4658
vn -0.5228 -0.5635 0.6397
vn -0.6278 -0.5870 -0.5112
vn -0.7467 -0.5861 -0.3144
vn -0.6724 -0.5767 -0.4641
vn -0.7925 -0.5734 0.2077
vn -0.4490 -0.5687 0.6892
vn -0.1980 -0.5620 0.8031
vn -0.1821 -0.5635 0.8058
vn -0.3808 -0.5733 0.7255
vn -0.7851 -0.5841 -0.2058
vn -0.8078 -0.5866 -0.0570
vn -0.6240 -0.5734 0.5310
vn -0.7980 -0.5860 0.1404
vn -0.7467 -0.5861 0.3144
vn -0.8083 -0.5805 0.0982
vn -0.2875 -0.5720 0.7682
vn -0.1701 -0.5739 0.8010
vn -0.6539 -0.5867 0.4777
vn -0.5242 -0.5858 0.6181
vn -0.6724 -0.5767 0.4641
vn -0.3670 -0.5893 0.7198
vn -0.1913 -0.6005 0.7764
vn -0.3804 -0.5744 0.7248
vn -0.0000 -1.0000 0.0001
vn -0.0000 -1.0000 -0.0001
vn -0.0000 1.0000 -0.0000
vn 0.4750 0.5672 -0.6728
vn 0.1821 0.5635 -0.8058
vn 0.1979 0.5620 -0.8031
vn 0.3808 0.5733 -0.7255
vn 0.5228 0.5635 -0.6397
vn 0.6751 0.5715 -0.4665
vn 0.6749 0.5723 -0.4658
vn 0.7512 0.5636 -0.3435
vn 0.3089 0.5728 -0.7593
vn 0.1702 0.5739 -0.8010
vn 0.8102 0.5717 -0.1292
vn 0.8256 0.5638 -0.0230
vn 0.6565 0.5734 -0.4902
vn 0.7874 0.5719 0.2300
vn 0.8152 0.5706 0.0990
vn 0.7512 0.5636 0.3435
vn 0.3470 0.5914 -0.7279
vn 0.1914 0.6005 -0.7764
vn 0.3804 0.5744 -0.7248
vn 0.5242 0.5858 -0.6181
vn 0.8041 0.5734 -0.1568
vn 0.6088 0.5717 0.5501
vn 0.6749 0.5723 0.4658
vn 0.5228 0.5635 0.6397
vn 0.6278 0.5870 -0.5112
vn 0.6724 0.5767 -0.4641
vn 0.7467 0.5861 -0.3144
vn 0.7925 0.5734 0.2076
vn 0.4490 0.5686 0.6892
vn 0.3808 0.5733 0.7255
vn 0.1979 0.5620 0.8031
vn 0.1821 0.5635 0.8058
vn 0.7851 0.5841 -0.2058
vn 0.8078 0.5866 -0.0570
vn 0.6240 0.5734 0.5310
vn 0.7980 0.5860 0.1403
vn 0.8083 0.5805 0.0982
vn 0.7467 0.5861 0.3144
vn 0.2875 0.5720 0.7682
vn 0.1702 0.5739 0.8010
vn 0.6539 0.5867 0.4777
vn 0.6724 0.5767 0.4641
vn 0.5242 0.5858 0.6181
vn 0.3670 0.5893 0.7198
vn 0.3804 0.5744 0.7248
vn 0.1913 0.6005 0.7764
vn -0.0000 1.0000 0.0001
vn -0.0000 1.0000 -0.0001
vn -0.0000 1.0000 0.0002
vn -0.0000 -0.0000 -1.0000
s 1
usemtl material468
f 1349//553 1321//554 1322//555
f 1349//553 1322//555 1323//556
f 1349//553 1323//556 1324//557
f 1350//558 1324//557 1325//559
f 1350//558 1325//559 1326//560
f 1350//558 1349//553 1324//557
f 1351//561 1336//562 1321//554
f 1351//561 1321//554 1349//553
f 1352//563 1326//560 1327//564
f 1352//563 1350//558 1326//560
f 1353//565 1349//553 1350//558
f 1353//565 1351//561 1349//553
f 1354//566 1327//564 1328//567
f 1354//566 1328//567 1329//568
f 1354//566 1352//563 1327//564
f 1355//569 1337//570 1336//562
f 1355//569 1338//571 1337//570
f 1355//569 1339//572 1338//571
f 1355//569 1336//562 1351//561
f 1356//573 1353//565 1350//558
f 1356//573 1350//558 1352//563
f 1357//574 1329//568 1330//575
f 1357//574 1330//575 1331//576
f 1357//574 1354//566 1329//568
f 1358//577 1340//578 1339//572
f 1358//577 1341//579 1340//578
f 1358//577 1355//569 1351//561
f 1358//577 1351//561 1353//565
f 1358//577 1339//572 1355//569
f 1359//580 1352//563 1354//566
f 1359//580 1356//573 1352//563
f 1360//581 1331//576 1332//582
f 1360//581 1332//582 1333//583
f 1360//581 1333//583 1334//584
f 1360//581 1357//574 1331//576
f 1361//585 1342//586 1341//579
f 1361//585 1341//579 1358//577
f 1361//585 1353//565 1356//573
f 1361//585 1358//577 1353//565
f 1362//587 1359//580 1354//566
f 1362//587 1354//566 1357//574
f 1363//588 1343//589 1342//586
f 1363//588 1344//590 1343//589
f 1363//588 1342//586 1361//585
f 1363//588 1356//573 1359//580
f 1363//588 1361//585 1356//573
f 1364//591 1334//584 1335//592
f 1364//591 1360//581 1334//584
f 1364//591 1357//574 1360//581
f 1364//591 1362//587 1357//574
f 1365//593 1345//594 1344//590
f 1365//593 1346//595 1345//594
f 1365//593 1359//580 1362//587
f 1365//593 1363//588 1359//580
f 1365//593 1344//590 1363//588
f 1366//596 1362//587 1364//591
f 1366//596 1347//597 1346//595
f 1366//596 1348//598 1347//597
f 1366//596 1335//592 1348//598
f 1366//596 1364//591 1335//592
f 1366//596 1346//595 1365//593
f 1366//596 1365//593 1362//587
f 1395//599 1378//600 1377//601
f 1395//599 1379//602 1378//600
f 1395//599 1380//603 1379//602
f 1396//604 1376//605 1375//606
f 1396//604 1377//601 1376//605
f 1396//604 1395//599 1377//601
f 1397//607 1394//608 1380//603
f 1397//607 1380//603 1395//599
f 1398//609 1375//606 1374//610
f 1398//609 1396//604 1375//606
f 1399//611 1395//599 1396//604
f 1399//611 1397//607 1395//599
f 1400//612 1373//613 1372//614
f 1400//612 1374//610 1373//613
f 1400//612 1398//609 1374//610
f 1401//615 1391//616 1392//617
f 1401//615 1392//617 1393//618
f 1401//615 1393//618 1394//608
f 1401//615 1394//608 1397//607
f 1402//619 1399//611 1396//604
f 1402//619 1396//604 1398//609
f 1403//620 1371//621 1370//622
f 1403//620 1372//614 1371//621
f 1403//620 1400//612 1372//614
f 1404//623 1389//624 1390//625
f 1404//623 1390//625 1391//616
f 1404//623 1401//615 1397//607
f 1404//623 1391//616 1401//615
f 1404//623 1397//607 1399//611
f 1405//626 1402//619 1398//609
f 1405//626 1398//609 1400//612
f 1406//627 1368//628 1367//629
f 1406//627 1369//630 1368//628
f 1406//627 1370//622 1369//630
f 1406//627 1403//620 1370//622
f 1407//631 1388//632 1389//624
f 1407//631 1389//624 1404//623
f 1407//631 1404//623 1399//611
f 1407//631 1399//611 1402//619
f 1408//633 1400//612 1403//620
f 1408//633 1405//626 1400//612
f 1409//634 1386//635 1387//636
f 1409//634 1387//636 1388//632
f 1409//634 1402//619 1405//626
f 1409//634 1388//632 1407//631
f 1409//634 1407//631 1402//619
f 1410//637 1367//629 1381//638
f 1410//637 1406//627 1367//629
f 1410//637 1408//633 1403//620
f 1410//637 1403//620 1406//627
f 1411//639 1384//640 1385//641
f 1411//639 1385//641 1386//635
f 1411//639 1386//635 1409//634
f 1411//639 1405//626 1408//633
f 1411//639 1409//634 1405//626
f 1412//642 1411//639 1408//633
f 1412//642 1381//638 1382//643
f 1412//642 1382//643 1383//644
f 1412//642 1383//644 1384//640
f 1412//642 1410//637 1381//638
f 1412//642 1384//640 1411//639
f 1412//642 1408//633 1410//637
f 1419//645 1416//646 1415//647
f 1419//645 1420//646 1416//646
f 1418//648 1415//647 1414//649
f 1418//648 1419//645 1415//647
f 1417//650 1414//649 1413//650
f 1417//650 1418//648 1414//649
f 1446//651 1422//652 1421//652
f 1446//651 1421//652 1434//653
f 1445//654 1434//653 1433//655
f 1445//654 1446//651 1434//653
f 1444//656 1433//655 1432//657
f 1444//656 1445//654 1433//655
f 1443//658 1432//657 1431//659
f 1443//658 1444//656 1432//657
f 1442//660 1431//659 1430//661
f 1442//660 1443//658 1431//659
f 1441//662 1430//661 1429//663
f 1441//662 1442//660 1430//661
f 1440//664 1429//663 1428//665
f 1440//664 1441//662 1429//663
f 1439//666 1428//665 1427//667
f 1439//666 1440//664 1428//665
f 1438//668 1427//667 1426//669
f 1438//668 1439//666 1427//667
f 1437//670 1426//669 1425//671
f 1437//670 1438//668 1426//669
f 1436//672 1425//671 1424//673
f 1436//672 1437//670 1425//671
f 1435//674 1424//673 1423//674
f 1435//674 1436//672 1424//673
f 1453//675 1452//675 1451//675
f 1447//675 1454//675 1453//675
f 1447//675 1453//675 1448//675
f 1449//675 1448//675 1450//675
f 1450//675 1453//675 1451//675
f 1450//675 1448//675 1453//675
f 1455//676 1457//676 1456//676
f 1455//676 1458//676 1457//676
f 1499//677 1481//677 1459//677
f 1499//677 1498//677 1481//677
f 1497//677 1480//677 1481//677
f 1497//677 1481//677 1498//677
f 1500//677 1499//677 1459//677
f 1496//677 1479//677 1480//677
f 1496//677 1480//677 1497//677
f 1501//677 1500//677 1459//677
f 1495//677 1477//677 1478//677
f 1495//677 1478//677 1479//677
f 1495//677 1479//677 1496//677
f 1502//677 1501//677 1459//677
f 1494//677 1476//677 1477//677
f 1494//677 1477//677 1495//677
f 1460//677 1502//677 1459//677
f 1503//677 1502//677 1460//677
f 1493//677 1476//677 1494//677
f 1504//677 1503//677 1460//677
f 1475//677 1476//677 1493//677
f 1492//677 1475//677 1493//677
f 1474//677 1492//677 1491//677
f 1474//677 1475//677 1492//677
f 1461//677 1505//677 1504//677
f 1461//677 1506//677 1505//677
f 1461//677 1504//677 1460//677
f 1473//677 1474//677 1491//677
f 1473//677 1491//677 1490//677
f 1462//677 1507//677 1506//677
f 1462//677 1506//677 1461//677
f 1472//677 1473//677 1490//677
f 1472//677 1490//677 1489//677
f 1463//677 1507//677 1462//677
f 1463//677 1482//677 1507//677
f 1471//677 1489//677 1488//677
f 1471//677 1472//677 1489//677
f 1464//677 1482//677 1463//677
f 1470//677 1488//677 1487//677
f 1470//677 1471//677 1488//677
f 1466//677 1483//677 1482//677
f 1466//677 1484//677 1483//677
f 1466//677 1482//677 1464//677
f 1469//677 1487//677 1486//677
f 1469//677 1470//677 1487//677
f 1467//677 1485//677 1484//677
f 1467//677 1484//677 1466//677
f 1468//677 1469//677 1486//677
f 1468//677 1486//677 1485//677
f 1468//677 1485//677 1467//677
f 1465//677 1466//677 1464//677
f 1510//678 1508//678 1509//678
f 1510//678 1509//678 1511//678
f 1520//679 1519//679 1518//679
f 1516//679 1518//679 1517//679
f 1516//679 1520//679 1518//679
f 1513//679 1515//679 1514//679
f 1513//679 1516//679 1515//679
f 1523//679 1513//679 1512//679
f 1521//679 1523//679 1522//679
f 1521//679 1513//679 1523//679
f 1520//679 1513//679 1521//679
f 1520//679 1516//679 1513//679
f 1533//680 1524//681 1525//681
f 1533//680 1526//682 1524//681
f 1532//683 1527//684 1526//682
f 1532//683 1526//682 1533//680
f 1531//685 1528//686 1527//684
f 1531//685 1527//684 1532//683
f 1530//687 1529//687 1528//686
f 1530//687 1528//686 1531//685
f 1534//688 1537//688 1536//688
f 1534//688 1535//688 1537//688
f 1540//677 1538//677 1539//677
f 1544//677 1540//677 1539//677
f 1546//677 1539//677 1547//677
f 1546//677 1544//677 1539//677
f 1543//677 1544//677 1546//677
f 1542//677 1543//677 1546//677
f 1545//677 1542//677 1546//677
f 1541//677 1542//677 1545//677
f 1576//689 1561//690 1560//691
f 1576//689 1562//692 1561//690
f 1576//689 1548//693 1562//692
f 1577//694 1559//695 1558//696
f 1577//694 1560//691 1559//695
f 1577//694 1576//689 1560//691
f 1578//697 1549//698 1548//693
f 1578//697 1548//693 1576//689
f 1579//699 1558//696 1557//700
f 1579//699 1577//694 1558//696
f 1580//701 1576//689 1577//694
f 1580//701 1578//697 1576//689
f 1581//702 1556//703 1555//704
f 1581//702 1557//700 1556//703
f 1581//702 1579//699 1557//700
f 1582//705 1573//706 1574//707
f 1582//705 1574//707 1575//708
f 1582//705 1575//708 1549//698
f 1582//705 1549//698 1578//697
f 1583//709 1580//701 1577//694
f 1583//709 1577//694 1579//699
f 1584//710 1554//711 1553//712
f 1584//710 1555//704 1554//711
f 1584//710 1581//702 1555//704
f 1585//713 1571//714 1572//715
f 1585//713 1572//715 1573//706
f 1585//713 1582//705 1578//697
f 1585//713 1573//706 1582//705
f 1585//713 1578//697 1580//701
f 1586//716 1583//709 1579//699
f 1586//716 1579//699 1581//702
f 1587//717 1551//718 1550//719
f 1587//717 1552//720 1551//718
f 1587//717 1553//712 1552//720
f 1587//717 1584//710 1553//712
f 1588//721 1570//722 1571//714
f 1588//721 1571//714 1585//713
f 1588//721 1585//713 1580//701
f 1588//721 1580//701 1583//709
f 1589//723 1581//702 1584//710
f 1589//723 1586//716 1581//702
f 1590//724 1568//725 1569//726
f 1590//724 1569//726 1570//722
f 1590//724 1583//709 1586//716
f 1590//724 1570//722 1588//721
f 1590//724 1588//721 1583//709
f 1591//727 1550//719 1563//728
f 1591//727 1587//717 1550//719
f 1591//727 1589//723 1584//710
f 1591//727 1584//710 1587//717
f 1592//729 1566//730 1567//731
f 1592//729 1567//731 1568//725
f 1592//729 1568//725 1590//724
f 1592//729 1586//716 1589//723
f 1592//729 1590//724 1586//716
f 1593//732 1592//729 1589//723
f 1593//732 1563//728 1564//733
f 1593//732 1564//733 1565//734
f 1593//732 1565//734 1566//730
f 1593//732 1591//727 1563//728
f 1593//732 1566//730 1592//729
f 1593//732 1589//723 1591//727
f 1597//677 1594//677 1595//677
f 1597//677 1595//677 1596//677
f 1597//677 1598//677 1599//735
f 1597//677 1599//735 1600//677
f 1597//677 1600//677 1601//736
f 1597//677 1601//736 1602//677
f 1597//677 1602//677 1603//677
f 1597//677 1603//677 1604//677
f 1597//677 1604//677 1605//677
f 1597//677 1605//677 1606//677
f 1597//677 1606//677 1607//677
f 1597//677 1607//677 1608//735
f 1597//677 1608//735 1609//677
f 1597//677 1609//677 1610//736
f 1597//677 1610//736 1611//677
f 1597//677 1611//677 1612//735
f 1597//677 1612//735 1613//735
f 1597//677 1613//735 1614//736
f 1597//677 1614//736 1615//736
f 1597//677 1615//736 1616//677
f 1597//677 1616//677 1617//735
f 1597//677 1617//735 1618//735
f 1597//677 1618//735 1619//735
f 1597//677 1619//735 1594//677
f 1653//737 1635//737 1634//737
f 1652//737 1634//737 1633//737
f 1652//737 1653//737 1634//737
f 1654//737 1636//737 1635//737
f 1654//737 1635//737 1653//737
f 1651//737 1633//737 1632//737
f 1651//737 1652//737 1633//737
f 1655//737 1637//737 1636//737
f 1655//737 1636//737 1654//737
f 1650//737 1632//737 1631//737
f 1650//737 1651//737 1632//737
f 1656//737 1624//737 1623//737
f 1656//737 1623//737 1637//737
f 1656//737 1637//737 1655//737
f 1649//737 1631//737 1630//737
f 1649//737 1650//737 1631//737
f 1657//737 1625//737 1624//737
f 1657//737 1624//737 1656//737
f 1648//737 1630//737 1629//737
f 1648//737 1649//737 1630//737
f 1658//737 1622//737 1625//737
f 1658//737 1625//737 1657//737
f 1647//737 1648//737 1629//737
f 1659//737 1622//737 1658//737
f 1628//737 1647//737 1629//737
f 1646//737 1647//737 1628//737
f 1660//737 1622//737 1659//737
f 1627//737 1645//737 1646//737
f 1627//737 1646//737 1628//737
f 1620//737 1660//737 1661//737
f 1620//737 1661//737 1662//737
f 1620//737 1622//737 1660//737
f 1663//737 1620//737 1662//737
f 1626//737 1645//737 1627//737
f 1626//737 1643//737 1644//737
f 1626//737 1644//737 1645//737
f 1642//737 1643//737 1626//737
f 1642//737 1626//737 1638//737
f 1641//737 1668//737 1643//737
f 1641//737 1643//737 1642//737
f 1640//737 1668//737 1641//737
f 1640//737 1667//737 1668//737
f 1639//737 1667//737 1640//737
f 1639//737 1665//737 1666//737
f 1639//737 1666//737 1667//737
f 1621//737 1620//737 1663//737
f 1621//737 1665//737 1639//737
f 1621//737 1663//737 1664//737
f 1621//737 1664//737 1665//737
f 1676//686 1669//687 1670//687
f 1676//686 1674//685 1669//687
f 1677//684 1673//683 1674//685
f 1677//684 1674//685 1676//686
f 1678//682 1672//680 1673//683
f 1678//682 1673//683 1677//684
f 1675//681 1671//681 1672//680
f 1675//681 1672//680 1678//682
f 1682//688 1679//688 1680//688
f 1682//688 1681//688 1679//688
f 1685//737 1684//737 1683//737
f 1685//737 1683//737 1692//737
f 1690//737 1692//737 1691//737
f 1686//737 1685//737 1692//737
f 1687//737 1692//737 1690//737
f 1687//737 1686//737 1692//737
f 1688//737 1687//737 1690//737
f 1689//737 1688//737 1690//737
f 1721//738 1693//739 1695//740
f 1721//738 1695//740 1696//741
f 1721//738 1696//741 1697//742
f 1722//743 1697//742 1698//744
f 1722//743 1698//744 1699//745
f 1722//743 1721//738 1697//742
f 1723//746 1694//747 1693//739
f 1723//746 1693//739 1721//738
f 1724//748 1699//745 1700//749
f 1724//748 1722//743 1699//745
f 1725//750 1721//738 1722//743
f 1725//750 1723//746 1721//738
f 1726//751 1700//749 1701//752
f 1726//751 1701//752 1702//753
f 1726//751 1724//748 1700//749
f 1727//754 1709//755 1694//747
f 1727//754 1710//756 1709//755
f 1727//754 1711//757 1710//756
f 1727//754 1694//747 1723//746
f 1728//758 1725//750 1722//743
f 1728//758 1722//743 1724//748
f 1729//759 1702//753 1703//760
f 1729//759 1703//760 1704//761
f 1729//759 1726//751 1702//753
f 1730//762 1712//763 1711//757
f 1730//762 1713//764 1712//763
f 1730//762 1727//754 1723//746
f 1730//762 1711//757 1727//754
f 1730//762 1723//746 1725//750
f 1731//765 1728//758 1724//748
f 1731//765 1724//748 1726//751
f 1732//766 1704//761 1705//767
f 1732//766 1705//767 1706//768
f 1732//766 1706//768 1707//769
f 1732//766 1729//759 1704//761
f 1733//770 1714//771 1713//764
f 1733//770 1713//764 1730//762
f 1733//770 1725//750 1728//758
f 1733//770 1730//762 1725//750
f 1734//772 1726//751 1729//759
f 1734//772 1731//765 1726//751
f 1735//773 1715//774 1714//771
f 1735//773 1716//775 1715//774
f 1735//773 1714//771 1733//770
f 1735//773 1728//758 1731//765
f 1735//773 1733//770 1728//758
f 1736//776 1707//769 1708//777
f 1736//776 1732//766 1707//769
f 1736//776 1729//759 1732//766
f 1736//776 1734//772 1729//759
f 1737//778 1717//779 1716//775
f 1737//778 1718//780 1717//779
f 1737//778 1716//775 1735//773
f 1737//778 1731//765 1734//772
f 1737//778 1735//773 1731//765
f 1738//781 1737//778 1734//772
f 1738//781 1719//782 1718//780
f 1738//781 1720//783 1719//782
f 1738//781 1708//777 1720//783
f 1738//781 1718//780 1737//778
f 1738//781 1736//776 1708//777
f 1738//781 1734//772 1736//776
f 1762//784 1740//785 1739//737
f 1762//784 1741//784 1740//785
f 1762//784 1742//737 1741//784
f 1762//784 1743//784 1742//737
f 1762//784 1744//784 1743//784
f 1762//784 1745//737 1744//784
f 1762//784 1746//737 1745//737
f 1762//784 1747//785 1746//737
f 1762//784 1748//737 1747//785
f 1762//784 1749//737 1748//737
f 1762//784 1750//737 1749//737
f 1762//784 1751//737 1750//737
f 1762//784 1752//784 1751//737
f 1762//784 1753//737 1752//784
f 1762//784 1754//785 1753//737
f 1762//784 1755//737 1754//785
f 1762//784 1756//737 1755//737
f 1762//784 1757//737 1756//737
f 1762//784 1758//786 1757//737
f 1762//784 1759//785 1758//786
f 1762//784 1760//737 1759//785
f 1762//784 1761//737 1760//737
f 1762//784 1764//785 1763//737
f 1762//784 1739//737 1764//785
f 1767//675 1769//675 1770//675
f 1768//675 1769//675 1767//675
f 1771//675 1767//675 1770//675
f 1765//675 1767//675 1771//675
f 1772//675 1766//675 1765//675
f 1772//675 1765//675 1771//675
f 1776//787 1774//787 1773//787
f 1776//787 1773//787 1775//787
f 1777//787 1779//787 1780//787
f 1777//787 1780//787 1778//787
f 1781//737 1782//737 1783//737
f 1781//737 1783//737 1784//737
f 1787//677 1785//677 1786//677
f 1787//677 1788//677 1785//677
f 1791//678 1789//678 1790//678
f 1791//678 1790//678 1792//678
o empty_114
v 0.100277 0.047297 0.111157
v 0.100978 0.047297 0.111242
v 0.101638 0.047297 0.111492
v 0.102220 0.047297 0.111894
v 0.102688 0.047297 0.112423
v 0.103017 0.047297 0.113048
v 0.103186 0.047297 0.113734
v 0.103186 0.047297 0.114440
v 0.103017 0.047297 0.115126
v 0.102688 0.047297 0.115752
v 0.102220 0.047297 0.116281
v 0.101638 0.047297 0.116682
v 0.100978 0.047297 0.116932
v 0.100277 0.047297 0.117018
v 0.100277 0.051482 0.114087
v 0.100277 0.051482 0.114087
v 0.100849 0.050435 0.113630
v 0.100595 0.050435 0.113427
v 0.100912 0.049389 0.112767
v 0.100991 0.050435 0.113924
v 0.101422 0.049389 0.113174
v 0.100991 0.050435 0.114250
v 0.101230 0.048343 0.112107
v 0.101705 0.049389 0.113761
v 0.100849 0.050435 0.114544
v 0.101995 0.048343 0.112717
v 0.101705 0.049389 0.114413
v 0.100595 0.050435 0.114747
v 0.102419 0.048343 0.113598
v 0.101422 0.049389 0.115001
v 0.102419 0.048343 0.114576
v 0.100912 0.049389 0.115407
v 0.101995 0.048343 0.115457
v 0.101230 0.048343 0.116067
v 0.100277 -0.034366 0.117018
v 0.099575 -0.034366 0.116932
v 0.098915 -0.034366 0.116682
v 0.098333 -0.034366 0.116281
v 0.097865 -0.034366 0.115752
v 0.097537 -0.034366 0.115126
v 0.097368 -0.034366 0.114440
v 0.097368 -0.034366 0.113734
v 0.097537 -0.034366 0.113048
v 0.097865 -0.034366 0.112423
v 0.098333 -0.034366 0.111894
v 0.098915 -0.034366 0.111492
v 0.099575 -0.034366 0.111242
v 0.100277 -0.034366 0.111157
v 0.100277 -0.038551 0.114087
v 0.100277 -0.038551 0.114087
v 0.099704 -0.037505 0.113630
v 0.099959 -0.037505 0.113427
v 0.099641 -0.036458 0.112767
v 0.099562 -0.037505 0.113924
v 0.099131 -0.036458 0.113174
v 0.099562 -0.037505 0.114250
v 0.099323 -0.035412 0.112107
v 0.098848 -0.036458 0.113761
v 0.099704 -0.037505 0.114544
v 0.098558 -0.035412 0.112717
v 0.098848 -0.036458 0.114413
v 0.099959 -0.037505 0.114747
v 0.098134 -0.035412 0.113598
v 0.099131 -0.036458 0.115001
v 0.098134 -0.035412 0.114576
v 0.099641 -0.036458 0.115407
v 0.098558 -0.035412 0.115458
v 0.099323 -0.035412 0.116067
v 0.098275 -0.034366 0.107583
v 0.098275 0.047297 0.107583
v 0.098931 0.047297 0.107416
v 0.099601 0.047297 0.107316
v 0.100277 0.047297 0.107282
v 0.100277 -0.034366 0.107282
v 0.098931 -0.034366 0.107416
v 0.099601 -0.034366 0.107316
v 0.106281 0.047297 0.109984
v 0.106281 0.047297 0.117213
v 0.106281 0.066511 0.117213
v 0.106281 0.066511 0.094072
v 0.106281 -0.053580 0.094072
v 0.106281 -0.053580 0.117213
v 0.106281 -0.034366 0.117213
v 0.106281 -0.034366 0.109984
v 0.106281 -0.053580 0.117213
v 0.103721 -0.053580 0.119006
v 0.103721 -0.034366 0.119006
v 0.106281 -0.034366 0.117213
v 0.103721 -0.034366 0.119006
v 0.102432 -0.034366 0.119692
v 0.101015 -0.034366 0.120046
v 0.099555 -0.034366 0.120048
v 0.098138 -0.034366 0.119698
v 0.096847 -0.034366 0.119016
v 0.095759 -0.034366 0.118043
v 0.094938 -0.034366 0.116835
v 0.094432 -0.034366 0.115465
v 0.094273 -0.034366 0.114014
v 0.094468 -0.034366 0.112567
v 0.095006 -0.034366 0.111210
v 0.095856 -0.034366 0.110023
v 0.096968 -0.034366 0.109076
v 0.098275 -0.034366 0.108426
v 0.098275 -0.053580 0.108426
v 0.096968 -0.053580 0.109076
v 0.095856 -0.053580 0.110023
v 0.095006 -0.053580 0.111210
v 0.094468 -0.053580 0.112567
v 0.094273 -0.053580 0.114014
v 0.094432 -0.053580 0.115465
v 0.094938 -0.053580 0.116835
v 0.095759 -0.053580 0.118043
v 0.096847 -0.053580 0.119016
v 0.098138 -0.053580 0.119698
v 0.099555 -0.053580 0.120048
v 0.101015 -0.053580 0.120046
v 0.102432 -0.053580 0.119692
v 0.103721 -0.053580 0.119006
v 0.098275 -0.034366 0.107583
v 0.098275 0.047297 0.107583
v 0.098275 0.047297 0.108426
v 0.098275 0.066511 0.108426
v 0.098275 0.066511 0.094072
v 0.098275 -0.053580 0.094072
v 0.098275 -0.053580 0.108426
v 0.098275 -0.034366 0.108426
v 0.106281 -0.053580 0.094072
v 0.106281 -0.053580 0.117213
v 0.098275 -0.053580 0.094072
v 0.098275 -0.053580 0.108426
v 0.096968 -0.053580 0.109076
v 0.095856 -0.053580 0.110023
v 0.095006 -0.053580 0.111210
v 0.094468 -0.053580 0.112567
v 0.094273 -0.053580 0.114014
v 0.094432 -0.053580 0.115465
v 0.094938 -0.053580 0.116835
v 0.095759 -0.053580 0.118043
v 0.096847 -0.053580 0.119016
v 0.098138 -0.053580 0.119698
v 0.099555 -0.053580 0.120048
v 0.101015 -0.053580 0.120046
v 0.102432 -0.053580 0.119692
v 0.103721 -0.053580 0.119006
v 0.100277 0.047297 0.107282
v 0.101653 0.047297 0.107423
v 0.102972 0.047297 0.107839
v 0.104180 0.047297 0.108513
v 0.104180 -0.034366 0.108513
v 0.100277 -0.034366 0.107282
v 0.101653 -0.034366 0.107423
v 0.102972 -0.034366 0.107839
v 0.106281 -0.034366 0.109984
v 0.106281 0.047297 0.109984
v 0.104180 0.047297 0.108513
v 0.104180 -0.034366 0.108513
v 0.106281 -0.034366 0.117213
v 0.103721 -0.034366 0.119006
v 0.102432 -0.034366 0.119692
v 0.101015 -0.034366 0.120046
v 0.099555 -0.034366 0.120048
v 0.098138 -0.034366 0.119698
v 0.096847 -0.034366 0.119016
v 0.095759 -0.034366 0.118043
v 0.094938 -0.034366 0.116835
v 0.094432 -0.034366 0.115465
v 0.094273 -0.034366 0.114014
v 0.094468 -0.034366 0.112567
v 0.095006 -0.034366 0.111210
v 0.095856 -0.034366 0.110023
v 0.096968 -0.034366 0.109076
v 0.098275 -0.034366 0.108426
v 0.098275 -0.034366 0.107583
v 0.098931 -0.034366 0.107416
v 0.099601 -0.034366 0.107316
v 0.100277 -0.034366 0.107282
v 0.101653 -0.034366 0.107423
v 0.102972 -0.034366 0.107839
v 0.104180 -0.034366 0.108513
v 0.106281 -0.034366 0.109984
v 0.100277 -0.034366 0.111157
v 0.100978 -0.034366 0.111242
v 0.101638 -0.034366 0.111492
v 0.102220 -0.034366 0.111894
v 0.102688 -0.034366 0.112423
v 0.103017 -0.034366 0.113048
v 0.103186 -0.034366 0.113734
v 0.103186 -0.034366 0.114440
v 0.103017 -0.034366 0.115126
v 0.102688 -0.034366 0.115752
v 0.102220 -0.034366 0.116281
v 0.101638 -0.034366 0.116682
v 0.100978 -0.034366 0.116932
v 0.100277 -0.034366 0.117018
v 0.099575 -0.034366 0.116932
v 0.098915 -0.034366 0.116682
v 0.098333 -0.034366 0.116281
v 0.097865 -0.034366 0.115752
v 0.097537 -0.034366 0.115126
v 0.097368 -0.034366 0.114440
v 0.097368 -0.034366 0.113734
v 0.097537 -0.034366 0.113048
v 0.097865 -0.034366 0.112423
v 0.098333 -0.034366 0.111894
v 0.098915 -0.034366 0.111492
v 0.099575 -0.034366 0.111242
v 0.100277 -0.034366 0.111157
v 0.100978 -0.034366 0.111242
v 0.101638 -0.034366 0.111492
v 0.102220 -0.034366 0.111894
v 0.102688 -0.034366 0.112423
v 0.103017 -0.034366 0.113048
v 0.103186 -0.034366 0.113734
v 0.103186 -0.034366 0.114440
v 0.103017 -0.034366 0.115126
v 0.102688 -0.034366 0.115752
v 0.102220 -0.034366 0.116281
v 0.101638 -0.034366 0.116682
v 0.100978 -0.034366 0.116932
v 0.100277 -0.034366 0.117018
v 0.100277 -0.038551 0.114087
v 0.100277 -0.038551 0.114087
v 0.100849 -0.037505 0.114544
v 0.100595 -0.037505 0.114747
v 0.100912 -0.036458 0.115407
v 0.100991 -0.037505 0.114250
v 0.101422 -0.036458 0.115001
v 0.100991 -0.037505 0.113924
v 0.101230 -0.035412 0.116067
v 0.101705 -0.036458 0.114413
v 0.100849 -0.037505 0.113630
v 0.101995 -0.035412 0.115458
v 0.101705 -0.036458 0.113761
v 0.100595 -0.037505 0.113427
v 0.102419 -0.035412 0.114576
v 0.101422 -0.036458 0.113174
v 0.102419 -0.035412 0.113598
v 0.100912 -0.036458 0.112767
v 0.101995 -0.035412 0.112717
v 0.101230 -0.035412 0.112107
v 0.106281 0.047297 0.117213
v 0.103721 0.047297 0.119006
v 0.103721 0.066511 0.119006
v 0.106281 0.066511 0.117213
v 0.103721 0.047297 0.119006
v 0.102432 0.047297 0.119692
v 0.101015 0.047297 0.120046
v 0.099555 0.047297 0.120048
v 0.098138 0.047297 0.119698
v 0.096847 0.047297 0.119016
v 0.095759 0.047297 0.118043
v 0.094938 0.047297 0.116835
v 0.094432 0.047297 0.115465
v 0.094273 0.047297 0.114014
v 0.094468 0.047297 0.112567
v 0.095006 0.047297 0.111210
v 0.095856 0.047297 0.110023
v 0.096968 0.047297 0.109076
v 0.098275 0.047297 0.108426
v 0.103721 0.066511 0.119006
v 0.098275 0.066511 0.108426
v 0.096968 0.066511 0.109076
v 0.095856 0.066511 0.110023
v 0.095006 0.066511 0.111210
v 0.094468 0.066511 0.112567
v 0.094273 0.066511 0.114014
v 0.094432 0.066511 0.115465
v 0.094938 0.066511 0.116835
v 0.095759 0.066511 0.118043
v 0.096847 0.066511 0.119016
v 0.098138 0.066511 0.119698
v 0.099555 0.066511 0.120048
v 0.101015 0.066511 0.120046
v 0.102432 0.066511 0.119692
v 0.098275 0.066511 0.108426
v 0.096968 0.066511 0.109076
v 0.095856 0.066511 0.110023
v 0.095006 0.066511 0.111210
v 0.094468 0.066511 0.112567
v 0.094273 0.066511 0.114014
v 0.094432 0.066511 0.115465
v 0.094938 0.066511 0.116835
v 0.095759 0.066511 0.118043
v 0.096847 0.066511 0.119016
v 0.098138 0.066511 0.119698
v 0.099555 0.066511 0.120048
v 0.101015 0.066511 0.120046
v 0.102432 0.066511 0.119692
v 0.103721 0.066511 0.119006
v 0.098275 0.066511 0.094072
v 0.106281 0.066511 0.094072
v 0.106281 0.066511 0.117213
v 0.104180 0.047297 0.108513
v 0.106281 0.047297 0.109984
v 0.100277 0.047297 0.107282
v 0.101653 0.047297 0.107423
v 0.102972 0.047297 0.107839
v 0.098275 0.047297 0.107583
v 0.098931 0.047297 0.107416
v 0.099601 0.047297 0.107316
v 0.098275 0.047297 0.108426
v 0.103721 0.047297 0.119006
v 0.102432 0.047297 0.119692
v 0.101015 0.047297 0.120046
v 0.099555 0.047297 0.120048
v 0.098138 0.047297 0.119698
v 0.096847 0.047297 0.119016
v 0.095759 0.047297 0.118043
v 0.094938 0.047297 0.116835
v 0.094432 0.047297 0.115465
v 0.094273 0.047297 0.114014
v 0.094468 0.047297 0.112567
v 0.095006 0.047297 0.111210
v 0.095856 0.047297 0.110023
v 0.096968 0.047297 0.109076
v 0.106281 0.047297 0.117213
v 0.100277 0.047297 0.111157
v 0.100978 0.047297 0.111242
v 0.101638 0.047297 0.111492
v 0.102220 0.047297 0.111894
v 0.102688 0.047297 0.112423
v 0.103017 0.047297 0.113048
v 0.103186 0.047297 0.113734
v 0.103186 0.047297 0.114440
v 0.103017 0.047297 0.115126
v 0.102688 0.047297 0.115752
v 0.102220 0.047297 0.116281
v 0.101638 0.047297 0.116682
v 0.100978 0.047297 0.116932
v 0.100277 0.047297 0.117018
v 0.099575 0.047297 0.116932
v 0.098915 0.047297 0.116682
v 0.098333 0.047297 0.116281
v 0.097865 0.047297 0.115752
v 0.097537 0.047297 0.115126
v 0.097368 0.047297 0.114440
v 0.097368 0.047297 0.113734
v 0.097537 0.047297 0.113048
v 0.097865 0.047297 0.112423
v 0.098333 0.047297 0.111894
v 0.098915 0.047297 0.111492
v 0.099575 0.047297 0.111242
v 0.100277 0.047297 0.117018
v 0.099575 0.047297 0.116932
v 0.098915 0.047297 0.116682
v 0.098333 0.047297 0.116281
v 0.097865 0.047297 0.115752
v 0.097537 0.047297 0.115126
v 0.097368 0.047297 0.114440
v 0.097368 0.047297 0.113734
v 0.097537 0.047297 0.113048
v 0.097865 0.047297 0.112423
v 0.098333 0.047297 0.111894
v 0.098915 0.047297 0.111492
v 0.099575 0.047297 0.111242
v 0.100277 0.047297 0.111157
v 0.100277 0.051482 0.114087
v 0.100277 0.051482 0.114087
v 0.099704 0.050435 0.114544
v 0.099959 0.050435 0.114747
v 0.099641 0.049389 0.115407
v 0.099562 0.050435 0.114250
v 0.099131 0.049389 0.115001
v 0.099562 0.050435 0.113924
v 0.099323 0.048343 0.116067
v 0.098848 0.049389 0.114413
v 0.099704 0.050435 0.113630
v 0.098558 0.048343 0.115457
v 0.098848 0.049389 0.113761
v 0.099959 0.050435 0.113427
v 0.098134 0.048343 0.114576
v 0.099131 0.049389 0.113174
v 0.098134 0.048343 0.113598
v 0.099641 0.049389 0.112767
v 0.098558 0.048343 0.112717
v 0.099323 0.048343 0.112107
v 0.098275 0.066511 0.094072
v 0.106281 0.066511 0.094072
v 0.106281 -0.053580 0.094072
v 0.098275 -0.053580 0.094072
vn -0.6780 -0.5725 0.4611
vn -0.3444 -0.6008 0.7214
vn -0.5149 -0.5638 0.6457
vn -0.3107 -0.5729 0.7585
vn -0.1696 -0.5734 0.8015
vn -0.3444 -0.6009 0.7214
vn -0.8109 -0.5725 0.1213
vn -0.6595 -0.5733 0.4862
vn -0.7833 -0.5724 -0.2426
vn -0.0000 -0.0000 -1.0000
vn -0.3444 -0.6009 0.7213
vn -0.7832 -0.5725 -0.2426
vn -0.3457 -0.5898 0.7298
vn -0.1919 -0.5975 0.7786
vn -0.3805 -0.5742 0.7249
vn -0.5252 -0.5842 0.6188
vn -0.8052 -0.5733 0.1518
vn -0.6004 -0.5725 -0.5584
vn -0.2805 -0.5795 -0.7652
vn -0.6294 -0.5858 0.5105
vn -0.6726 -0.5763 0.4642
vn -0.7480 -0.5845 0.3144
vn -0.7913 -0.5733 -0.2125
vn -0.5150 -0.5638 -0.6457
vn -0.7861 -0.5832 0.2048
vn -0.8090 -0.5850 0.0577
vn -0.6207 -0.5733 -0.5348
vn -0.7987 -0.5850 -0.1411
vn -0.8089 -0.5797 -0.0982
vn -0.7480 -0.5845 -0.3144
vn -0.2852 -0.5719 -0.7692
vn -0.1696 -0.5734 -0.8015
vn -0.2805 -0.5794 -0.7652
vn -0.2805 -0.5794 -0.7653
vn -0.5149 -0.5638 -0.6457
vn -0.6541 -0.5855 -0.4788
vn -0.6726 -0.5763 -0.4642
vn -0.5252 -0.5842 -0.6188
vn -0.3646 -0.5880 -0.7220
vn -0.3805 -0.5743 -0.7249
vn -0.1919 -0.5975 -0.7786
vn 0.6780 0.5725 0.4611
vn 0.3444 0.6008 0.7214
vn 0.5150 0.5638 0.6457
vn 0.3107 0.5729 0.7584
vn 0.1696 0.5734 0.8015
vn 0.3107 0.5729 0.7585
vn 0.3445 0.6009 0.7213
vn 0.8109 0.5725 0.1213
vn 0.6595 0.5733 0.4862
vn 0.7833 0.5724 -0.2426
vn 0.3444 0.6009 0.7213
vn 0.7832 0.5725 -0.2426
vn 0.3457 0.5898 0.7298
vn 0.3804 0.5742 0.7249
vn 0.5252 0.5842 0.6188
vn 0.1919 0.5975 0.7786
vn 0.8052 0.5733 0.1518
vn 0.6004 0.5725 -0.5584
vn 0.2805 0.5795 -0.7652
vn 0.6294 0.5858 0.5105
vn 0.6726 0.5763 0.4642
vn 0.7480 0.5845 0.3144
vn 0.7913 0.5733 -0.2125
vn 0.5150 0.5638 -0.6457
vn 0.7861 0.5832 0.2048
vn 0.8090 0.5850 0.0577
vn 0.6207 0.5733 -0.5348
vn 0.7987 0.5850 -0.1411
vn 0.8089 0.5797 -0.0982
vn 0.7480 0.5845 -0.3144
vn 0.2852 0.5719 -0.7692
vn 0.1696 0.5734 -0.8015
vn 0.2805 0.5794 -0.7652
vn 0.2805 0.5794 -0.7653
vn 0.5149 0.5638 -0.6457
vn 0.6541 0.5855 -0.4788
vn 0.6726 0.5763 -0.4642
vn 0.5252 0.5842 -0.6188
vn 0.3646 0.5880 -0.7220
vn 0.1919 0.5975 -0.7786
vn 0.3804 0.5743 -0.7249
vn 0.0828 -0.0000 0.9966
vn 0.0497 -0.0000 0.9988
vn 0.1158 -0.0000 0.9933
vn 0.1814 -0.0000 0.9834
vn 0.2140 -0.0000 0.9768
vn 0.2462 -0.0000 0.9692
vn 1.0000 -0.0000 -0.0000
vn 0.5736 -0.0000 0.8192
vn -0.5165 -0.0000 -0.8563
vn -0.4455 -0.0000 -0.8953
vn -0.5846 -0.0000 -0.8113
vn -0.7079 -0.0000 -0.7063
vn -0.7631 -0.0000 -0.6462
vn -0.8575 -0.0000 -0.5145
vn -0.8965 -0.0000 -0.4430
vn -0.9563 -0.0000 -0.2924
vn -0.9769 -0.0000 -0.2135
vn -0.9986 -0.0000 -0.0529
vn -0.9996 -0.0000 0.0286
vn -0.9819 -0.0000 0.1896
vn -0.9631 -0.0000 0.2690
vn -0.9071 -0.0000 0.4210
vn -0.8697 -0.0000 0.4935
vn -0.7786 -0.0000 0.6275
vn -0.7249 -0.0000 0.6889
vn -0.6042 -0.0000 0.7969
vn -0.5372 -0.0000 0.8434
vn -0.3940 -0.0000 0.9191
vn -0.3178 -0.0000 0.9482
vn -0.1605 -0.0000 0.9870
vn -0.0795 -0.0000 0.9968
vn 0.0825 -0.0000 0.9966
vn 0.1634 -0.0000 0.9866
vn 0.3206 -0.0000 0.9472
vn 0.3967 -0.0000 0.9180
vn 0.4697 -0.0000 0.8828
vn -1.0000 -0.0000 -0.0000
vn -0.0000 -1.0000 -0.0000
vn -0.0000 -1.0000 -0.0001
vn -0.4271 -0.0000 0.9042
vn -0.4874 -0.0000 0.8732
vn -0.3646 -0.0000 0.9312
vn -0.2354 -0.0000 0.9719
vn -0.1688 -0.0000 0.9857
vn -0.1016 -0.0000 0.9948
vn -0.5736 -0.0000 0.8192
vn -0.0000 1.0000 -0.0000
vn -0.6780 0.5725 -0.4611
vn -0.3444 0.6008 -0.7214
vn -0.5149 0.5638 -0.6457
vn -0.3107 0.5729 -0.7585
vn -0.3444 0.6009 -0.7214
vn -0.1696 0.5734 -0.8015
vn -0.8109 0.5725 -0.1213
vn -0.6595 0.5733 -0.4862
vn -0.7833 0.5724 0.2426
vn -0.0000 -0.0000 1.0000
vn -0.7832 0.5725 0.2426
vn -0.3457 0.5898 -0.7298
vn -0.3805 0.5742 -0.7249
vn -0.5252 0.5842 -0.6188
vn -0.1919 0.5975 -0.7786
vn -0.8052 0.5733 -0.1518
vn -0.6004 0.5725 0.5584
vn -0.2805 0.5795 0.7652
vn -0.6294 0.5858 -0.5105
vn -0.6726 0.5763 -0.4642
vn -0.7480 0.5845 -0.3144
vn -0.7913 0.5733 0.2125
vn -0.5150 0.5638 0.6457
vn -0.7861 0.5832 -0.2048
vn -0.8090 0.5850 -0.0577
vn -0.6207 0.5733 0.5348
vn -0.7987 0.5850 0.1411
vn -0.8089 0.5797 0.0982
vn -0.7480 0.5845 0.3144
vn -0.2852 0.5719 0.7692
vn -0.1696 0.5734 0.8015
vn -0.2805 0.5794 0.7652
vn -0.2852 0.5718 0.7692
vn -0.2806 0.5794 0.7652
vn -0.6541 0.5855 0.4788
vn -0.6726 0.5763 0.4642
vn -0.5252 0.5842 0.6188
vn -0.3646 0.5880 0.7220
vn -0.1919 0.5975 0.7786
vn -0.3805 0.5743 0.7249
vn 0.6780 -0.5725 -0.4611
vn 0.3444 -0.6008 -0.7214
vn 0.5149 -0.5638 -0.6457
vn 0.3107 -0.5729 -0.7585
vn 0.3444 -0.6009 -0.7214
vn 0.1696 -0.5734 -0.8015
vn 0.8109 -0.5725 -0.1213
vn 0.6595 -0.5733 -0.4861
vn 0.7833 -0.5724 0.2426
vn 0.7832 -0.5725 0.2426
vn 0.3457 -0.5898 -0.7298
vn 0.1919 -0.5975 -0.7786
vn 0.3805 -0.5743 -0.7249
vn 0.5252 -0.5842 -0.6188
vn 0.8052 -0.5733 -0.1518
vn 0.6004 -0.5725 0.5584
vn 0.2805 -0.5795 0.7652
vn 0.6294 -0.5858 -0.5105
vn 0.6726 -0.5763 -0.4642
vn 0.7480 -0.5845 -0.3144
vn 0.7913 -0.5733 0.2125
vn 0.5150 -0.5638 0.6457
vn 0.7861 -0.5832 -0.2048
vn 0.8090 -0.5850 -0.0577
vn 0.6207 -0.5733 0.5348
vn 0.7987 -0.5850 0.1411
vn 0.8089 -0.5797 0.0982
vn 0.7480 -0.5845 0.3144
vn 0.2852 -0.5719 0.7692
vn 0.1696 -0.5734 0.8015
vn 0.2805 -0.5794 0.7652
vn 0.2805 -0.5794 0.7653
vn 0.5149 -0.5638 0.6457
vn 0.6541 -0.5855 0.4788
vn 0.6726 -0.5763 0.4642
vn 0.5252 -0.5842 0.6188
vn 0.3646 -0.5880 0.7220
vn 0.3805 -0.5743 0.7249
vn 0.1919 -0.5975 0.7786
s 1
usemtl material469
f 1809//788 1807//789 1810//790
f 1811//791 1807//789 1793//792
s 0
f 1811//791 1810//790 1807//793
s 1
f 1812//794 1807//789 1809//788
f 1813//795 1809//788 1810//790
f 1813//795 1810//790 1811//791
s 0
f 1814//796 1808//797 1807//798
s 1
f 1814//799 1807//789 1812//794
f 1815//800 1793//792 1794//801
f 1815//800 1794//801 1795//802
f 1815//800 1795//802 1796//803
f 1815//800 1811//791 1793//792
f 1816//804 1812//794 1809//788
f 1816//804 1809//788 1813//795
f 1817//805 1808//806 1814//799
f 1818//807 1796//803 1797//808
f 1818//807 1797//808 1798//809
f 1818//807 1811//791 1815//800
f 1818//807 1813//795 1811//791
f 1818//807 1815//800 1796//803
f 1819//810 1814//799 1812//794
f 1819//810 1812//794 1816//804
f 1820//811 1808//806 1817//805
f 1821//812 1798//809 1799//813
f 1821//812 1818//807 1798//809
f 1821//812 1816//804 1813//795
f 1821//812 1813//795 1818//807
f 1822//814 1814//799 1819//810
f 1822//814 1817//805 1814//799
f 1823//815 1799//813 1800//816
f 1823//815 1800//816 1801//817
f 1823//815 1821//812 1799//813
f 1823//815 1819//810 1816//804
f 1823//815 1816//804 1821//812
f 1824//818 1806//819 1808//820
s 0
f 1824//818 1808//821 1820//822
s 1
f 1824//818 1820//811 1817//805
f 1824//818 1817//805 1822//814
f 1825//823 1801//817 1802//824
f 1825//823 1802//824 1803//825
f 1825//823 1822//814 1819//810
f 1825//823 1819//810 1823//815
f 1825//823 1823//815 1801//817
f 1826//826 1803//825 1804//827
f 1826//826 1804//827 1805//828
f 1826//826 1805//828 1806//819
f 1826//826 1806//819 1824//818
f 1826//826 1825//823 1803//825
f 1826//826 1824//818 1822//814
f 1826//826 1822//814 1825//823
f 1843//829 1841//830 1844//831
f 1845//832 1841//830 1840//833
s 0
f 1845//834 1844//831 1841//835
s 1
f 1846//836 1841//830 1843//829
f 1847//837 1843//829 1844//831
f 1847//837 1844//831 1845//832
s 0
f 1848//838 1842//797 1841//839
s 1
f 1848//840 1841//830 1846//836
f 1849//841 1838//842 1837//843
f 1849//841 1839//844 1838//842
f 1849//841 1840//833 1839//844
f 1849//841 1845//832 1840//833
f 1850//845 1846//836 1843//829
f 1850//845 1843//829 1847//837
f 1851//846 1842//847 1848//840
f 1852//848 1836//849 1835//850
f 1852//848 1837//843 1836//849
f 1852//848 1845//832 1849//841
f 1852//848 1847//837 1845//832
f 1852//848 1849//841 1837//843
f 1853//851 1846//836 1850//845
f 1853//851 1848//840 1846//836
f 1854//852 1842//847 1851//846
f 1855//853 1835//850 1834//854
f 1855//853 1852//848 1835//850
f 1855//853 1850//845 1847//837
f 1855//853 1847//837 1852//848
f 1856//855 1851//846 1848//840
f 1856//855 1848//840 1853//851
f 1857//856 1833//857 1832//858
f 1857//856 1834//854 1833//857
f 1857//856 1853//851 1850//845
f 1857//856 1855//853 1834//854
f 1857//856 1850//845 1855//853
f 1858//859 1827//860 1842//861
s 0
f 1858//859 1842//862 1854//863
s 1
f 1858//859 1854//852 1851//846
f 1858//859 1851//846 1856//855
f 1859//864 1831//865 1830//866
f 1859//864 1832//858 1831//865
f 1859//864 1857//856 1832//858
f 1859//864 1856//855 1853//851
f 1859//864 1853//851 1857//856
f 1860//867 1828//868 1827//860
f 1860//867 1829//869 1828//868
f 1860//867 1830//866 1829//869
f 1860//867 1827//860 1858//859
f 1860//867 1859//864 1830//866
f 1860//867 1858//859 1856//855
f 1860//867 1856//855 1859//864
f 1864//870 1866//871 1865//871
f 1864//870 1868//872 1866//871
f 1863//873 1867//874 1868//872
f 1863//873 1868//872 1864//870
f 1862//875 1861//875 1867//874
f 1862//875 1867//874 1863//873
f 1869//876 1871//876 1870//876
f 1869//876 1872//876 1871//876
f 1874//876 1876//876 1875//876
f 1873//876 1869//876 1876//876
f 1873//876 1872//876 1869//876
f 1873//876 1876//876 1874//876
f 1877//877 1879//877 1878//877
f 1877//877 1880//877 1879//877
f 1894//878 1895//879 1896//879
f 1894//878 1896//879 1897//880
f 1893//881 1897//880 1898//882
f 1893//881 1894//878 1897//880
f 1892//883 1898//882 1899//884
f 1892//883 1893//881 1898//882
f 1891//885 1899//884 1900//886
f 1891//885 1892//883 1899//884
f 1890//887 1900//886 1901//888
f 1890//887 1891//885 1900//886
f 1889//889 1901//888 1902//890
f 1889//889 1890//887 1901//888
f 1888//891 1902//890 1903//892
f 1888//891 1889//889 1902//890
f 1887//893 1903//892 1904//894
f 1887//893 1888//891 1903//892
f 1886//895 1904//894 1905//896
f 1886//895 1887//893 1904//894
f 1885//897 1905//896 1906//898
f 1885//897 1886//895 1905//896
f 1884//899 1906//898 1907//900
f 1884//899 1885//897 1906//898
f 1883//901 1907//900 1908//902
f 1883//901 1884//899 1907//900
f 1882//903 1908//902 1909//904
f 1882//903 1883//901 1908//902
f 1881//905 1909//904 1910//905
f 1881//905 1882//903 1909//904
f 1912//906 1913//906 1914//906
f 1912//906 1914//906 1915//906
f 1917//906 1918//906 1911//906
f 1916//906 1911//906 1912//906
f 1916//906 1912//906 1915//906
f 1916//906 1917//906 1911//906
f 1922//907 1920//907 1936//907
f 1924//907 1923//908 1922//907
f 1924//907 1926//907 1925//907
f 1924//907 1927//907 1926//907
f 1924//907 1928//907 1927//907
f 1924//907 1929//907 1928//907
f 1924//907 1930//907 1929//907
f 1924//907 1931//907 1930//907
f 1924//907 1932//907 1931//907
f 1924//907 1933//907 1932//907
f 1924//907 1934//907 1933//907
f 1924//907 1935//907 1934//907
f 1924//907 1936//907 1935//907
f 1924//907 1922//907 1936//907
f 1919//907 1920//907 1922//907
f 1921//907 1919//907 1922//907
f 1939//909 1941//910 1940//910
f 1939//909 1944//911 1941//910
f 1938//912 1943//913 1944//911
f 1938//912 1944//911 1939//909
f 1937//914 1942//914 1943//913
f 1937//914 1943//913 1938//912
f 1948//915 1945//915 1946//915
f 1948//915 1946//915 1947//915
f 1977//916 1972//916 1971//916
f 1977//916 1971//916 1976//916
f 1975//916 1971//916 1970//916
f 1975//916 1976//916 1971//916
f 1978//916 1972//916 1977//916
f 1964//916 1966//916 1965//916
f 1964//916 1967//916 1966//916
f 1964//916 1968//916 1967//916
f 1974//916 1970//916 1969//916
f 1974//916 1975//916 1970//916
f 1979//916 1972//916 1978//916
f 1973//916 1969//916 1968//916
f 1973//916 1968//916 1964//916
f 1973//916 1974//916 1969//916
f 1949//916 1972//916 1979//916
f 1980//916 1949//916 1979//916
f 1998//916 1973//916 1964//916
f 1981//916 1949//916 1980//916
f 1997//916 1964//916 1963//916
f 1997//916 1998//916 1964//916
f 1982//916 1949//916 1981//916
f 1996//916 1997//916 1963//916
f 1962//916 1996//916 1963//916
f 1995//916 1996//916 1962//916
f 1950//916 1949//916 1982//916
f 1950//916 1982//916 1983//916
f 1950//916 1983//916 1984//916
f 1961//916 1994//916 1995//916
f 1961//916 1995//916 1962//916
f 1951//916 1984//916 1985//916
f 1951//916 1950//916 1984//916
f 1960//916 1994//916 1961//916
f 1960//916 1993//916 1994//916
f 1952//916 1951//916 1985//916
f 1952//916 1985//916 1986//916
f 1959//916 1993//916 1960//916
f 1959//916 1992//916 1993//916
f 1953//916 1952//916 1986//916
f 1953//916 1986//916 1987//916
f 1958//916 1992//916 1959//916
f 1958//916 1991//916 1992//916
f 1954//916 1953//916 1987//916
f 1954//916 1987//916 1988//916
f 1957//916 1990//916 1991//916
f 1957//916 1991//916 1958//916
f 1955//916 1988//916 1989//916
f 1955//916 1954//916 1988//916
f 1956//916 1990//916 1957//916
f 1956//916 1955//916 1989//916
f 1956//916 1989//916 1990//916
f 2015//917 2013//918 2016//919
f 2017//920 2013//921 2012//922
s 0
f 2017//920 2016//919 2013//918
s 1
f 2018//923 2013//918 2015//917
f 2019//924 2015//917 2016//919
f 2019//924 2016//919 2017//920
s 0
f 2020//925 2014//926 2013//921
s 1
f 2020//927 2013//918 2018//923
f 2021//928 2010//929 2009//930
f 2021//928 2011//931 2010//929
f 2021//928 2012//922 2011//931
f 2021//928 2017//920 2012//922
f 2022//932 2018//923 2015//917
f 2022//932 2015//917 2019//924
f 2023//933 2014//934 2020//927
f 2024//935 2008//936 2007//937
f 2024//935 2009//930 2008//936
f 2024//935 2017//920 2021//928
f 2024//935 2019//924 2017//920
f 2024//935 2021//928 2009//930
f 2025//938 2018//923 2022//932
f 2025//938 2020//927 2018//923
f 2026//939 2014//934 2023//933
f 2027//940 2007//937 2006//941
f 2027//940 2024//935 2007//937
f 2027//940 2022//932 2019//924
f 2027//940 2019//924 2024//935
f 2028//942 2023//933 2020//927
f 2028//942 2020//927 2025//938
f 2029//943 2005//944 2004//945
f 2029//943 2006//941 2005//944
f 2029//943 2025//938 2022//932
f 2029//943 2027//940 2006//941
f 2029//943 2022//932 2027//940
f 2030//946 1999//947 2014//948
s 0
f 2030//949 2014//950 2026//939
s 1
f 2030//946 2026//939 2023//933
f 2030//946 2023//933 2028//942
f 2031//951 2003//952 2002//953
f 2031//951 2004//945 2003//952
f 2031//951 2029//943 2004//945
f 2031//951 2028//942 2025//938
f 2031//951 2025//938 2029//943
f 2032//954 2000//955 1999//947
f 2032//954 2001//956 2000//955
f 2032//954 2002//953 2001//956
f 2032//954 1999//947 2030//946
f 2032//954 2031//951 2002//953
f 2032//954 2030//946 2028//942
f 2032//954 2028//942 2031//951
f 2033//877 2035//877 2034//877
f 2033//877 2036//877 2035//877
f 2038//904 2037//905 2052//905
f 2038//904 2052//905 2066//903
f 2039//902 2066//903 2065//901
f 2039//902 2038//904 2066//903
f 2040//900 2065//901 2064//899
f 2040//900 2039//902 2065//901
f 2041//898 2064//899 2063//897
f 2041//898 2040//900 2064//899
f 2042//896 2063//897 2062//895
f 2042//896 2041//898 2063//897
f 2043//894 2062//895 2061//893
f 2043//894 2042//896 2062//895
f 2044//892 2061//893 2060//891
f 2044//892 2043//894 2061//893
f 2045//890 2060//891 2059//889
f 2045//890 2044//892 2060//891
f 2046//888 2059//889 2058//887
f 2046//888 2045//890 2059//889
f 2047//886 2058//887 2057//885
f 2047//886 2046//888 2058//887
f 2048//884 2057//885 2056//883
f 2048//884 2047//886 2057//885
f 2049//882 2056//883 2055//881
f 2049//882 2048//884 2056//883
f 2050//880 2055//881 2054//878
f 2050//880 2049//882 2055//881
f 2051//879 2054//878 2053//879
f 2051//879 2050//880 2054//878
f 2067//916 2068//916 2069//916
f 2067//916 2069//916 2070//916
f 2067//916 2070//916 2071//916
f 2067//916 2071//916 2072//916
f 2067//916 2072//916 2073//916
f 2067//916 2073//916 2074//916
f 2067//916 2074//916 2075//916
f 2067//916 2075//916 2076//916
f 2067//916 2076//916 2077//916
f 2067//916 2077//916 2078//916
f 2067//916 2078//916 2079//916
f 2067//916 2079//916 2080//916
f 2067//916 2080//916 2081//916
f 2067//916 2081//916 2084//916
f 2083//916 2082//916 2067//916
f 2083//916 2067//916 2084//916
f 2093//907 2090//907 2091//907
f 2092//907 2093//907 2091//907
f 2087//907 2093//907 2092//907
f 2132//907 2106//907 2107//907
f 2131//907 2105//907 2106//907
f 2131//907 2106//907 2132//907
f 2133//907 2107//907 2093//907
f 2133//907 2132//907 2107//907
f 2130//907 2104//907 2105//907
f 2130//907 2105//907 2131//907
f 2134//907 2133//907 2093//907
f 2129//907 2103//907 2104//907
f 2129//907 2104//907 2130//907
f 2109//907 2087//907 2088//907
f 2109//907 2093//907 2087//907
f 2109//907 2134//907 2093//907
f 2128//907 2102//907 2103//907
f 2128//907 2103//907 2129//907
f 2110//907 2088//907 2089//907
f 2110//907 2109//907 2088//907
f 2127//907 2101//907 2102//907
f 2127//907 2102//907 2128//907
f 2111//907 2089//907 2085//907
f 2111//907 2110//907 2089//907
f 2126//907 2101//907 2127//907
f 2100//907 2101//907 2126//907
f 2112//907 2111//907 2085//907
f 2125//907 2100//907 2126//907
f 2113//907 2112//907 2085//907
f 2099//907 2125//907 2124//907
f 2099//907 2100//907 2125//907
f 2086//907 2113//907 2085//907
f 2086//907 2114//907 2113//907
f 2115//907 2114//907 2086//907
f 2098//907 2099//907 2124//907
f 2098//907 2124//907 2123//907
f 2097//907 2098//907 2123//907
f 2097//907 2123//907 2122//907
f 2096//907 2122//907 2121//907
f 2096//907 2097//907 2122//907
f 2095//907 2121//907 2120//907
f 2095//907 2096//907 2121//907
f 2094//907 2119//907 2118//907
f 2094//907 2120//907 2119//907
f 2094//907 2095//907 2120//907
f 2108//907 2115//907 2086//907
f 2108//907 2094//907 2118//907
f 2108//907 2116//907 2115//907
f 2108//907 2117//907 2116//907
f 2108//907 2118//907 2117//907
f 2151//957 2149//958 2152//959
f 2153//960 2149//961 2135//962
s 0
f 2153//960 2152//959 2149//958
s 1
f 2154//963 2149//958 2151//957
f 2155//964 2151//957 2152//959
f 2155//964 2152//959 2153//960
s 0
f 2156//965 2150//926 2149//958
s 1
f 2156//966 2149//958 2154//963
f 2157//967 2135//962 2136//968
f 2157//967 2136//968 2137//969
f 2157//967 2137//969 2138//970
f 2157//967 2153//960 2135//962
f 2158//971 2154//963 2151//957
f 2158//971 2151//957 2155//964
f 2159//972 2150//973 2156//966
f 2160//974 2138//970 2139//975
f 2160//974 2139//975 2140//976
f 2160//974 2153//960 2157//967
f 2160//974 2155//964 2153//960
f 2160//974 2157//967 2138//970
f 2161//977 2156//966 2154//963
f 2161//977 2154//963 2158//971
f 2162//978 2150//973 2159//972
f 2163//979 2140//976 2141//980
f 2163//979 2160//974 2140//976
f 2163//979 2158//971 2155//964
f 2163//979 2155//964 2160//974
f 2164//981 2156//966 2161//977
f 2164//981 2159//972 2156//966
f 2165//982 2141//980 2142//983
f 2165//982 2142//983 2143//984
f 2165//982 2163//979 2141//980
f 2165//982 2161//977 2158//971
f 2165//982 2158//971 2163//979
f 2166//985 2148//986 2150//987
s 0
f 2166//985 2150//988 2162//989
s 1
f 2166//985 2162//978 2159//972
f 2166//985 2159//972 2164//981
f 2167//990 2143//984 2144//991
f 2167//990 2144//991 2145//992
f 2167//990 2164//981 2161//977
f 2167//990 2161//977 2165//982
f 2167//990 2165//982 2143//984
f 2168//993 2145//992 2146//994
f 2168//993 2146//994 2147//995
f 2168//993 2147//995 2148//986
f 2168//993 2148//986 2166//985
f 2168//993 2167//990 2145//992
f 2168//993 2166//985 2164//981
f 2168//993 2164//981 2167//990
f 2172//797 2169//797 2170//797
f 2172//797 2170//797 2171//797
o empty_115
v -0.121293 0.116249 0.097274
v -0.117290 0.116249 0.097274
v -0.121293 0.216326 0.097274
v -0.117290 0.216326 0.097274
v -0.121293 0.216326 0.097274
v -0.117290 0.216326 0.097274
v -0.121293 0.216326 -0.097274
v -0.117290 0.216326 -0.097274
v -0.121293 0.216326 -0.097274
v -0.117290 0.216326 -0.097274
v -0.121293 0.116249 -0.097274
v -0.117290 0.116249 -0.097274
v -0.121293 0.116249 -0.097274
v -0.117290 0.116249 -0.097274
v -0.121293 0.116249 0.097274
v -0.117290 0.116249 0.097274
v -0.121293 0.116249 0.097274
v -0.121293 0.216326 0.097274
v -0.121293 0.216326 -0.097274
v -0.121293 0.116249 -0.097274
v -0.117290 0.216326 0.097274
v -0.117290 0.216326 -0.097274
v -0.117290 0.116249 -0.097274
v -0.117290 0.116249 0.097274
vn -0.0000 -0.0000 1.0000
vn -0.0000 1.0000 -0.0000
vn -0.0000 -0.0000 -1.0000
vn -0.0000 -1.0000 -0.0000
vn -1.0000 -0.0000 -0.0000
vn 1.0000 -0.0000 -0.0000
s 1
usemtl material470
f 2173//996 2176//996 2175//996
f 2173//996 2174//996 2176//996
f 2177//997 2180//997 2179//997
f 2177//997 2178//997 2180//997
f 2181//998 2184//998 2183//998
f 2181//998 2182//998 2184//998
f 2185//999 2188//999 2187//999
f 2185//999 2186//999 2188//999
f 2189//1000 2190//1000 2191//1000
f 2189//1000 2191//1000 2192//1000
f 2196//1001 2194//1001 2193//1001
f 2196//1001 2195//1001 2194//1001
o empty_116
v -0.123695 0.182300 -0.004003
v -0.121293 0.182300 -0.004003
v -0.123695 0.206318 -0.004003
v -0.121293 0.206318 -0.004003
v -0.123695 0.206318 -0.004003
v -0.121293 0.206318 -0.004003
v -0.123695 0.206318 -0.084064
v -0.121293 0.206318 -0.084064
v -0.123695 0.206318 -0.084064
v -0.121293 0.206318 -0.084064
v -0.123695 0.182300 -0.084064
v -0.121293 0.182300 -0.084064
v -0.123695 0.182300 -0.084064
v -0.121293 0.182300 -0.084064
v -0.123695 0.170291 -0.063264
v -0.121293 0.170291 -0.063264
v -0.123695 0.170291 -0.063264
v -0.121293 0.170291 -0.063264
v -0.123695 0.170291 -0.024804
v -0.121293 0.170291 -0.024804
v -0.123695 0.170291 -0.024804
v -0.121293 0.170291 -0.024804
v -0.123695 0.182300 -0.004003
v -0.121293 0.182300 -0.004003
v -0.123695 0.170291 -0.024804
v -0.123695 0.182300 -0.004003
v -0.123695 0.170291 -0.063264
v -0.123695 0.182300 -0.084064
v -0.123695 0.206318 -0.084064
v -0.123695 0.206318 -0.004003
v -0.121293 0.182300 -0.004003
v -0.121293 0.206318 -0.004003
v -0.121293 0.170291 -0.024804
v -0.121293 0.170291 -0.063264
v -0.121293 0.182300 -0.084064
v -0.121293 0.206318 -0.084064
vn -0.0000 -0.0000 1.0000
vn -0.0000 1.0000 -0.0000
vn -0.0000 -0.0000 -1.0000
vn -0.0000 -0.8660 -0.5000
vn -0.0000 -1.0000 -0.0000
vn -0.0000 -0.8660 0.5000
vn -1.0000 -0.0000 -0.0000
vn 1.0000 -0.0000 -0.0000
s 1
usemtl material471
f 2197//1002 2200//1002 2199//1002
f 2197//1002 2198//1002 2200//1002
f 2201//1003 2204//1003 2203//1003
f 2201//1003 2202//1003 2204//1003
f 2205//1004 2208//1004 2207//1004
f 2205//1004 2206//1004 2208//1004
f 2209//1005 2212//1005 2211//1005
f 2209//1005 2210//1005 2212//1005
f 2213//1006 2216//1006 2215//1006
f 2213//1006 2214//1006 2216//1006
f 2217//1007 2220//1007 2219//1007
f 2217//1007 2218//1007 2220//1007
f 2225//1008 2224//1008 2223//1008
f 2226//1008 2221//1008 2222//1008
f 2226//1008 2223//1008 2221//1008
f 2226//1008 2225//1008 2223//1008
f 2232//1009 2230//1009 2231//1009
f 2228//1009 2227//1009 2229//1009
f 2228//1009 2229//1009 2230//1009
f 2228//1009 2230//1009 2232//1009
o empty_117
v -0.123695 0.182300 0.084064
v -0.121293 0.182300 0.084064
v -0.123695 0.206318 0.084064
v -0.121293 0.206318 0.084064
v -0.123695 0.206318 0.084064
v -0.121293 0.206318 0.084064
v -0.123695 0.206318 0.004003
v -0.121293 0.206318 0.004003
v -0.123695 0.206318 0.004003
v -0.121293 0.206318 0.004003
v -0.123695 0.182300 0.004003
v -0.121293 0.182300 0.004003
v -0.123695 0.182300 0.004003
v -0.121293 0.182300 0.004003
v -0.123695 0.170291 0.024804
v -0.121293 0.170291 0.024804
v -0.123695 0.170291 0.024804
v -0.121293 0.170291 0.024804
v -0.123695 0.170291 0.063264
v -0.121293 0.170291 0.063264
v -0.123695 0.170291 0.063264
v -0.121293 0.170291 0.063264
v -0.123695 0.182300 0.084064
v -0.121293 0.182300 0.084064
v -0.123695 0.170291 0.063264
v -0.123695 0.182300 0.084064
v -0.123695 0.170291 0.024804
v -0.123695 0.182300 0.004003
v -0.123695 0.206318 0.004003
v -0.123695 0.206318 0.084064
v -0.121293 0.182300 0.084064
v -0.121293 0.206318 0.084064
v -0.121293 0.170291 0.063264
v -0.121293 0.170291 0.024804
v -0.121293 0.182300 0.004003
v -0.121293 0.206318 0.004003
vn -0.0000 -0.0000 1.0000
vn -0.0000 1.0000 -0.0000
vn -0.0000 -0.0000 -1.0000
vn -0.0000 -0.8660 -0.5000
vn -0.0000 -1.0000 -0.0000
vn -0.0000 -0.8660 0.5000
vn -1.0000 -0.0000 -0.0000
vn 1.0000 -0.0000 -0.0000
s 1
usemtl material472
f 2233//1010 2236//1010 2235//1010
f 2233//1010 2234//1010 2236//1010
f 2237//1011 2240//1011 2239//1011
f 2237//1011 2238//1011 2240//1011
f 2241//1012 2244//1012 2243//1012
f 2241//1012 2242//1012 2244//1012
f 2245//1013 2248//1013 2247//1013
f 2245//1013 2246//1013 2248//1013
f 2249//1014 2252//1014 2251//1014
f 2249//1014 2250//1014 2252//1014
f 2253//1015 2256//1015 2255//1015
f 2253//1015 2254//1015 2256//1015
f 2261//1016 2260//1016 2259//1016
f 2262//1016 2257//1016 2258//1016
f 2262//1016 2259//1016 2257//1016
f 2262//1016 2261//1016 2259//1016
f 2268//1017 2266//1017 2267//1017
f 2264//1017 2263//1017 2265//1017
f 2264//1017 2265//1017 2266//1017
f 2264//1017 2266//1017 2268//1017
o empty_118
v -0.123695 0.142269 0.084064
v -0.121293 0.142269 0.084064
v -0.123695 0.166288 0.084064
v -0.121293 0.166288 0.084064
v -0.123695 0.166288 0.084064
v -0.121293 0.166288 0.084064
v -0.123695 0.166288 0.004003
v -0.121293 0.166288 0.004003
v -0.123695 0.166288 0.004003
v -0.121293 0.166288 0.004003
v -0.123695 0.142269 0.004003
v -0.121293 0.142269 0.004003
v -0.123695 0.142269 0.004003
v -0.121293 0.142269 0.004003
v -0.123695 0.130260 0.024804
v -0.121293 0.130260 0.024804
v -0.123695 0.130260 0.024804
v -0.121293 0.130260 0.024804
v -0.123695 0.130260 0.063264
v -0.121293 0.130260 0.063264
v -0.123695 0.130260 0.063264
v -0.121293 0.130260 0.063264
v -0.123695 0.142269 0.084064
v -0.121293 0.142269 0.084064
v -0.123695 0.130260 0.063264
v -0.123695 0.142269 0.084064
v -0.123695 0.130260 0.024804
v -0.123695 0.142269 0.004003
v -0.123695 0.166288 0.004003
v -0.123695 0.166288 0.084064
v -0.121293 0.142269 0.084064
v -0.121293 0.166288 0.084064
v -0.121293 0.130260 0.063264
v -0.121293 0.130260 0.024804
v -0.121293 0.142269 0.004003
v -0.121293 0.166288 0.004003
vn -0.0000 -0.0000 1.0000
vn -0.0000 1.0000 -0.0000
vn -0.0000 -0.0000 -1.0000
vn -0.0000 -0.8660 -0.5000
vn -0.0000 -1.0000 -0.0000
vn -0.0000 -0.8660 0.5000
vn -1.0000 -0.0000 -0.0000
vn 1.0000 -0.0000 -0.0000
s 1
usemtl material473
f 2269//1018 2272//1018 2271//1018
f 2269//1018 2270//1018 2272//1018
f 2273//1019 2276//1019 2275//1019
f 2273//1019 2274//1019 2276//1019
f 2277//1020 2280//1020 2279//1020
f 2277//1020 2278//1020 2280//1020
f 2281//1021 2284//1021 2283//1021
f 2281//1021 2282//1021 2284//1021
f 2285//1022 2288//1022 2287//1022
f 2285//1022 2286//1022 2288//1022
f 2289//1023 2292//1023 2291//1023
f 2289//1023 2290//1023 2292//1023
f 2297//1024 2296//1024 2295//1024
f 2298//1024 2293//1024 2294//1024
f 2298//1024 2295//1024 2293//1024
f 2298//1024 2297//1024 2295//1024
f 2304//1025 2302//1025 2303//1025
f 2300//1025 2299//1025 2301//1025
f 2300//1025 2301//1025 2302//1025
f 2300//1025 2302//1025 2304//1025
o empty_119
v -0.123695 0.142269 -0.004003
v -0.121293 0.142269 -0.004003
v -0.123695 0.166288 -0.004003
v -0.121293 0.166288 -0.004003
v -0.123695 0.166288 -0.004003
v -0.121293 0.166288 -0.004003
v -0.123695 0.166288 -0.084064
v -0.121293 0.166288 -0.084064
v -0.123695 0.166288 -0.084064
v -0.121293 0.166288 -0.084064
v -0.123695 0.142269 -0.084064
v -0.121293 0.142269 -0.084064
v -0.123695 0.142269 -0.084064
v -0.121293 0.142269 -0.084064
v -0.123695 0.130260 -0.063264
v -0.121293 0.130260 -0.063264
v -0.123695 0.130260 -0.063264
v -0.121293 0.130260 -0.063264
v -0.123695 0.130260 -0.024804
v -0.121293 0.130260 -0.024804
v -0.123695 0.130260 -0.024804
v -0.121293 0.130260 -0.024804
v -0.123695 0.142269 -0.004003
v -0.121293 0.142269 -0.004003
v -0.123695 0.130260 -0.024804
v -0.123695 0.142269 -0.004003
v -0.123695 0.130260 -0.063264
v -0.123695 0.142269 -0.084064
v -0.123695 0.166288 -0.084064
v -0.123695 0.166288 -0.004003
v -0.121293 0.142269 -0.004003
v -0.121293 0.166288 -0.004003
v -0.121293 0.130260 -0.024804
v -0.121293 0.130260 -0.063264
v -0.121293 0.142269 -0.084064
v -0.121293 0.166288 -0.084064
vn -0.0000 -0.0000 1.0000
vn -0.0000 1.0000 -0.0000
vn -0.0000 -0.0000 -1.0000
vn -0.0000 -0.8660 -0.5000
vn -0.0000 -1.0000 -0.0000
vn -0.0000 -0.8660 0.5000
vn -1.0000 -0.0000 -0.0000
vn 1.0000 -0.0000 -0.0000
s 1
usemtl material474
f 2305//1026 2308//1026 2307//1026
f 2305//1026 2306//1026 2308//1026
f 2309//1027 2312//1027 2311//1027
f 2309//1027 2310//1027 2312//1027
f 2313//1028 2316//1028 2315//1028
f 2313//1028 2314//1028 2316//1028
f 2317//1029 2320//1029 2319//1029
f 2317//1029 2318//1029 2320//1029
f 2321//1030 2324//1030 2323//1030
f 2321//1030 2322//1030 2324//1030
f 2325//1031 2328//1031 2327//1031
f 2325//1031 2326//1031 2328//1031
f 2333//1032 2332//1032 2331//1032
f 2334//1032 2329//1032 2330//1032
f 2334//1032 2331//1032 2329//1032
f 2334//1032 2333//1032 2331//1032
f 2340//1033 2338//1033 2339//1033
f 2336//1033 2335//1033 2337//1033
f 2336//1033 2337//1033 2338//1033
f 2336//1033 2338//1033 2340//1033
o empty_12
v 0.002802 0.070614 0.107682
v 0.002802 0.070614 0.105280
v 0.002802 0.046596 0.107682
v 0.002802 0.046596 0.105280
v 0.002802 0.046596 0.107682
v 0.002802 0.046596 0.105280
v 0.082863 0.046596 0.107682
v 0.082863 0.046596 0.105280
v 0.082863 0.046596 0.107682
v 0.082863 0.046596 0.105280
v 0.082863 0.070614 0.107682
v 0.082863 0.070614 0.105280
v 0.082863 0.070614 0.107682
v 0.082863 0.070614 0.105280
v 0.062063 0.082624 0.107682
v 0.062063 0.082624 0.105280
v 0.062063 0.082624 0.107682
v 0.062063 0.082624 0.105280
v 0.023603 0.082624 0.107682
v 0.023603 0.082624 0.105280
v 0.023603 0.082624 0.107682
v 0.023603 0.082624 0.105280
v 0.002802 0.070614 0.107682
v 0.002802 0.070614 0.105280
v 0.023603 0.082624 0.107682
v 0.002802 0.070614 0.107682
v 0.062063 0.082624 0.107682
v 0.082863 0.070614 0.107682
v 0.082863 0.046596 0.107682
v 0.002802 0.046596 0.107682
v 0.002802 0.070614 0.105280
v 0.002802 0.046596 0.105280
v 0.023603 0.082624 0.105280
v 0.062063 0.082624 0.105280
v 0.082863 0.070614 0.105280
v 0.082863 0.046596 0.105280
vn -1.0000 -0.0000 -0.0000
vn -0.0000 -1.0000 -0.0000
vn 1.0000 -0.0000 -0.0000
vn 0.5000 0.8660 -0.0000
vn -0.0000 1.0000 -0.0000
vn -0.5000 0.8660 -0.0000
vn -0.0000 -0.0000 1.0000
vn -0.0000 -0.0000 -1.0000
s 1
usemtl material367
f 2341//1034 2344//1034 2343//1034
f 2341//1034 2342//1034 2344//1034
f 2345//1035 2348//1035 2347//1035
f 2345//1035 2346//1035 2348//1035
f 2349//1036 2352//1036 2351//1036
f 2349//1036 2350//1036 2352//1036
f 2353//1037 2356//1037 2355//1037
f 2353//1037 2354//1037 2356//1037
f 2357//1038 2360//1038 2359//1038
f 2357//1038 2358//1038 2360//1038
f 2361//1039 2364//1039 2363//1039
f 2361//1039 2362//1039 2364//1039
f 2369//1040 2368//1040 2367//1040
f 2370//1040 2365//1040 2366//1040
f 2370//1040 2367//1040 2365//1040
f 2370//1040 2369//1040 2367//1040
f 2376//1041 2374//1041 2375//1041
f 2372//1041 2371//1041 2373//1041
f 2372//1041 2373//1041 2374//1041
f 2372//1041 2374//1041 2376//1041
o empty_13
v 0.002802 0.110645 0.107682
v 0.002802 0.110645 0.105280
v 0.002802 0.086627 0.107682
v 0.002802 0.086627 0.105280
v 0.002802 0.086627 0.107682
v 0.002802 0.086627 0.105280
v 0.082863 0.086627 0.107682
v 0.082863 0.086627 0.105280
v 0.082863 0.086627 0.107682
v 0.082863 0.086627 0.105280
v 0.082863 0.110645 0.107682
v 0.082863 0.110645 0.105280
v 0.082863 0.110645 0.107682
v 0.082863 0.110645 0.105280
v 0.062063 0.122654 0.107682
v 0.062063 0.122654 0.105280
v 0.062063 0.122654 0.107682
v 0.062063 0.122654 0.105280
v 0.023603 0.122654 0.107682
v 0.023603 0.122654 0.105280
v 0.023603 0.122654 0.107682
v 0.023603 0.122654 0.105280
v 0.002802 0.110645 0.107682
v 0.002802 0.110645 0.105280
v 0.023603 0.122654 0.107682
v 0.002802 0.110645 0.107682
v 0.062063 0.122654 0.107682
v 0.082863 0.110645 0.107682
v 0.082863 0.086627 0.107682
v 0.002802 0.086627 0.107682
v 0.002802 0.110645 0.105280
v 0.002802 0.086627 0.105280
v 0.023603 0.122654 0.105280
v 0.062063 0.122654 0.105280
v 0.082863 0.110645 0.105280
v 0.082863 0.086627 0.105280
vn -1.0000 -0.0000 -0.0000
vn -0.0000 -1.0000 -0.0000
vn 1.0000 -0.0000 -0.0000
vn 0.5000 0.8660 -0.0000
vn -0.0000 1.0000 -0.0000
vn -0.5000 0.8660 -0.0000
vn -0.0000 -0.0000 1.0000
vn -0.0000 -0.0000 -1.0000
s 1
usemtl material368
f 2377//1042 2380//1042 2379//1042
f 2377//1042 2378//1042 2380//1042
f 2381//1043 2384//1043 2383//1043
f 2381//1043 2382//1043 2384//1043
f 2385//1044 2388//1044 2387//1044
f 2385//1044 2386//1044 2388//1044
f 2389//1045 2392//1045 2391//1045
f 2389//1045 2390//1045 2392//1045
f 2393//1046 2396//1046 2395//1046
f 2393//1046 2394//1046 2396//1046
f 2397//1047 2400//1047 2399//1047
f 2397//1047 2398//1047 2400//1047
f 2405//1048 2404//1048 2403//1048
f 2406//1048 2401//1048 2402//1048
f 2406//1048 2403//1048 2401//1048
f 2406//1048 2405//1048 2403//1048
f 2412//1049 2410//1049 2411//1049
f 2408//1049 2407//1049 2409//1049
f 2408//1049 2409//1049 2410//1049
f 2408//1049 2410//1049 2412//1049
o empty_14
v 0.002802 0.150676 0.107682
v 0.002802 0.150676 0.105280
v 0.002802 0.126657 0.107682
v 0.002802 0.126657 0.105280
v 0.002802 0.126657 0.107682
v 0.002802 0.126657 0.105280
v 0.082863 0.126657 0.107682
v 0.082863 0.126657 0.105280
v 0.082863 0.126657 0.107682
v 0.082863 0.126657 0.105280
v 0.082863 0.150676 0.107682
v 0.082863 0.150676 0.105280
v 0.082863 0.150676 0.107682
v 0.082863 0.150676 0.105280
v 0.062063 0.162685 0.107682
v 0.062063 0.162685 0.105280
v 0.062063 0.162685 0.107682
v 0.062063 0.162685 0.105280
v 0.023603 0.162685 0.107682
v 0.023603 0.162685 0.105280
v 0.023603 0.162685 0.107682
v 0.023603 0.162685 0.105280
v 0.002802 0.150676 0.107682
v 0.002802 0.150676 0.105280
v 0.023603 0.162685 0.107682
v 0.002802 0.150676 0.107682
v 0.062063 0.162685 0.107682
v 0.082863 0.150676 0.107682
v 0.082863 0.126657 0.107682
v 0.002802 0.126657 0.107682
v 0.002802 0.150676 0.105280
v 0.002802 0.126657 0.105280
v 0.023603 0.162685 0.105280
v 0.062063 0.162685 0.105280
v 0.082863 0.150676 0.105280
v 0.082863 0.126657 0.105280
vn -1.0000 -0.0000 -0.0000
vn -0.0000 -1.0000 -0.0000
vn 1.0000 -0.0000 -0.0000
vn 0.5000 0.8660 -0.0000
vn -0.0000 1.0000 -0.0000
vn -0.5000 0.8660 -0.0000
vn -0.0000 -0.0000 1.0000
vn -0.0000 -0.0000 -1.0000
s 1
usemtl material369
f 2413//1050 2416//1050 2415//1050
f 2413//1050 2414//1050 2416//1050
f 2417//1051 2420//1051 2419//1051
f 2417//1051 2418//1051 2420//1051
f 2421//1052 2424//1052 2423//1052
f 2421//1052 2422//1052 2424//1052
f 2425//1053 2428//1053 2427//1053
f 2425//1053 2426//1053 2428//1053
f 2429//1054 2432//1054 2431//1054
f 2429//1054 2430//1054 2432//1054
f 2433//1055 2436//1055 2435//1055
f 2433//1055 2434//1055 2436//1055
f 2441//1056 2440//1056 2439//1056
f 2442//1056 2437//1056 2438//1056
f 2442//1056 2439//1056 2437//1056
f 2442//1056 2441//1056 2439//1056
f 2448//1057 2446//1057 2447//1057
f 2444//1057 2443//1057 2445//1057
f 2444//1057 2445//1057 2446//1057
f 2444//1057 2446//1057 2448//1057
o empty_15
v 0.002802 0.190706 0.107682
v 0.002802 0.190706 0.105280
v 0.002802 0.166688 0.107682
v 0.002802 0.166688 0.105280
v 0.002802 0.166688 0.107682
v 0.002802 0.166688 0.105280
v 0.082863 0.166688 0.107682
v 0.082863 0.166688 0.105280
v 0.082863 0.166688 0.107682
v 0.082863 0.166688 0.105280
v 0.082863 0.190706 0.107682
v 0.082863 0.190706 0.105280
v 0.082863 0.190706 0.107682
v 0.082863 0.190706 0.105280
v 0.062063 0.202715 0.107682
v 0.062063 0.202715 0.105280
v 0.062063 0.202715 0.107682
v 0.062063 0.202715 0.105280
v 0.023603 0.202715 0.107682
v 0.023603 0.202715 0.105280
v 0.023603 0.202715 0.107682
v 0.023603 0.202715 0.105280
v 0.002802 0.190706 0.107682
v 0.002802 0.190706 0.105280
v 0.023603 0.202715 0.107682
v 0.002802 0.190706 0.107682
v 0.062063 0.202715 0.107682
v 0.082863 0.190706 0.107682
v 0.082863 0.166688 0.107682
v 0.002802 0.166688 0.107682
v 0.002802 0.190706 0.105280
v 0.002802 0.166688 0.105280
v 0.023603 0.202715 0.105280
v 0.062063 0.202715 0.105280
v 0.082863 0.190706 0.105280
v 0.082863 0.166688 0.105280
vn -1.0000 -0.0000 -0.0000
vn -0.0000 -1.0000 -0.0000
vn 1.0000 -0.0000 -0.0000
vn 0.5000 0.8660 -0.0000
vn -0.0000 1.0000 -0.0000
vn -0.5000 0.8660 -0.0000
vn -0.0000 -0.0000 1.0000
vn -0.0000 -0.0000 -1.0000
s 1
usemtl material370
f 2449//1058 2452//1058 2451//1058
f 2449//1058 2450//1058 2452//1058
f 2453//1059 2456//1059 2455//1059
f 2453//1059 2454//1059 2456//1059
f 2457//1060 2460//1060 2459//1060
f 2457//1060 2458//1060 2460//1060
f 2461//1061 2464//1061 2463//1061
f 2461//1061 2462//1061 2464//1061
f 2465//1062 2468//1062 2467//1062
f 2465//1062 2466//1062 2468//1062
f 2469//1063 2472//1063 2471//1063
f 2469//1063 2470//1063 2472//1063
f 2477//1064 2476//1064 2475//1064
f 2478//1064 2473//1064 2474//1064
f 2478//1064 2475//1064 2473//1064
f 2478//1064 2477//1064 2475//1064
f 2484//1065 2482//1065 2483//1065
f 2480//1065 2479//1065 2481//1065
f 2480//1065 2481//1065 2482//1065
f 2480//1065 2482//1065 2484//1065
o empty_16
v -0.085265 -0.129539 0.107682
v -0.085265 -0.129539 0.105280
v -0.085265 -0.153557 0.107682
v -0.085265 -0.153557 0.105280
v -0.085265 -0.153557 0.107682
v -0.085265 -0.153557 0.105280
v -0.005204 -0.153557 0.107682
v -0.005204 -0.153557 0.105280
v -0.005204 -0.153557 0.107682
v -0.005204 -0.153557 0.105280
v -0.005204 -0.129539 0.107682
v -0.005204 -0.129539 0.105280
v -0.005204 -0.129539 0.107682
v -0.005204 -0.129539 0.105280
v -0.026004 -0.117529 0.107682
v -0.026004 -0.117529 0.105280
v -0.026004 -0.117529 0.107682
v -0.026004 -0.117529 0.105280
v -0.064465 -0.117529 0.107682
v -0.064465 -0.117529 0.105280
v -0.064465 -0.117529 0.107682
v -0.064465 -0.117529 0.105280
v -0.085265 -0.129539 0.107682
v -0.085265 -0.129539 0.105280
v -0.064465 -0.117529 0.107682
v -0.085265 -0.129539 0.107682
v -0.026004 -0.117529 0.107682
v -0.005204 -0.129539 0.107682
v -0.005204 -0.153557 0.107682
v -0.085265 -0.153557 0.107682
v -0.085265 -0.129539 0.105280
v -0.085265 -0.153557 0.105280
v -0.064465 -0.117529 0.105280
v -0.026004 -0.117529 0.105280
v -0.005204 -0.129539 0.105280
v -0.005204 -0.153557 0.105280
vn -1.0000 -0.0000 -0.0000
vn -0.0000 -1.0000 -0.0000
vn 1.0000 -0.0000 -0.0000
vn 0.5000 0.8660 -0.0000
vn -0.0000 1.0000 -0.0000
vn -0.5000 0.8660 -0.0000
vn -0.0000 -0.0000 1.0000
vn -0.0000 -0.0000 -1.0000
s 1
usemtl material371
f 2485//1066 2488//1066 2487//1066
f 2485//1066 2486//1066 2488//1066
f 2489//1067 2492//1067 2491//1067
f 2489//1067 2490//1067 2492//1067
f 2493//1068 2496//1068 2495//1068
f 2493//1068 2494//1068 2496//1068
f 2497//1069 2500//1069 2499//1069
f 2497//1069 2498//1069 2500//1069
f 2501//1070 2504//1070 2503//1070
f 2501//1070 2502//1070 2504//1070
f 2505//1071 2508//1071 2507//1071
f 2505//1071 2506//1071 2508//1071
f 2513//1072 2512//1072 2511//1072
f 2514//1072 2509//1072 2510//1072
f 2514//1072 2511//1072 2509//1072
f 2514//1072 2513//1072 2511//1072
f 2520//1073 2518//1073 2519//1073
f 2516//1073 2515//1073 2517//1073
f 2516//1073 2517//1073 2518//1073
f 2516//1073 2518//1073 2520//1073
o empty_17
v -0.085265 -0.089508 0.107682
v -0.085265 -0.089508 0.105280
v -0.085265 -0.113526 0.107682
v -0.085265 -0.113526 0.105280
v -0.085265 -0.113526 0.107682
v -0.085265 -0.113526 0.105280
v -0.005204 -0.113526 0.107682
v -0.005204 -0.113526 0.105280
v -0.005204 -0.113526 0.107682
v -0.005204 -0.113526 0.105280
v -0.005204 -0.089508 0.107682
v -0.005204 -0.089508 0.105280
v -0.005204 -0.089508 0.107682
v -0.005204 -0.089508 0.105280
v -0.026004 -0.077499 0.107682
v -0.026004 -0.077499 0.105280
v -0.026004 -0.077499 0.107682
v -0.026004 -0.077499 0.105280
v -0.064465 -0.077499 0.107682
v -0.064465 -0.077499 0.105280
v -0.064465 -0.077499 0.107682
v -0.064465 -0.077499 0.105280
v -0.085265 -0.089508 0.107682
v -0.085265 -0.089508 0.105280
v -0.064465 -0.077499 0.107682
v -0.085265 -0.089508 0.107682
v -0.026004 -0.077499 0.107682
v -0.005204 -0.089508 0.107682
v -0.005204 -0.113526 0.107682
v -0.085265 -0.113526 0.107682
v -0.085265 -0.089508 0.105280
v -0.085265 -0.113526 0.105280
v -0.064465 -0.077499 0.105280
v -0.026004 -0.077499 0.105280
v -0.005204 -0.089508 0.105280
v -0.005204 -0.113526 0.105280
vn -1.0000 -0.0000 -0.0000
vn -0.0000 -1.0000 -0.0000
vn 1.0000 -0.0000 -0.0000
vn 0.5000 0.8660 -0.0000
vn -0.0000 1.0000 -0.0000
vn -0.5000 0.8660 -0.0000
vn -0.0000 -0.0000 1.0000
vn -0.0000 -0.0000 -1.0000
s 1
usemtl material372
f 2521//1074 2524//1074 2523//1074
f 2521//1074 2522//1074 2524//1074
f 2525//1075 2528//1075 2527//1075
f 2525//1075 2526//1075 2528//1075
f 2529//1076 2532//1076 2531//1076
f 2529//1076 2530//1076 2532//1076
f 2533//1077 2536//1077 2535//1077
f 2533//1077 2534//1077 2536//1077
f 2537//1078 2540//1078 2539//1078
f 2537//1078 2538//1078 2540//1078
f 2541//1079 2544//1079 2543//1079
f 2541//1079 2542//1079 2544//1079
f 2549//1080 2548//1080 2547//1080
f 2550//1080 2545//1080 2546//1080
f 2550//1080 2547//1080 2545//1080
f 2550//1080 2549//1080 2547//1080
f 2556//1081 2554//1081 2555//1081
f 2552//1081 2551//1081 2553//1081
f 2552//1081 2553//1081 2554//1081
f 2552//1081 2554//1081 2556//1081
o empty_18
v -0.085265 -0.049477 0.107682
v -0.085265 -0.049477 0.105280
v -0.085265 -0.073496 0.107682
v -0.085265 -0.073496 0.105280
v -0.085265 -0.073496 0.107682
v -0.085265 -0.073496 0.105280
v -0.005204 -0.073496 0.107682
v -0.005204 -0.073496 0.105280
v -0.005204 -0.073496 0.107682
v -0.005204 -0.073496 0.105280
v -0.005204 -0.049477 0.107682
v -0.005204 -0.049477 0.105280
v -0.005204 -0.049477 0.107682
v -0.005204 -0.049477 0.105280
v -0.026004 -0.037468 0.107682
v -0.026004 -0.037468 0.105280
v -0.026004 -0.037468 0.107682
v -0.026004 -0.037468 0.105280
v -0.064465 -0.037468 0.107682
v -0.064465 -0.037468 0.105280
v -0.064465 -0.037468 0.107682
v -0.064465 -0.037468 0.105280
v -0.085265 -0.049477 0.107682
v -0.085265 -0.049477 0.105280
v -0.064465 -0.037468 0.107682
v -0.085265 -0.049477 0.107682
v -0.026004 -0.037468 0.107682
v -0.005204 -0.049477 0.107682
v -0.005204 -0.073496 0.107682
v -0.085265 -0.073496 0.107682
v -0.085265 -0.049477 0.105280
v -0.085265 -0.073496 0.105280
v -0.064465 -0.037468 0.105280
v -0.026004 -0.037468 0.105280
v -0.005204 -0.049477 0.105280
v -0.005204 -0.073496 0.105280
vn -1.0000 -0.0000 -0.0000
vn -0.0000 -1.0000 -0.0000
vn 1.0000 -0.0000 -0.0000
vn 0.5000 0.8660 -0.0000
vn -0.0000 1.0000 -0.0000
vn -0.5000 0.8660 -0.0000
vn -0.0000 -0.0000 1.0000
vn -0.0000 -0.0000 -1.0000
s 1
usemtl material373
f 2557//1082 2560//1082 2559//1082
f 2557//1082 2558//1082 2560//1082
f 2561//1083 2564//1083 2563//1083
f 2561//1083 2562//1083 2564//1083
f 2565//1084 2568//1084 2567//1084
f 2565//1084 2566//1084 2568//1084
f 2569//1085 2572//1085 2571//1085
f 2569//1085 2570//1085 2572//1085
f 2573//1086 2576//1086 2575//1086
f 2573//1086 2574//1086 2576//1086
f 2577//1087 2580//1087 2579//1087
f 2577//1087 2578//1087 2580//1087
f 2585//1088 2584//1088 2583//1088
f 2586//1088 2581//1088 2582//1088
f 2586//1088 2583//1088 2581//1088
f 2586//1088 2585//1088 2583//1088
f 2592//1089 2590//1089 2591//1089
f 2588//1089 2587//1089 2589//1089
f 2588//1089 2589//1089 2590//1089
f 2588//1089 2590//1089 2592//1089
o empty_19
v -0.085265 -0.009447 0.107682
v -0.085265 -0.009447 0.105280
v -0.085265 -0.033465 0.107682
v -0.085265 -0.033465 0.105280
v -0.085265 -0.033465 0.107682
v -0.085265 -0.033465 0.105280
v -0.005204 -0.033465 0.107682
v -0.005204 -0.033465 0.105280
v -0.005204 -0.033465 0.107682
v -0.005204 -0.033465 0.105280
v -0.005204 -0.009447 0.107682
v -0.005204 -0.009447 0.105280
v -0.005204 -0.009447 0.107682
v -0.005204 -0.009447 0.105280
v -0.026004 0.002562 0.107682
v -0.026004 0.002562 0.105280
v -0.026004 0.002562 0.107682
v -0.026004 0.002562 0.105280
v -0.064465 0.002562 0.107682
v -0.064465 0.002562 0.105280
v -0.064465 0.002562 0.107682
v -0.064465 0.002562 0.105280
v -0.085265 -0.009447 0.107682
v -0.085265 -0.009447 0.105280
v -0.064465 0.002562 0.107682
v -0.085265 -0.009447 0.107682
v -0.026004 0.002562 0.107682
v -0.005204 -0.009447 0.107682
v -0.005204 -0.033465 0.107682
v -0.085265 -0.033465 0.107682
v -0.085265 -0.009447 0.105280
v -0.085265 -0.033465 0.105280
v -0.064465 0.002562 0.105280
v -0.026004 0.002562 0.105280
v -0.005204 -0.009447 0.105280
v -0.005204 -0.033465 0.105280
vn -1.0000 -0.0000 -0.0000
vn -0.0000 -1.0000 -0.0000
vn 1.0000 -0.0000 -0.0000
vn 0.5000 0.8660 -0.0000
vn -0.0000 1.0000 -0.0000
vn -0.5000 0.8660 -0.0000
vn -0.0000 -0.0000 1.0000
vn -0.0000 -0.0000 -1.0000
s 1
usemtl material374
f 2593//1090 2596//1090 2595//1090
f 2593//1090 2594//1090 2596//1090
f 2597//1091 2600//1091 2599//1091
f 2597//1091 2598//1091 2600//1091
f 2601//1092 2604//1092 2603//1092
f 2601//1092 2602//1092 2604//1092
f 2605//1093 2608//1093 2607//1093
f 2605//1093 2606//1093 2608//1093
f 2609//1094 2612//1094 2611//1094
f 2609//1094 2610//1094 2612//1094
f 2613//1095 2616//1095 2615//1095
f 2613//1095 2614//1095 2616//1095
f 2621//1096 2620//1096 2619//1096
f 2622//1096 2617//1096 2618//1096
f 2622//1096 2619//1096 2617//1096
f 2622//1096 2621//1096 2619//1096
f 2628//1097 2626//1097 2627//1097
f 2624//1097 2623//1097 2625//1097
f 2624//1097 2625//1097 2626//1097
f 2624//1097 2626//1097 2628//1097
o empty_2
v -0.073911 0.216326 -0.095309
v -0.069253 0.178679 -0.057662
v -0.069253 0.215477 -0.020865
v -0.075456 0.214558 -0.021015
v -0.081299 0.212624 -0.022227
v -0.086442 0.209786 -0.024428
v -0.090585 0.206210 -0.027492
v -0.093489 0.202103 -0.031240
v -0.094985 0.197704 -0.035454
v -0.094985 0.193268 -0.039889
v -0.093489 0.189054 -0.044288
v -0.090585 0.185306 -0.048395
v -0.086442 0.182243 -0.051972
v -0.081299 0.180041 -0.054810
v -0.075456 0.178830 -0.056744
v -0.069358 0.216326 -0.021714
v -0.073916 0.216326 -0.022270
v -0.078604 0.216326 -0.024021
v -0.083161 0.216326 -0.026990
v -0.087775 0.216326 -0.031589
v -0.092036 0.216326 -0.037973
v -0.095315 0.216326 -0.045664
v -0.097297 0.216326 -0.054133
v -0.097841 0.216326 -0.062803
v -0.096780 0.216326 -0.071954
v -0.094192 0.216326 -0.079943
v -0.090441 0.216326 -0.086345
v -0.086383 0.216326 -0.090618
v -0.082647 0.216326 -0.093121
v -0.079042 0.216326 -0.094579
v -0.076384 0.216326 -0.095142
v -0.069358 0.216326 0.021714
v -0.069253 0.215477 0.020864
v -0.075456 0.214558 0.021015
v -0.081299 0.212624 0.022227
v -0.086442 0.209786 0.024428
v -0.090585 0.206210 0.027492
v -0.093489 0.202103 0.031240
v -0.094985 0.197704 0.035454
v -0.094985 0.193268 0.039889
v -0.093489 0.189054 0.044288
v -0.090585 0.185306 0.048395
v -0.086442 0.182243 0.051972
v -0.081299 0.180041 0.054809
v -0.075456 0.178830 0.056744
v -0.069253 0.178679 0.057662
v -0.073911 0.216326 0.095309
v -0.073916 0.216326 0.022270
v -0.078604 0.216326 0.024021
v -0.083161 0.216326 0.026990
v -0.087775 0.216326 0.031589
v -0.092036 0.216326 0.037973
v -0.095315 0.216326 0.045663
v -0.097297 0.216326 0.054133
v -0.097841 0.216326 0.062803
v -0.096780 0.216326 0.071954
v -0.094192 0.216326 0.079943
v -0.090441 0.216326 0.086345
v -0.086383 0.216326 0.090618
v -0.082647 0.216326 0.093121
v -0.079042 0.216326 0.094579
v -0.076384 0.216326 0.095142
v -0.045635 0.105041 -0.056843
v -0.045635 -0.203995 -0.056843
v -0.045635 -0.203995 0.068052
v -0.055913 -0.203995 0.067200
v -0.065912 -0.203995 0.064668
v -0.075357 -0.203995 0.060525
v -0.083991 -0.203995 0.054884
v -0.091579 -0.203995 0.047899
v -0.097914 -0.203995 0.039760
v -0.102823 -0.203995 0.030689
v -0.106172 -0.203995 0.020934
v -0.107869 -0.203995 0.010761
v -0.107869 -0.203995 0.000447
v -0.106172 -0.203995 -0.009726
v -0.102823 -0.203995 -0.019481
v -0.097914 -0.203995 -0.028551
v -0.091579 -0.203995 -0.036690
v -0.083991 -0.203995 -0.043676
v -0.075357 -0.203995 -0.049317
v -0.065912 -0.203995 -0.053460
v -0.055913 -0.203995 -0.055992
v -0.045635 0.105041 0.068052
v -0.055913 0.105041 0.067200
v -0.065912 0.105041 0.064668
v -0.075357 0.105041 0.060525
v -0.083991 0.105041 0.054884
v -0.091579 0.105041 0.047899
v -0.097914 0.105041 0.039760
v -0.102823 0.105041 0.030689
v -0.106172 0.105041 0.020934
v -0.107869 0.105041 0.010761
v -0.107869 0.105041 0.000447
v -0.106172 0.105041 -0.009726
v -0.102823 0.105041 -0.019481
v -0.097914 0.105041 -0.028551
v -0.091579 0.105041 -0.036690
v -0.083991 0.105041 -0.043676
v -0.075357 0.105041 -0.049317
v -0.065912 0.105041 -0.053460
v -0.055913 0.105041 -0.055992
v 0.117290 0.212323 0.097274
v 0.117290 -0.203995 0.097274
v 0.105280 -0.203995 0.097274
v 0.105280 -0.054181 0.097274
v 0.106281 -0.054181 0.097274
v 0.106281 0.066511 0.097274
v 0.105280 0.066511 0.097274
v 0.105280 0.212323 0.097274
v 0.105280 0.212323 0.097274
v 0.105280 0.066511 0.097274
v 0.105280 0.066511 0.101277
v 0.105280 0.212323 0.101277
v 0.105280 0.212323 -0.097274
v 0.105280 0.066511 -0.097274
v 0.106281 0.066511 -0.097274
v 0.106281 -0.054181 -0.097274
v 0.105280 -0.054181 -0.097274
v 0.105280 -0.203995 -0.097274
v 0.117290 -0.203995 -0.097274
v 0.117290 0.212323 -0.097274
v 0.105280 0.212323 -0.101277
v 0.105280 0.066511 -0.101277
v 0.105280 0.066511 -0.097274
v 0.105280 0.212323 -0.097274
v 0.117290 -0.203995 -0.097274
v 0.117290 0.212323 -0.097274
v 0.117290 0.212323 0.097274
v 0.117290 -0.203995 0.097274
v 0.117290 -0.203995 0.076058
v 0.117290 -0.199992 0.076058
v 0.117290 -0.199992 -0.077259
v 0.117290 -0.203995 -0.077259
v -0.105280 0.216326 0.097274
v -0.105280 0.216326 0.101277
v -0.117290 0.216326 0.097274
v -0.117290 0.216326 -0.097274
v -0.105280 0.216326 -0.097274
v -0.105280 0.216326 -0.101277
v -0.018814 0.216326 -0.101277
v -0.018814 0.216326 0.101277
v -0.069358 0.216326 -0.021714
v -0.073916 0.216326 -0.022270
v -0.078604 0.216326 -0.024021
v -0.083161 0.216326 -0.026990
v -0.087775 0.216326 -0.031589
v -0.092036 0.216326 -0.037973
v -0.095315 0.216326 -0.045664
v -0.097297 0.216326 -0.054133
v -0.097841 0.216326 -0.062803
v -0.096780 0.216326 -0.071954
v -0.094192 0.216326 -0.079943
v -0.090441 0.216326 -0.086345
v -0.086383 0.216326 -0.090618
v -0.082647 0.216326 -0.093121
v -0.079042 0.216326 -0.094579
v -0.076384 0.216326 -0.095142
v -0.073911 0.216326 -0.095309
v -0.069353 0.216326 -0.094753
v -0.064665 0.216326 -0.093002
v -0.060108 0.216326 -0.090032
v -0.055494 0.216326 -0.085433
v -0.051233 0.216326 -0.079050
v -0.047954 0.216326 -0.071359
v -0.045972 0.216326 -0.062890
v -0.045428 0.216326 -0.054219
v -0.046489 0.216326 -0.045069
v -0.049077 0.216326 -0.037079
v -0.052828 0.216326 -0.030678
v -0.056886 0.216326 -0.026405
v -0.060622 0.216326 -0.023901
v -0.064227 0.216326 -0.022444
v -0.066884 0.216326 -0.021880
v -0.073911 0.216326 0.095309
v -0.069353 0.216326 0.094753
v -0.064665 0.216326 0.093002
v -0.060108 0.216326 0.090032
v -0.055494 0.216326 0.085433
v -0.051233 0.216326 0.079050
v -0.047954 0.216326 0.071359
v -0.045972 0.216326 0.062890
v -0.045428 0.216326 0.054219
v -0.046489 0.216326 0.045069
v -0.049077 0.216326 0.037079
v -0.052828 0.216326 0.030678
v -0.056886 0.216326 0.026405
v -0.060622 0.216326 0.023901
v -0.064227 0.216326 0.022443
v -0.066884 0.216326 0.021880
v -0.069358 0.216326 0.021714
v -0.073916 0.216326 0.022270
v -0.078604 0.216326 0.024021
v -0.083161 0.216326 0.026990
v -0.087775 0.216326 0.031589
v -0.092036 0.216326 0.037973
v -0.095315 0.216326 0.045663
v -0.097297 0.216326 0.054133
v -0.097841 0.216326 0.062803
v -0.096780 0.216326 0.071954
v -0.094192 0.216326 0.079943
v -0.090441 0.216326 0.086345
v -0.086383 0.216326 0.090618
v -0.082647 0.216326 0.093121
v -0.079042 0.216326 0.094579
v -0.076384 0.216326 0.095142
v 0.105280 -0.203995 -0.101277
v -0.105280 -0.203995 -0.101277
v 0.105280 -0.203995 -0.097274
v 0.117290 -0.203995 -0.097274
v 0.117290 -0.203995 -0.077259
v 0.023618 -0.203995 -0.077259
v 0.023618 -0.203995 0.076058
v 0.117290 -0.203995 0.076058
v 0.117290 -0.203995 0.097274
v 0.105280 -0.203995 0.097274
v 0.105280 -0.203995 0.101277
v -0.105280 -0.203995 0.101277
v -0.105280 -0.203995 0.097274
v -0.121293 -0.203995 0.097274
v -0.121293 -0.203995 -0.097274
v -0.105280 -0.203995 -0.097274
v -0.045635 -0.203995 -0.056843
v -0.035356 -0.203995 -0.055992
v -0.025358 -0.203995 -0.053460
v -0.015913 -0.203995 -0.049317
v -0.007279 -0.203995 -0.043676
v 0.000309 -0.203995 -0.036690
v 0.006644 -0.203995 -0.028551
v 0.011553 -0.203995 -0.019481
v 0.014902 -0.203995 -0.009726
v 0.016600 -0.203995 0.000447
v 0.016600 -0.203995 0.010761
v 0.014902 -0.203995 0.020934
v 0.011553 -0.203995 0.030689
v 0.006644 -0.203995 0.039760
v 0.000309 -0.203995 0.047899
v -0.007279 -0.203995 0.054884
v -0.015913 -0.203995 0.060525
v -0.025358 -0.203995 0.064668
v -0.035356 -0.203995 0.067200
v -0.045635 -0.203995 0.068052
v -0.055913 -0.203995 0.067200
v -0.065912 -0.203995 0.064668
v -0.075357 -0.203995 0.060525
v -0.083991 -0.203995 0.054884
v -0.091579 -0.203995 0.047899
v -0.097914 -0.203995 0.039760
v -0.102823 -0.203995 0.030689
v -0.106172 -0.203995 0.020934
v -0.107869 -0.203995 0.010761
v -0.107869 -0.203995 0.000447
v -0.106172 -0.203995 -0.009726
v -0.102823 -0.203995 -0.019481
v -0.097914 -0.203995 -0.028551
v -0.091579 -0.203995 -0.036690
v -0.083991 -0.203995 -0.043676
v -0.075357 -0.203995 -0.049317
v -0.065912 -0.203995 -0.053460
v -0.055913 -0.203995 -0.055992
v 0.097274 -0.053681 -0.101277
v 0.097274 -0.053681 -0.105281
v 0.097274 -0.054181 -0.101277
v 0.097274 -0.054181 -0.094072
v 0.097274 0.066511 -0.094072
v 0.097274 0.066511 -0.101277
v 0.097274 0.066011 -0.101277
v 0.097274 0.066011 -0.105281
v 0.097274 0.066011 -0.105281
v 0.097274 -0.053681 -0.105281
v 0.089268 0.066011 -0.105281
v 0.089268 -0.053681 -0.105281
v 0.097274 0.066011 0.105280
v 0.097274 -0.053681 0.105280
v 0.089268 -0.053681 0.105280
v 0.089268 0.066011 0.105280
v 0.097274 0.066011 0.101277
v 0.097274 0.066011 0.105280
v 0.097274 0.066511 0.101277
v 0.097274 0.066511 0.094072
v 0.097274 -0.054181 0.094072
v 0.097274 -0.054181 0.101277
v 0.097274 -0.053681 0.101277
v 0.097274 -0.053681 0.105280
v 0.105280 -0.054181 0.097274
v 0.105280 -0.203995 0.097274
v 0.105280 -0.203995 0.101277
v 0.105280 -0.054181 0.101277
v 0.105280 -0.203995 -0.097274
v 0.105280 -0.203995 -0.101277
v 0.105280 -0.054181 -0.097274
v 0.105280 -0.054181 -0.101277
v -0.105280 0.216326 -0.101277
v -0.105280 -0.203995 -0.101277
v 0.105280 -0.203995 -0.101277
v 0.105280 -0.054181 -0.101277
v 0.097274 -0.054181 -0.101277
v 0.097274 -0.053681 -0.101277
v 0.089268 -0.053681 -0.101277
v 0.089268 0.066011 -0.101277
v 0.097274 0.066011 -0.101277
v 0.097274 0.066511 -0.101277
v 0.105280 0.066511 -0.101277
v 0.105280 0.212323 -0.101277
v -0.018814 0.212323 -0.101277
v -0.018814 0.216326 -0.101277
v -0.105280 0.216326 -0.101277
v -0.105280 -0.203995 -0.101277
v -0.105280 0.216326 -0.097274
v -0.105280 -0.203995 -0.097274
v -0.105280 -0.203995 -0.097274
v -0.121293 -0.203995 -0.097274
v -0.105280 0.216326 -0.097274
v -0.117290 0.216326 -0.097274
v -0.117290 0.116249 -0.097274
v -0.121293 0.116249 -0.097274
v -0.121293 -0.203995 -0.097274
v -0.121293 -0.203995 0.097274
v -0.121293 0.116249 -0.097274
v -0.121293 0.116249 0.097274
v -0.117290 0.216326 0.097274
v -0.105280 0.216326 0.097274
v -0.105280 -0.203995 0.097274
v -0.121293 -0.203995 0.097274
v -0.121293 0.116249 0.097274
v -0.117290 0.116249 0.097274
v -0.105280 0.216326 0.097274
v -0.105280 -0.203995 0.097274
v -0.105280 0.216326 0.101277
v -0.105280 -0.203995 0.101277
v 0.105280 0.212323 0.101277
v 0.105280 0.066511 0.101277
v 0.097274 0.066511 0.101277
v 0.097274 0.066011 0.101277
v 0.089268 0.066011 0.101277
v 0.089268 -0.053681 0.101277
v 0.097274 -0.053681 0.101277
v 0.097274 -0.054181 0.101277
v 0.105280 -0.054181 0.101277
v 0.105280 -0.203995 0.101277
v -0.105280 -0.203995 0.101277
v -0.105280 0.216326 0.101277
v -0.018814 0.216326 0.101277
v -0.018814 0.212323 0.101277
v -0.117290 0.116249 -0.097274
v -0.121293 0.116249 -0.097274
v -0.117290 0.116249 0.097274
v -0.121293 0.116249 0.097274
v -0.117290 0.216326 -0.097274
v -0.117290 0.116249 -0.097274
v -0.117290 0.116249 0.097274
v -0.117290 0.216326 0.097274
v 0.106281 -0.054181 -0.097274
v 0.106281 0.066511 -0.097274
v 0.106281 0.066511 -0.094072
v 0.106281 -0.054181 -0.094072
v 0.105280 -0.054181 -0.097274
v 0.106281 -0.054181 -0.097274
v 0.106281 -0.054181 -0.094072
v 0.097274 -0.054181 -0.094072
v 0.097274 -0.054181 -0.101277
v 0.105280 -0.054181 -0.101277
v 0.106281 0.066511 -0.097274
v 0.105280 0.066511 -0.097274
v 0.105280 0.066511 -0.101277
v 0.097274 0.066511 -0.101277
v 0.097274 0.066511 -0.094072
v 0.106281 0.066511 -0.094072
v 0.106281 -0.054181 -0.094072
v 0.097274 -0.054181 -0.094072
v 0.106281 0.066511 -0.094072
v 0.097274 0.066511 -0.094072
v 0.106281 -0.054181 0.097274
v 0.106281 0.066511 0.097274
v 0.106281 0.066511 0.094072
v 0.106281 -0.054181 0.094072
v 0.106281 0.066511 0.097274
v 0.105280 0.066511 0.097274
v 0.105280 0.066511 0.101277
v 0.097274 0.066511 0.101277
v 0.097274 0.066511 0.094072
v 0.106281 0.066511 0.094072
v 0.105280 -0.054181 0.097274
v 0.106281 -0.054181 0.097274
v 0.106281 -0.054181 0.094072
v 0.097274 -0.054181 0.094072
v 0.097274 -0.054181 0.101277
v 0.105280 -0.054181 0.101277
v 0.097274 0.066511 0.094072
v 0.106281 0.066511 0.094072
v 0.106281 -0.054181 0.094072
v 0.097274 -0.054181 0.094072
v -0.045635 -0.203995 -0.056843
v -0.035356 -0.203995 -0.055992
v -0.025358 -0.203995 -0.053460
v -0.015913 -0.203995 -0.049317
v -0.007279 -0.203995 -0.043676
v 0.000309 -0.203995 -0.036690
v 0.006644 -0.203995 -0.028551
v 0.011553 -0.203995 -0.019481
v 0.014902 -0.203995 -0.009726
v 0.016600 -0.203995 0.000447
v 0.016600 -0.203995 0.010761
v 0.014902 -0.203995 0.020934
v 0.011553 -0.203995 0.030689
v 0.006644 -0.203995 0.039760
v 0.000309 -0.203995 0.047899
v -0.007279 -0.203995 0.054884
v -0.015913 -0.203995 0.060525
v -0.025358 -0.203995 0.064668
v -0.035356 -0.203995 0.067200
v -0.045635 -0.203995 0.068052
v -0.045635 0.105041 -0.056843
v -0.035356 0.105041 -0.055992
v -0.025358 0.105041 -0.053460
v -0.015913 0.105041 -0.049317
v -0.007279 0.105041 -0.043676
v 0.000309 0.105041 -0.036690
v 0.006644 0.105041 -0.028551
v 0.011553 0.105041 -0.019481
v 0.014902 0.105041 -0.009726
v 0.016600 0.105041 0.000447
v 0.016600 0.105041 0.010761
v 0.014902 0.105041 0.020934
v 0.011553 0.105041 0.030689
v 0.006644 0.105041 0.039760
v 0.000309 0.105041 0.047899
v -0.007279 0.105041 0.054884
v -0.015913 0.105041 0.060525
v -0.025358 0.105041 0.064668
v -0.035356 0.105041 0.067200
v -0.045635 0.105041 0.068052
v -0.045635 0.105041 -0.056843
v -0.035356 0.105041 -0.055992
v -0.025358 0.105041 -0.053460
v -0.015913 0.105041 -0.049317
v -0.007279 0.105041 -0.043676
v 0.000309 0.105041 -0.036690
v 0.006644 0.105041 -0.028551
v 0.011553 0.105041 -0.019481
v 0.014902 0.105041 -0.009726
v 0.016600 0.105041 0.000447
v 0.016600 0.105041 0.010761
v 0.014902 0.105041 0.020934
v 0.011553 0.105041 0.030689
v 0.006644 0.105041 0.039760
v 0.000309 0.105041 0.047899
v -0.007279 0.105041 0.054884
v -0.015913 0.105041 0.060525
v -0.025358 0.105041 0.064668
v -0.035356 0.105041 0.067200
v -0.045635 0.105041 0.068052
v -0.055913 0.105041 0.067200
v -0.065912 0.105041 0.064668
v -0.075357 0.105041 0.060525
v -0.083991 0.105041 0.054884
v -0.091579 0.105041 0.047899
v -0.097914 0.105041 0.039760
v -0.102823 0.105041 0.030689
v -0.106172 0.105041 0.020934
v -0.107869 0.105041 0.010761
v -0.107869 0.105041 0.000447
v -0.106172 0.105041 -0.009726
v -0.102823 0.105041 -0.019481
v -0.097914 0.105041 -0.028551
v -0.091579 0.105041 -0.036690
v -0.083991 0.105041 -0.043676
v -0.075357 0.105041 -0.049317
v -0.065912 0.105041 -0.053460
v -0.055913 0.105041 -0.055992
v 0.023618 -0.199992 -0.077259
v 0.023618 -0.203995 -0.077259
v 0.117290 -0.199992 -0.077259
v 0.117290 -0.203995 -0.077259
v 0.023618 -0.199992 0.076058
v 0.023618 -0.203995 0.076058
v 0.023618 -0.199992 -0.077259
v 0.023618 -0.203995 -0.077259
v 0.117290 -0.199992 0.076058
v 0.117290 -0.203995 0.076058
v 0.023618 -0.199992 0.076058
v 0.023618 -0.203995 0.076058
v 0.023618 -0.199992 -0.077259
v 0.117290 -0.199992 -0.077259
v 0.023618 -0.199992 0.076058
v 0.117290 -0.199992 0.076058
v 0.097274 0.066011 0.105280
v 0.089268 0.066011 0.105280
v 0.097274 0.066011 0.101277
v 0.089268 0.066011 0.101277
v 0.089268 0.066011 0.105280
v 0.089268 -0.053681 0.105280
v 0.089268 0.066011 0.101277
v 0.089268 -0.053681 0.101277
v 0.097274 -0.053681 0.101277
v 0.097274 -0.053681 0.105280
v 0.089268 -0.053681 0.101277
v 0.089268 -0.053681 0.105280
v 0.097274 -0.053681 -0.105281
v 0.089268 -0.053681 -0.105281
v 0.097274 -0.053681 -0.101277
v 0.089268 -0.053681 -0.101277
v 0.089268 0.066011 -0.101277
v 0.089268 0.066011 -0.105281
v 0.089268 -0.053681 -0.101277
v 0.089268 -0.053681 -0.105281
v 0.097274 0.066011 -0.101277
v 0.097274 0.066011 -0.105281
v 0.089268 0.066011 -0.101277
v 0.089268 0.066011 -0.105281
v 0.105280 0.212323 0.097274
v 0.117290 0.212323 0.097274
v 0.117290 0.212323 -0.097274
v 0.105280 0.212323 -0.097274
v 0.105280 0.212323 -0.101277
v -0.018814 0.212323 -0.101277
v -0.018814 0.212323 0.101277
v 0.105280 0.212323 0.101277
v -0.018814 0.212323 -0.101277
v -0.018814 0.216326 -0.101277
v -0.018814 0.212323 0.101277
v -0.018814 0.216326 0.101277
v -0.069253 0.178679 0.057662
v -0.063050 0.179597 0.057511
v -0.057207 0.181532 0.056300
v -0.052064 0.184370 0.054098
v -0.047920 0.187946 0.051035
v -0.045017 0.192053 0.047287
v -0.043521 0.196452 0.043073
v -0.043521 0.200887 0.038637
v -0.045017 0.205102 0.034238
v -0.047920 0.208849 0.030131
v -0.052064 0.211913 0.026555
v -0.057207 0.214114 0.023717
v -0.063050 0.215326 0.021783
v -0.069253 0.215477 0.020864
v -0.069358 0.216326 0.021714
v -0.073911 0.216326 0.095309
v -0.069353 0.216326 0.094753
v -0.064665 0.216326 0.093002
v -0.060108 0.216326 0.090032
v -0.055494 0.216326 0.085433
v -0.051233 0.216326 0.079050
v -0.047954 0.216326 0.071359
v -0.045972 0.216326 0.062890
v -0.045428 0.216326 0.054219
v -0.046489 0.216326 0.045069
v -0.049077 0.216326 0.037079
v -0.052828 0.216326 0.030678
v -0.056886 0.216326 0.026405
v -0.060622 0.216326 0.023901
v -0.064227 0.216326 0.022443
v -0.066884 0.216326 0.021880
v -0.069253 0.215477 0.020864
v -0.075456 0.214558 0.021015
v -0.081299 0.212624 0.022227
v -0.086442 0.209786 0.024428
v -0.090585 0.206210 0.027492
v -0.093489 0.202103 0.031240
v -0.094985 0.197704 0.035454
v -0.094985 0.193268 0.039889
v -0.093489 0.189054 0.044288
v -0.090585 0.185306 0.048395
v -0.086442 0.182243 0.051972
v -0.081299 0.180041 0.054809
v -0.075456 0.178830 0.056744
v -0.069253 0.178679 0.057662
v -0.063050 0.179597 0.057511
v -0.057207 0.181532 0.056300
v -0.052064 0.184370 0.054098
v -0.047920 0.187946 0.051035
v -0.045017 0.192053 0.047287
v -0.043521 0.196452 0.043073
v -0.043521 0.200887 0.038637
v -0.045017 0.205102 0.034238
v -0.047920 0.208849 0.030131
v -0.052064 0.211913 0.026555
v -0.057207 0.214114 0.023717
v -0.063050 0.215326 0.021783
v -0.069253 0.178679 -0.057662
v -0.063050 0.179597 -0.057511
v -0.057207 0.181532 -0.056300
v -0.052064 0.184370 -0.054098
v -0.047920 0.187946 -0.051035
v -0.045017 0.192053 -0.047287
v -0.043521 0.196452 -0.043073
v -0.043521 0.200887 -0.038637
v -0.045017 0.205102 -0.034238
v -0.047920 0.208849 -0.030131
v -0.052064 0.211913 -0.026555
v -0.057207 0.214114 -0.023717
v -0.063050 0.215326 -0.021783
v -0.069253 0.215477 -0.020865
v -0.073911 0.216326 -0.095309
v -0.069353 0.216326 -0.094753
v -0.064665 0.216326 -0.093002
v -0.060108 0.216326 -0.090032
v -0.055494 0.216326 -0.085433
v -0.051233 0.216326 -0.079050
v -0.047954 0.216326 -0.071359
v -0.045972 0.216326 -0.062890
v -0.045428 0.216326 -0.054219
v -0.046489 0.216326 -0.045069
v -0.049077 0.216326 -0.037079
v -0.052828 0.216326 -0.030678
v -0.056886 0.216326 -0.026405
v -0.060622 0.216326 -0.023901
v -0.064227 0.216326 -0.022444
v -0.066884 0.216326 -0.021880
v -0.069358 0.216326 -0.021714
v -0.069253 0.178679 -0.057662
v -0.063050 0.179597 -0.057511
v -0.057207 0.181532 -0.056300
v -0.052064 0.184370 -0.054098
v -0.047920 0.187946 -0.051035
v -0.045017 0.192053 -0.047287
v -0.043521 0.196452 -0.043073
v -0.043521 0.200887 -0.038637
v -0.045017 0.205102 -0.034238
v -0.047920 0.208849 -0.030131
v -0.052064 0.211913 -0.026555
v -0.057207 0.214114 -0.023717
v -0.063050 0.215326 -0.021783
v -0.069253 0.215477 -0.020865
v -0.075456 0.214558 -0.021015
v -0.081299 0.212624 -0.022227
v -0.086442 0.209786 -0.024428
v -0.090585 0.206210 -0.027492
v -0.093489 0.202103 -0.031240
v -0.094985 0.197704 -0.035454
v -0.094985 0.193268 -0.039889
v -0.093489 0.189054 -0.044288
v -0.090585 0.185306 -0.048395
v -0.086442 0.182243 -0.051972
v -0.081299 0.180041 -0.054810
v -0.075456 0.178830 -0.056744
vn 0.1651 -0.6755 -0.7187
vn 0.0866 -0.6991 -0.7097
vn 0.1051 -0.6575 -0.7461
vn 0.2629 -0.6397 -0.7222
vn 0.3625 -0.6333 -0.6837
vn 0.4690 -0.5810 -0.6652
vn 0.5490 -0.5555 -0.6245
vn 0.6528 -0.4886 -0.5789
vn 0.7153 -0.4482 -0.5361
vn 0.8071 -0.3630 -0.4657
vn 0.8526 -0.3132 -0.4183
vn 0.9211 -0.2118 -0.3267
vn 0.9488 -0.1569 -0.2742
vn 0.9846 -0.0463 -0.1687
vn 0.9935 0.0097 -0.1134
vn 0.9925 0.1222 -0.0005
vn 0.9819 0.1799 0.0589
vn 0.9437 0.2850 0.1680
vn 0.9137 0.3380 0.2256
vn 0.8379 0.4344 0.3304
vn 0.7902 0.4793 0.3819
vn 0.6844 0.5564 0.4712
vn 0.6289 0.5876 0.5091
vn 0.4781 0.6509 0.5897
vn 0.5032 0.6417 0.5788
vn 0.3487 0.6846 0.6401
vn 0.2306 0.7037 0.6720
vn 0.2183 0.7034 0.6764
vn 0.1104 0.7111 0.6943
vn 0.0994 0.7114 0.6957
vn 0.0474 0.7092 0.7034
vn 0.0994 0.7114 -0.6957
vn 0.1104 0.7111 -0.6943
vn 0.0474 0.7092 -0.7034
vn 0.2306 0.7037 -0.6720
vn 0.3487 0.6846 -0.6401
vn 0.2183 0.7034 -0.6764
vn 0.4781 0.6509 -0.5897
vn 0.6289 0.5876 -0.5091
vn 0.5032 0.6417 -0.5788
vn 0.6844 0.5564 -0.4712
vn 0.7902 0.4793 -0.3819
vn 0.8379 0.4344 -0.3304
vn 0.9137 0.3380 -0.2256
vn 0.9437 0.2848 -0.1682
vn 0.9819 0.1799 -0.0589
vn 0.9925 0.1223 0.0006
vn 0.9935 0.0097 0.1134
vn 0.9846 -0.0464 0.1686
vn 0.9488 -0.1569 0.2742
vn 0.9211 -0.2118 0.3267
vn 0.8526 -0.3132 0.4183
vn 0.8071 -0.3630 0.4657
vn 0.7153 -0.4482 0.5361
vn 0.6528 -0.4886 0.5789
vn 0.5490 -0.5555 0.6245
vn 0.4689 -0.5811 0.6652
vn 0.3625 -0.6333 0.6838
vn 0.2629 -0.6397 0.7222
vn 0.1651 -0.6755 0.7187
vn 0.1051 -0.6575 0.7461
vn 0.0866 -0.6991 0.7097
vn 0.1373 -0.0000 -0.9905
vn 0.0826 -0.0000 -0.9966
vn 0.1918 -0.0000 -0.9814
vn 0.2985 -0.0000 -0.9544
vn 0.3507 -0.0000 -0.9365
vn 0.4515 -0.0000 -0.8923
vn 0.5001 -0.0000 -0.8660
vn 0.5922 -0.0000 -0.8058
vn 0.6358 -0.0000 -0.7719
vn 0.7167 -0.0000 -0.6973
vn 0.7541 -0.0000 -0.6567
vn 0.8217 -0.0000 -0.5699
vn 0.8520 -0.0000 -0.5236
vn 0.9043 -0.0000 -0.4268
vn 0.9265 -0.0000 -0.3763
vn 0.9623 -0.0000 -0.2722
vn 0.9758 -0.0000 -0.2186
vn 0.9939 -0.0000 -0.1101
vn 0.9985 -0.0000 -0.0550
vn 0.9985 -0.0000 0.0550
vn 0.9939 -0.0000 0.1101
vn 0.9758 -0.0000 0.2186
vn 0.9623 -0.0000 0.2722
vn 0.9265 -0.0000 0.3763
vn 0.9043 -0.0000 0.4268
vn 0.8520 -0.0000 0.5236
vn 0.8217 -0.0000 0.5699
vn 0.7541 -0.0000 0.6567
vn 0.7167 -0.0000 0.6973
vn 0.6358 -0.0000 0.7719
vn 0.5922 -0.0000 0.8058
vn 0.5001 -0.0000 0.8660
vn 0.4515 -0.0000 0.8923
vn 0.3507 -0.0000 0.9365
vn 0.2985 -0.0000 0.9544
vn 0.1918 -0.0000 0.9814
vn 0.1373 -0.0000 0.9905
vn 0.0826 -0.0000 0.9966
vn -0.0000 -0.0000 1.0000
vn 1.0000 -0.0000 -0.0000
vn -0.0000 -0.0000 -1.0000
vn -0.0000 1.0000 -0.0000
vn -0.0000 1.0000 -0.0001
vn -0.0000 1.0000 0.0001
vn -0.0000 -1.0000 -0.0000
vn -1.0000 -0.0000 -0.0000
vn -0.1373 -0.0000 0.9905
vn -0.0826 -0.0000 0.9966
vn -0.1918 -0.0000 0.9814
vn -0.2985 -0.0000 0.9544
vn -0.3507 -0.0000 0.9365
vn -0.4515 -0.0000 0.8923
vn -0.5001 -0.0000 0.8660
vn -0.5922 -0.0000 0.8058
vn -0.6358 -0.0000 0.7719
vn -0.7167 -0.0000 0.6973
vn -0.7541 -0.0000 0.6567
vn -0.8217 -0.0000 0.5699
vn -0.8520 -0.0000 0.5236
vn -0.9043 -0.0000 0.4268
vn -0.9265 -0.0000 0.3763
vn -0.9623 -0.0000 0.2722
vn -0.9758 -0.0000 0.2186
vn -0.9939 -0.0000 0.1101
vn -0.9985 -0.0000 0.0550
vn -0.9985 -0.0000 -0.0550
vn -0.9939 -0.0000 -0.1101
vn -0.9758 -0.0000 -0.2186
vn -0.9623 -0.0000 -0.2722
vn -0.9265 -0.0000 -0.3763
vn -0.9043 -0.0000 -0.4268
vn -0.8520 -0.0000 -0.5236
vn -0.8217 -0.0000 -0.5699
vn -0.7541 -0.0000 -0.6567
vn -0.7167 -0.0000 -0.6973
vn -0.6358 -0.0000 -0.7719
vn -0.5922 -0.0000 -0.8058
vn -0.5001 -0.0000 -0.8660
vn -0.4515 -0.0000 -0.8923
vn -0.3507 -0.0000 -0.9365
vn -0.2985 -0.0000 -0.9544
vn -0.1918 -0.0000 -0.9814
vn -0.1373 -0.0000 -0.9905
vn -0.0826 -0.0000 -0.9966
vn -0.0000 -1.0000 -0.0001
vn -0.1202 -0.6360 0.7623
vn -0.0474 -0.7092 0.7034
vn -0.1076 -0.6250 0.7732
vn -0.2605 -0.6404 0.7225
vn -0.2182 -0.7036 0.6763
vn -0.3635 -0.6645 0.6529
vn -0.4705 -0.6314 0.6164
vn -0.5407 -0.6229 0.5653
vn -0.6868 -0.5515 0.4734
vn -0.6639 -0.5686 0.4857
vn -0.7988 -0.4728 0.3720
vn -0.8462 -0.4249 0.3215
vn -0.9377 -0.2974 0.1798
vn -0.9315 -0.3084 0.1930
vn -0.9840 -0.1714 0.0486
vn -0.9932 -0.1165 -0.0064
vn -0.9924 0.0008 -0.1233
vn -0.9824 0.0567 -0.1780
vn -0.9436 0.1682 -0.2853
vn -0.9163 0.2212 -0.3340
vn -0.8411 0.3264 -0.4314
vn -0.7997 0.3727 -0.4707
vn -0.6687 0.4833 -0.5650
vn -0.5383 0.5618 -0.6282
vn -0.6864 0.4702 -0.5547
vn -0.4530 0.6031 -0.6565
vn -0.3499 0.6406 -0.6835
vn -0.2436 0.6719 -0.6994
vn -0.1532 0.6896 -0.7078
vn -0.1061 0.6977 -0.7085
vn -0.0866 0.6991 -0.7098
vn -0.0872 0.7044 0.7044
vn -0.0871 0.7044 0.7044
vn -0.1061 0.6977 0.7085
vn -0.1532 0.6896 0.7078
vn -0.0866 0.6991 0.7098
vn -0.2436 0.6719 0.6994
vn -0.3499 0.6406 0.6835
vn -0.4530 0.6031 0.6565
vn -0.5383 0.5618 0.6282
vn -0.6687 0.4833 0.5650
vn -0.6864 0.4702 0.5547
vn -0.7997 0.3727 0.4707
vn -0.8411 0.3267 0.4311
vn -0.9163 0.2212 0.3340
vn -0.9436 0.1683 0.2852
vn -0.9824 0.0567 0.1780
vn -0.9924 0.0008 0.1233
vn -0.9932 -0.1165 0.0064
vn -0.9840 -0.1714 -0.0487
vn -0.9377 -0.2974 -0.1798
vn -0.9315 -0.3084 -0.1930
vn -0.8462 -0.4249 -0.3215
vn -0.7988 -0.4728 -0.3720
vn -0.6868 -0.5515 -0.4734
vn -0.6639 -0.5686 -0.4857
vn -0.5407 -0.6229 -0.5653
vn -0.4705 -0.6314 -0.6164
vn -0.3635 -0.6645 -0.6529
vn -0.2605 -0.6404 -0.7225
vn -0.2182 -0.7036 -0.6763
vn -0.1202 -0.6360 -0.7623
vn -0.1076 -0.6250 -0.7732
vn -0.0474 -0.7092 -0.7034
vn -0.0872 0.7044 -0.7044
vn -0.0871 0.7044 -0.7044
s 1
usemtl material357
f 2645//1098 2644//1099 2631//1100
f 2632//1101 2645//1098 2631//1100
f 2646//1102 2645//1098 2632//1101
f 2633//1103 2646//1102 2632//1101
f 2647//1104 2646//1102 2633//1103
f 2634//1105 2648//1106 2647//1104
f 2634//1105 2647//1104 2633//1103
f 2635//1107 2649//1108 2648//1106
f 2635//1107 2648//1106 2634//1105
f 2636//1109 2650//1110 2649//1108
f 2636//1109 2649//1108 2635//1107
f 2637//1111 2651//1112 2650//1110
f 2637//1111 2650//1110 2636//1109
f 2638//1113 2652//1114 2651//1112
f 2638//1113 2651//1112 2637//1111
f 2639//1115 2653//1116 2652//1114
f 2639//1115 2652//1114 2638//1113
f 2640//1117 2654//1118 2653//1116
f 2640//1117 2653//1116 2639//1115
f 2641//1119 2655//1120 2654//1118
f 2641//1119 2654//1118 2640//1117
f 2642//1121 2656//1122 2655//1120
f 2642//1121 2657//1123 2656//1122
f 2642//1121 2655//1120 2641//1119
f 2643//1124 2658//1125 2657//1123
f 2643//1124 2659//1126 2658//1125
f 2643//1124 2657//1123 2642//1121
f 2630//1127 2629//1128 2659//1126
f 2630//1127 2659//1126 2643//1124
f 2674//1129 2690//1130 2675//1131
f 2673//1132 2688//1133 2689//1134
f 2673//1132 2689//1134 2690//1130
f 2673//1132 2690//1130 2674//1129
f 2672//1135 2686//1136 2687//1137
f 2672//1135 2687//1137 2688//1133
f 2672//1135 2688//1133 2673//1132
f 2671//1138 2685//1139 2686//1136
f 2671//1138 2686//1136 2672//1135
f 2670//1140 2684//1141 2685//1139
f 2670//1140 2685//1139 2671//1138
f 2669//1142 2684//1141 2670//1140
f 2683//1143 2684//1141 2669//1142
f 2668//1144 2683//1143 2669//1142
f 2682//1145 2683//1143 2668//1144
f 2667//1146 2682//1145 2668//1144
f 2681//1147 2682//1145 2667//1146
f 2666//1148 2681//1147 2667//1146
f 2680//1149 2681//1147 2666//1148
f 2665//1150 2680//1149 2666//1148
f 2679//1151 2680//1149 2665//1150
f 2664//1152 2679//1151 2665//1150
f 2678//1153 2679//1151 2664//1152
f 2663//1154 2678//1153 2664//1152
f 2677//1155 2678//1153 2663//1154
f 2662//1156 2677//1155 2663//1154
f 2676//1157 2677//1155 2662//1156
f 2661//1158 2660//1159 2676//1157
f 2661//1158 2676//1157 2662//1156
f 2694//1160 2712//1161 2693//1161
f 2694//1160 2713//1162 2712//1161
f 2695//1163 2714//1164 2713//1162
f 2695//1163 2713//1162 2694//1160
f 2696//1165 2715//1166 2714//1164
f 2696//1165 2714//1164 2695//1163
f 2697//1167 2716//1168 2715//1166
f 2697//1167 2715//1166 2696//1165
f 2698//1169 2717//1170 2716//1168
f 2698//1169 2716//1168 2697//1167
f 2699//1171 2718//1172 2717//1170
f 2699//1171 2717//1170 2698//1169
f 2700//1173 2719//1174 2718//1172
f 2700//1173 2718//1172 2699//1171
f 2701//1175 2720//1176 2719//1174
f 2701//1175 2719//1174 2700//1173
f 2702//1177 2721//1178 2720//1176
f 2702//1177 2720//1176 2701//1175
f 2703//1179 2722//1180 2721//1178
f 2703//1179 2721//1178 2702//1177
f 2704//1181 2723//1182 2722//1180
f 2704//1181 2722//1180 2703//1179
f 2705//1183 2724//1184 2723//1182
f 2705//1183 2723//1182 2704//1181
f 2706//1185 2725//1186 2724//1184
f 2706//1185 2724//1184 2705//1183
f 2707//1187 2726//1188 2725//1186
f 2707//1187 2725//1186 2706//1185
f 2708//1189 2726//1188 2707//1187
f 2708//1189 2727//1190 2726//1188
f 2709//1191 2727//1190 2708//1189
f 2709//1191 2728//1192 2727//1190
f 2710//1193 2728//1192 2709//1191
f 2710//1193 2729//1194 2728//1192
f 2711//1195 2729//1194 2710//1193
f 2711//1195 2730//1196 2729//1194
f 2692//1197 2730//1196 2711//1195
f 2692//1197 2691//1197 2730//1196
f 2735//1198 2733//1198 2732//1198
f 2734//1198 2733//1198 2735//1198
f 2738//1198 2737//1198 2736//1198
f 2738//1198 2736//1198 2731//1198
f 2731//1198 2735//1198 2732//1198
f 2731//1198 2736//1198 2735//1198
f 2742//1199 2740//1199 2739//1199
f 2742//1199 2741//1199 2740//1199
f 2746//1200 2748//1200 2747//1200
f 2746//1200 2749//1200 2748//1200
f 2743//1200 2745//1200 2744//1200
f 2750//1200 2745//1200 2743//1200
f 2749//1200 2745//1200 2750//1200
f 2749//1200 2746//1200 2745//1200
f 2754//1199 2752//1199 2751//1199
f 2754//1199 2753//1199 2752//1199
f 2760//1199 2758//1199 2759//1199
f 2755//1199 2761//1199 2762//1199
f 2757//1199 2758//1199 2760//1199
f 2756//1199 2760//1199 2761//1199
f 2756//1199 2757//1199 2760//1199
f 2756//1199 2761//1199 2755//1199
f 2831//1201 2763//1201 2764//1201
f 2830//1201 2763//1201 2831//1201
f 2832//1201 2831//1201 2764//1201
f 2829//1201 2765//1201 2763//1201
f 2829//1201 2763//1201 2830//1201
f 2833//1201 2832//1201 2764//1201
f 2834//1202 2833//1201 2764//1201
f 2803//1201 2834//1202 2764//1201
f 2828//1201 2765//1201 2829//1201
f 2827//1201 2765//1201 2828//1201
f 2826//1201 2765//1201 2827//1201
f 2825//1201 2765//1201 2826//1201
f 2770//1201 2804//1201 2803//1201
f 2770//1201 2805//1201 2804//1201
f 2770//1201 2806//1201 2805//1201
f 2770//1201 2807//1201 2806//1201
f 2770//1201 2808//1201 2807//1201
f 2770//1201 2803//1201 2764//1201
f 2809//1201 2808//1201 2770//1201
f 2810//1201 2809//1201 2770//1201
f 2811//1201 2810//1201 2770//1201
f 2812//1201 2811//1201 2770//1201
f 2774//1201 2775//1201 2823//1201
f 2774//1201 2823//1201 2822//1201
f 2773//1201 2774//1201 2822//1201
f 2773//1201 2822//1201 2821//1201
f 2776//1201 2823//1201 2775//1201
f 2776//1201 2824//1201 2823//1201
f 2772//1201 2773//1201 2821//1201
f 2772//1201 2821//1201 2820//1201
f 2777//1201 2824//1201 2776//1201
f 2777//1201 2825//1201 2824//1201
f 2771//1201 2820//1201 2819//1201
f 2771//1201 2772//1201 2820//1201
f 2802//1201 2819//1201 2818//1201
f 2802//1201 2771//1201 2819//1201
f 2801//1201 2818//1201 2817//1201
f 2801//1201 2802//1201 2818//1201
f 2800//1201 2817//1201 2816//1201
f 2800//1201 2801//1201 2817//1201
f 2799//1201 2816//1201 2815//1201
f 2799//1201 2800//1201 2816//1201
f 2798//1201 2815//1201 2814//1201
f 2798//1201 2799//1201 2815//1201
f 2766//1201 2765//1201 2825//1201
f 2766//1201 2777//1201 2778//1201
f 2766//1201 2778//1201 2779//1201
f 2766//1201 2779//1201 2780//1201
f 2766//1201 2825//1201 2777//1201
f 2781//1201 2766//1201 2780//1201
f 2797//1201 2814//1201 2813//1201
f 2797//1201 2798//1201 2814//1201
f 2767//1201 2766//1201 2781//1201
f 2782//1201 2767//1201 2781//1201
f 2783//1201 2768//1201 2767//1201
f 2783//1201 2767//1201 2782//1201
f 2784//1201 2768//1201 2783//1201
f 2785//1201 2768//1201 2784//1201
f 2786//1203 2768//1201 2785//1201
f 2787//1201 2768//1201 2786//1203
f 2769//1201 2768//1201 2787//1201
f 2769//1201 2787//1201 2788//1201
f 2769//1201 2788//1201 2789//1201
f 2769//1201 2789//1201 2790//1201
f 2769//1201 2790//1201 2791//1201
f 2769//1201 2791//1201 2792//1201
f 2769//1201 2792//1201 2793//1201
f 2769//1201 2793//1201 2794//1201
f 2769//1201 2794//1201 2795//1201
f 2769//1201 2795//1201 2796//1201
f 2769//1201 2812//1201 2770//1201
f 2769//1201 2813//1201 2812//1201
f 2769//1201 2796//1201 2813//1201
f 2796//1201 2797//1201 2813//1201
f 2875//1204 2847//1204 2848//1204
f 2874//1204 2847//1204 2875//1204
f 2876//1204 2875//1204 2848//1204
f 2873//1204 2847//1204 2874//1204
f 2877//1204 2876//1204 2848//1204
f 2872//1204 2846//1204 2847//1204
f 2872//1204 2847//1204 2873//1204
f 2878//1204 2877//1204 2848//1204
f 2871//1204 2846//1204 2872//1204
f 2879//1204 2878//1204 2848//1204
f 2870//1204 2846//1204 2871//1204
f 2880//1204 2879//1204 2848//1204
f 2869//1204 2846//1204 2870//1204
f 2841//1204 2867//1204 2866//1204
f 2841//1204 2868//1204 2867//1204
f 2841//1204 2869//1204 2868//1204
f 2841//1204 2846//1204 2869//1204
f 2865//1204 2841//1204 2866//1204
f 2864//1204 2841//1204 2865//1204
f 2849//1204 2881//1204 2880//1204
f 2849//1204 2882//1204 2881//1204
f 2849//1204 2883//1204 2882//1204
f 2849//1204 2884//1204 2883//1204
f 2849//1204 2880//1204 2848//1204
f 2863//1204 2841//1204 2864//1204
f 2850//1204 2885//1204 2884//1204
f 2850//1204 2886//1204 2885//1204
f 2850//1204 2887//1204 2886//1204
f 2850//1204 2884//1204 2849//1204
f 2862//1204 2841//1204 2863//1204
f 2888//1204 2887//1204 2850//1204
f 2888//1204 2850//1204 2836//1204
f 2845//1204 2846//1204 2841//1204
f 2844//1204 2845//1204 2841//1204
f 2851//1204 2888//1204 2836//1204
f 2852//1204 2851//1204 2836//1204
f 2842//1204 2843//1204 2844//1204
f 2842//1204 2844//1204 2841//1204
f 2840//1204 2853//1204 2852//1204
f 2840//1204 2854//1204 2853//1204
f 2840//1204 2855//1204 2854//1204
f 2840//1204 2856//1204 2855//1204
f 2840//1204 2857//1204 2856//1204
f 2840//1204 2858//1204 2857//1204
f 2840//1204 2852//1204 2836//1204
f 2837//1204 2839//1204 2840//1204
f 2835//1204 2837//1204 2840//1204
f 2835//1204 2840//1204 2836//1204
f 2838//1204 2839//1204 2837//1204
f 2840//1204 2841//1204 2861//1204
f 2861//1204 2841//1204 2862//1204
f 2840//1204 2861//1204 2860//1204
f 2840//1204 2860//1204 2859//1204
f 2840//1204 2859//1204 2858//1204
f 2892//1199 2891//1199 2889//1199
f 2895//1199 2889//1199 2890//1199
f 2895//1199 2890//1199 2896//1199
f 2893//1199 2895//1199 2894//1199
f 2893//1199 2892//1199 2889//1199
f 2893//1199 2889//1199 2895//1199
f 2897//1200 2900//1200 2899//1200
f 2897//1200 2898//1200 2900//1200
f 2904//1198 2902//1198 2901//1198
f 2904//1198 2903//1198 2902//1198
f 2911//1199 2910//1199 2909//1199
f 2905//1199 2909//1199 2908//1199
f 2905//1199 2911//1199 2909//1199
f 2907//1199 2905//1199 2908//1199
f 2906//1199 2912//1199 2911//1199
f 2906//1199 2911//1199 2905//1199
f 2916//1199 2914//1199 2913//1199
f 2916//1199 2915//1199 2914//1199
f 2919//1199 2917//1199 2918//1199
f 2919//1199 2918//1199 2920//1199
f 2927//1200 2923//1200 2922//1200
f 2925//1200 2923//1200 2927//1200
f 2926//1200 2925//1200 2927//1200
f 2924//1200 2923//1200 2925//1200
f 2928//1200 2922//1200 2921//1200
f 2928//1200 2927//1200 2922//1200
f 2930//1200 2929//1200 2928//1200
f 2933//1200 2928//1200 2921//1200
f 2934//1200 2933//1200 2921//1200
f 2932//1200 2931//1200 2930//1200
f 2932//1200 2930//1200 2928//1200
f 2932//1200 2928//1200 2933//1200
f 2935//1205 2938//1205 2937//1205
f 2935//1205 2936//1205 2938//1205
f 2943//1200 2939//1200 2940//1200
f 2943//1200 2940//1200 2944//1200
f 2941//1200 2943//1200 2942//1200
f 2939//1200 2943//1200 2941//1200
f 2947//1205 2945//1205 2946//1205
f 2947//1205 2946//1205 2948//1205
f 2954//1198 2952//1198 2951//1198
f 2953//1198 2952//1198 2954//1198
f 2949//1198 2954//1198 2950//1198
f 2950//1198 2954//1198 2951//1198
f 2955//1205 2958//1205 2957//1205
f 2955//1205 2956//1205 2958//1205
f 2966//1198 2968//1198 2967//1198
f 2964//1198 2966//1198 2965//1198
f 2964//1198 2968//1198 2966//1198
f 2969//1198 2968//1198 2964//1198
f 2963//1198 2962//1198 2961//1198
f 2959//1198 2961//1198 2960//1198
f 2959//1198 2963//1198 2961//1198
f 2972//1198 2963//1198 2959//1198
f 2970//1198 2964//1198 2963//1198
f 2970//1198 2972//1198 2971//1198
f 2970//1198 2969//1198 2964//1198
f 2970//1198 2963//1198 2972//1198
f 2973//1201 2976//1201 2975//1201
f 2973//1201 2974//1201 2976//1201
f 2980//1205 2977//1205 2978//1205
f 2980//1205 2978//1205 2979//1205
f 2982//1205 2984//1205 2983//1205
f 2982//1205 2981//1205 2984//1205
f 2985//1201 2989//1201 2988//1201
f 2985//1201 2990//1201 2989//1201
f 2987//1201 2986//1201 2985//1201
f 2987//1201 2985//1201 2988//1201
f 2996//1204 2992//1204 2991//1204
f 2994//1204 2993//1204 2992//1204
f 2995//1204 2994//1204 2992//1204
f 2995//1204 2992//1204 2996//1204
f 2999//1200 2997//1200 2998//1200
f 2999//1200 2998//1200 3000//1200
f 3002//1205 3003//1205 3004//1205
f 3002//1205 3004//1205 3001//1205
f 3006//1204 3008//1204 3009//1204
f 3006//1204 3009//1204 3010//1204
f 3005//1204 3006//1204 3010//1204
f 3007//1204 3008//1204 3006//1204
f 3011//1201 3012//1201 3013//1201
f 3014//1201 3011//1201 3013//1201
f 3015//1201 3016//1201 3011//1201
f 3015//1201 3011//1201 3014//1201
f 3019//1198 3018//1198 3017//1198
f 3019//1198 3017//1198 3020//1198
f 3022//1206 3041//1207 3021//1207
f 3022//1206 3042//1208 3041//1207
f 3023//1209 3043//1210 3042//1208
f 3023//1209 3042//1208 3022//1206
f 3024//1211 3044//1212 3043//1210
f 3024//1211 3043//1210 3023//1209
f 3025//1213 3045//1214 3044//1212
f 3025//1213 3044//1212 3024//1211
f 3026//1215 3046//1216 3045//1214
f 3026//1215 3045//1214 3025//1213
f 3027//1217 3047//1218 3046//1216
f 3027//1217 3046//1216 3026//1215
f 3028//1219 3048//1220 3047//1218
f 3028//1219 3047//1218 3027//1217
f 3029//1221 3049//1222 3048//1220
f 3029//1221 3048//1220 3028//1219
f 3030//1223 3050//1224 3049//1222
f 3030//1223 3049//1222 3029//1221
f 3031//1225 3051//1226 3050//1224
f 3031//1225 3050//1224 3030//1223
f 3032//1227 3052//1228 3051//1226
f 3032//1227 3051//1226 3031//1225
f 3033//1229 3053//1230 3052//1228
f 3033//1229 3052//1228 3032//1227
f 3034//1231 3054//1232 3053//1230
f 3034//1231 3053//1230 3033//1229
f 3035//1233 3055//1234 3054//1232
f 3035//1233 3054//1232 3034//1231
f 3036//1235 3055//1234 3035//1233
f 3036//1235 3056//1236 3055//1234
f 3037//1237 3056//1236 3036//1235
f 3037//1237 3057//1238 3056//1236
f 3038//1239 3057//1238 3037//1237
f 3038//1239 3058//1240 3057//1238
f 3039//1241 3058//1240 3038//1239
f 3039//1241 3059//1242 3058//1240
f 3040//1243 3059//1242 3039//1241
f 3040//1243 3060//1243 3059//1242
f 3066//1204 3061//1204 3062//1204
f 3066//1204 3062//1204 3063//1204
f 3066//1204 3063//1204 3064//1204
f 3066//1204 3064//1204 3065//1244
f 3066//1204 3067//1204 3068//1204
f 3066//1204 3068//1204 3069//1204
f 3066//1204 3069//1204 3070//1204
f 3066//1204 3070//1204 3071//1204
f 3066//1204 3071//1204 3072//1204
f 3066//1204 3072//1204 3073//1204
f 3066//1204 3073//1204 3074//1204
f 3066//1204 3074//1204 3075//1204
f 3066//1204 3075//1204 3076//1204
f 3066//1204 3076//1204 3077//1204
f 3066//1204 3077//1204 3078//1204
f 3066//1204 3078//1204 3079//1204
f 3066//1204 3079//1204 3080//1204
f 3066//1204 3080//1204 3081//1204
f 3066//1204 3081//1204 3082//1204
f 3066//1204 3082//1204 3083//1204
f 3066//1204 3083//1204 3084//1204
f 3066//1204 3084//1204 3085//1204
f 3066//1204 3085//1204 3086//1204
f 3066//1204 3086//1204 3087//1204
f 3066//1204 3087//1204 3088//1204
f 3066//1204 3088//1204 3089//1204
f 3066//1204 3089//1204 3090//1204
f 3066//1204 3090//1204 3091//1204
f 3066//1204 3091//1204 3092//1204
f 3066//1204 3092//1204 3093//1204
f 3066//1204 3093//1204 3094//1204
f 3066//1204 3094//1204 3095//1204
f 3066//1204 3095//1204 3096//1204
f 3066//1204 3096//1204 3097//1204
f 3066//1204 3097//1204 3098//1204
f 3066//1204 3098//1204 3061//1204
f 3099//1198 3102//1198 3101//1198
f 3099//1198 3100//1198 3102//1198
f 3103//1199 3106//1199 3105//1199
f 3103//1199 3104//1199 3106//1199
f 3107//1200 3110//1200 3109//1200
f 3107//1200 3108//1200 3110//1200
f 3114//1204 3111//1204 3112//1204
f 3114//1204 3113//1204 3111//1204
f 3115//1201 3117//1201 3118//1201
f 3115//1201 3118//1201 3116//1201
f 3119//1205 3121//1205 3122//1205
f 3119//1205 3122//1205 3120//1205
f 3124//1204 3125//1204 3123//1204
f 3124//1204 3126//1204 3125//1204
f 3127//1204 3129//1204 3130//1204
f 3127//1204 3130//1204 3128//1204
f 3132//1205 3133//1205 3131//1205
f 3132//1205 3134//1205 3133//1205
f 3136//1201 3137//1201 3135//1201
f 3136//1201 3138//1201 3137//1201
f 3142//1201 3143//1201 3144//1201
f 3139//1201 3144//1201 3145//1201
f 3139//1201 3142//1201 3144//1201
f 3146//1201 3139//1201 3145//1201
f 3140//1201 3141//1201 3142//1201
f 3140//1201 3142//1201 3139//1201
f 3150//1199 3147//1199 3148//1199
f 3150//1199 3149//1199 3147//1199
f 3181//1245 3165//1246 3164//1247
f 3163//1248 3180//1249 3181//1245
f 3163//1248 3181//1245 3164//1247
f 3179//1250 3180//1249 3163//1248
f 3162//1251 3179//1250 3163//1248
f 3178//1252 3179//1250 3162//1251
f 3161//1253 3177//1254 3178//1252
f 3161//1253 3178//1252 3162//1251
f 3176//1255 3177//1254 3161//1253
f 3160//1256 3176//1255 3161//1253
f 3175//1257 3176//1255 3160//1256
f 3159//1258 3175//1257 3160//1256
f 3158//1259 3174//1260 3175//1257
f 3158//1259 3175//1257 3159//1258
f 3157//1261 3173//1262 3174//1260
f 3157//1261 3174//1260 3158//1259
f 3156//1263 3172//1264 3173//1262
f 3156//1263 3173//1262 3157//1261
f 3155//1265 3171//1266 3172//1264
f 3155//1265 3172//1264 3156//1263
f 3154//1267 3169//1268 3170//1269
f 3154//1267 3170//1269 3171//1266
f 3154//1267 3171//1266 3155//1265
f 3153//1270 3168//1271 3169//1268
f 3153//1270 3169//1268 3154//1267
f 3152//1272 3167//1273 3168//1271
f 3152//1272 3168//1271 3153//1270
f 3151//1274 3166//1275 3167//1273
f 3151//1274 3167//1273 3152//1272
f 3198//1276 3182//1276 3183//1276
f 3198//1276 3183//1276 3184//1276
f 3198//1276 3184//1276 3185//1276
f 3198//1276 3185//1276 3186//1276
f 3198//1276 3186//1276 3187//1276
f 3198//1276 3187//1276 3188//1276
f 3198//1276 3188//1276 3189//1276
f 3198//1276 3189//1276 3190//1276
f 3198//1276 3190//1276 3191//1276
f 3198//1276 3191//1276 3192//1276
f 3198//1276 3192//1276 3193//1276
f 3198//1276 3193//1276 3194//1276
f 3198//1276 3194//1276 3195//1276
f 3198//1276 3195//1276 3196//1276
f 3198//1276 3196//1276 3197//1277
f 3198//1276 3199//1276 3200//1276
f 3198//1276 3200//1276 3201//1276
f 3198//1276 3201//1276 3202//1276
f 3198//1276 3202//1276 3203//1276
f 3198//1276 3203//1276 3204//1276
f 3198//1276 3204//1276 3205//1276
f 3198//1276 3205//1276 3206//1276
f 3198//1276 3206//1276 3207//1276
f 3198//1276 3207//1276 3182//1276
f 3208//1278 3223//1279 3222//1280
f 3209//1281 3224//1282 3223//1279
f 3209//1281 3223//1279 3208//1278
f 3210//1283 3225//1284 3224//1282
f 3210//1283 3224//1282 3209//1281
f 3211//1285 3226//1286 3225//1284
f 3211//1285 3227//1287 3226//1286
f 3211//1285 3225//1284 3210//1283
f 3212//1288 3227//1287 3211//1285
f 3228//1289 3227//1287 3212//1288
f 3213//1290 3228//1289 3212//1288
f 3229//1291 3228//1289 3213//1290
f 3214//1292 3229//1291 3213//1290
f 3230//1293 3229//1291 3214//1292
f 3215//1294 3230//1293 3214//1292
f 3231//1295 3230//1293 3215//1294
f 3216//1296 3231//1295 3215//1294
f 3217//1297 3232//1298 3231//1295
f 3217//1297 3231//1295 3216//1296
f 3218//1299 3233//1300 3232//1298
f 3218//1299 3232//1298 3217//1297
f 3234//1301 3233//1300 3218//1299
f 3219//1302 3234//1301 3218//1299
f 3235//1303 3234//1301 3219//1302
f 3220//1304 3235//1303 3219//1302
f 3236//1305 3235//1303 3220//1304
f 3237//1306 3236//1305 3220//1304
f 3221//1307 3238//1308 3237//1306
f 3221//1307 3237//1306 3220//1304
f 3262//1309 3240//1309 3239//1309
f 3262//1309 3241//1309 3240//1309
f 3262//1309 3242//1309 3241//1309
f 3262//1309 3243//1309 3242//1309
f 3262//1309 3244//1309 3243//1309
f 3262//1309 3245//1309 3244//1309
f 3262//1309 3246//1309 3245//1309
f 3262//1309 3247//1309 3246//1309
f 3262//1309 3248//1309 3247//1309
f 3262//1309 3249//1309 3248//1309
f 3262//1309 3250//1309 3249//1309
f 3262//1309 3251//1309 3250//1309
f 3262//1309 3252//1309 3251//1309
f 3262//1309 3253//1309 3252//1309
f 3262//1309 3254//1309 3253//1309
f 3262//1309 3255//1309 3254//1309
f 3262//1309 3256//1309 3255//1309
f 3262//1309 3257//1309 3256//1309
f 3262//1309 3258//1309 3257//1309
f 3262//1309 3259//1309 3258//1309
f 3262//1309 3260//1310 3259//1309
f 3262//1309 3261//1310 3260//1310
f 3262//1309 3264//1309 3263//1309
f 3262//1309 3239//1309 3264//1309
o empty_20
v -0.085265 0.030584 0.107682
v -0.085265 0.030584 0.105280
v -0.085265 0.006566 0.107682
v -0.085265 0.006566 0.105280
v -0.085265 0.006566 0.107682
v -0.085265 0.006566 0.105280
v -0.005204 0.006566 0.107682
v -0.005204 0.006566 0.105280
v -0.005204 0.006566 0.107682
v -0.005204 0.006566 0.105280
v -0.005204 0.030584 0.107682
v -0.005204 0.030584 0.105280
v -0.005204 0.030584 0.107682
v -0.005204 0.030584 0.105280
v -0.026004 0.042593 0.107682
v -0.026004 0.042593 0.105280
v -0.026004 0.042593 0.107682
v -0.026004 0.042593 0.105280
v -0.064465 0.042593 0.107682
v -0.064465 0.042593 0.105280
v -0.064465 0.042593 0.107682
v -0.064465 0.042593 0.105280
v -0.085265 0.030584 0.107682
v -0.085265 0.030584 0.105280
v -0.064465 0.042593 0.107682
v -0.085265 0.030584 0.107682
v -0.026004 0.042593 0.107682
v -0.005204 0.030584 0.107682
v -0.005204 0.006566 0.107682
v -0.085265 0.006566 0.107682
v -0.085265 0.030584 0.105280
v -0.085265 0.006566 0.105280
v -0.064465 0.042593 0.105280
v -0.026004 0.042593 0.105280
v -0.005204 0.030584 0.105280
v -0.005204 0.006566 0.105280
vn -1.0000 -0.0000 -0.0000
vn -0.0000 -1.0000 -0.0000
vn 1.0000 -0.0000 -0.0000
vn 0.5000 0.8660 -0.0000
vn -0.0000 1.0000 -0.0000
vn -0.5000 0.8660 -0.0000
vn -0.0000 -0.0000 1.0000
vn -0.0000 -0.0000 -1.0000
s 1
usemtl material375
f 3265//1311 3268//1311 3267//1311
f 3265//1311 3266//1311 3268//1311
f 3269//1312 3272//1312 3271//1312
f 3269//1312 3270//1312 3272//1312
f 3273//1313 3276//1313 3275//1313
f 3273//1313 3274//1313 3276//1313
f 3277//1314 3280//1314 3279//1314
f 3277//1314 3278//1314 3280//1314
f 3281//1315 3284//1315 3283//1315
f 3281//1315 3282//1315 3284//1315
f 3285//1316 3288//1316 3287//1316
f 3285//1316 3286//1316 3288//1316
f 3293//1317 3292//1317 3291//1317
f 3294//1317 3289//1317 3290//1317
f 3294//1317 3291//1317 3289//1317
f 3294//1317 3293//1317 3291//1317
f 3300//1318 3298//1318 3299//1318
f 3296//1318 3295//1318 3297//1318
f 3296//1318 3297//1318 3298//1318
f 3296//1318 3298//1318 3300//1318
o empty_21
v -0.085265 0.070614 0.107682
v -0.085265 0.070614 0.105280
v -0.085265 0.046596 0.107682
v -0.085265 0.046596 0.105280
v -0.085265 0.046596 0.107682
v -0.085265 0.046596 0.105280
v -0.005204 0.046596 0.107682
v -0.005204 0.046596 0.105280
v -0.005204 0.046596 0.107682
v -0.005204 0.046596 0.105280
v -0.005204 0.070614 0.107682
v -0.005204 0.070614 0.105280
v -0.005204 0.070614 0.107682
v -0.005204 0.070614 0.105280
v -0.026004 0.082624 0.107682
v -0.026004 0.082624 0.105280
v -0.026004 0.082624 0.107682
v -0.026004 0.082624 0.105280
v -0.064465 0.082624 0.107682
v -0.064465 0.082624 0.105280
v -0.064465 0.082624 0.107682
v -0.064465 0.082624 0.105280
v -0.085265 0.070614 0.107682
v -0.085265 0.070614 0.105280
v -0.064465 0.082624 0.107682
v -0.085265 0.070614 0.107682
v -0.026004 0.082624 0.107682
v -0.005204 0.070614 0.107682
v -0.005204 0.046596 0.107682
v -0.085265 0.046596 0.107682
v -0.085265 0.070614 0.105280
v -0.085265 0.046596 0.105280
v -0.064465 0.082624 0.105280
v -0.026004 0.082624 0.105280
v -0.005204 0.070614 0.105280
v -0.005204 0.046596 0.105280
vn -1.0000 -0.0000 -0.0000
vn -0.0000 -1.0000 -0.0000
vn 1.0000 -0.0000 -0.0000
vn 0.5000 0.8660 -0.0000
vn -0.0000 1.0000 -0.0000
vn -0.5000 0.8660 -0.0000
vn -0.0000 -0.0000 1.0000
vn -0.0000 -0.0000 -1.0000
s 1
usemtl material376
f 3301//1319 3304//1319 3303//1319
f 3301//1319 3302//1319 3304//1319
f 3305//1320 3308//1320 3307//1320
f 3305//1320 3306//1320 3308//1320
f 3309//1321 3312//1321 3311//1321
f 3309//1321 3310//1321 3312//1321
f 3313//1322 3316//1322 3315//1322
f 3313//1322 3314//1322 3316//1322
f 3317//1323 3320//1323 3319//1323
f 3317//1323 3318//1323 3320//1323
f 3321//1324 3324//1324 3323//1324
f 3321//1324 3322//1324 3324//1324
f 3329//1325 3328//1325 3327//1325
f 3330//1325 3325//1325 3326//1325
f 3330//1325 3327//1325 3325//1325
f 3330//1325 3329//1325 3327//1325
f 3336//1326 3334//1326 3335//1326
f 3332//1326 3331//1326 3333//1326
f 3332//1326 3333//1326 3334//1326
f 3332//1326 3334//1326 3336//1326
o empty_22
v -0.085265 0.110645 0.107682
v -0.085265 0.110645 0.105280
v -0.085265 0.086627 0.107682
v -0.085265 0.086627 0.105280
v -0.085265 0.086627 0.107682
v -0.085265 0.086627 0.105280
v -0.005204 0.086627 0.107682
v -0.005204 0.086627 0.105280
v -0.005204 0.086627 0.107682
v -0.005204 0.086627 0.105280
v -0.005204 0.110645 0.107682
v -0.005204 0.110645 0.105280
v -0.005204 0.110645 0.107682
v -0.005204 0.110645 0.105280
v -0.026004 0.122654 0.107682
v -0.026004 0.122654 0.105280
v -0.026004 0.122654 0.107682
v -0.026004 0.122654 0.105280
v -0.064465 0.122654 0.107682
v -0.064465 0.122654 0.105280
v -0.064465 0.122654 0.107682
v -0.064465 0.122654 0.105280
v -0.085265 0.110645 0.107682
v -0.085265 0.110645 0.105280
v -0.064465 0.122654 0.107682
v -0.085265 0.110645 0.107682
v -0.026004 0.122654 0.107682
v -0.005204 0.110645 0.107682
v -0.005204 0.086627 0.107682
v -0.085265 0.086627 0.107682
v -0.085265 0.110645 0.105280
v -0.085265 0.086627 0.105280
v -0.064465 0.122654 0.105280
v -0.026004 0.122654 0.105280
v -0.005204 0.110645 0.105280
v -0.005204 0.086627 0.105280
vn -1.0000 -0.0000 -0.0000
vn -0.0000 -1.0000 -0.0000
vn 1.0000 -0.0000 -0.0000
vn 0.5000 0.8660 -0.0000
vn -0.0000 1.0000 -0.0000
vn -0.5000 0.8660 -0.0000
vn -0.0000 -0.0000 1.0000
vn -0.0000 -0.0000 -1.0000
s 1
usemtl material377
f 3337//1327 3340//1327 3339//1327
f 3337//1327 3338//1327 3340//1327
f 3341//1328 3344//1328 3343//1328
f 3341//1328 3342//1328 3344//1328
f 3345//1329 3348//1329 3347//1329
f 3345//1329 3346//1329 3348//1329
f 3349//1330 3352//1330 3351//1330
f 3349//1330 3350//1330 3352//1330
f 3353//1331 3356//1331 3355//1331
f 3353//1331 3354//1331 3356//1331
f 3357//1332 3360//1332 3359//1332
f 3357//1332 3358//1332 3360//1332
f 3365//1333 3364//1333 3363//1333
f 3366//1333 3361//1333 3362//1333
f 3366//1333 3363//1333 3361//1333
f 3366//1333 3365//1333 3363//1333
f 3372//1334 3370//1334 3371//1334
f 3368//1334 3367//1334 3369//1334
f 3368//1334 3369//1334 3370//1334
f 3368//1334 3370//1334 3372//1334
o empty_23
v -0.085265 0.150676 0.107682
v -0.085265 0.150676 0.105280
v -0.085265 0.126657 0.107682
v -0.085265 0.126657 0.105280
v -0.085265 0.126657 0.107682
v -0.085265 0.126657 0.105280
v -0.005204 0.126657 0.107682
v -0.005204 0.126657 0.105280
v -0.005204 0.126657 0.107682
v -0.005204 0.126657 0.105280
v -0.005204 0.150676 0.107682
v -0.005204 0.150676 0.105280
v -0.005204 0.150676 0.107682
v -0.005204 0.150676 0.105280
v -0.026004 0.162685 0.107682
v -0.026004 0.162685 0.105280
v -0.026004 0.162685 0.107682
v -0.026004 0.162685 0.105280
v -0.064465 0.162685 0.107682
v -0.064465 0.162685 0.105280
v -0.064465 0.162685 0.107682
v -0.064465 0.162685 0.105280
v -0.085265 0.150676 0.107682
v -0.085265 0.150676 0.105280
v -0.064465 0.162685 0.107682
v -0.085265 0.150676 0.107682
v -0.026004 0.162685 0.107682
v -0.005204 0.150676 0.107682
v -0.005204 0.126657 0.107682
v -0.085265 0.126657 0.107682
v -0.085265 0.150676 0.105280
v -0.085265 0.126657 0.105280
v -0.064465 0.162685 0.105280
v -0.026004 0.162685 0.105280
v -0.005204 0.150676 0.105280
v -0.005204 0.126657 0.105280
vn -1.0000 -0.0000 -0.0000
vn -0.0000 -1.0000 -0.0000
vn 1.0000 -0.0000 -0.0000
vn 0.5000 0.8660 -0.0000
vn -0.0000 1.0000 -0.0000
vn -0.5000 0.8660 -0.0000
vn -0.0000 -0.0000 1.0000
vn -0.0000 -0.0000 -1.0000
s 1
usemtl material378
f 3373//1335 3376//1335 3375//1335
f 3373//1335 3374//1335 3376//1335
f 3377//1336 3380//1336 3379//1336
f 3377//1336 3378//1336 3380//1336
f 3381//1337 3384//1337 3383//1337
f 3381//1337 3382//1337 3384//1337
f 3385//1338 3388//1338 3387//1338
f 3385//1338 3386//1338 3388//1338
f 3389//1339 3392//1339 3391//1339
f 3389//1339 3390//1339 3392//1339
f 3393//1340 3396//1340 3395//1340
f 3393//1340 3394//1340 3396//1340
f 3401//1341 3400//1341 3399//1341
f 3402//1341 3397//1341 3398//1341
f 3402//1341 3399//1341 3397//1341
f 3402//1341 3401//1341 3399//1341
f 3408//1342 3406//1342 3407//1342
f 3404//1342 3403//1342 3405//1342
f 3404//1342 3405//1342 3406//1342
f 3404//1342 3406//1342 3408//1342
o empty_24
v -0.085265 0.190706 0.107682
v -0.085265 0.190706 0.105280
v -0.085265 0.166688 0.107682
v -0.085265 0.166688 0.105280
v -0.085265 0.166688 0.107682
v -0.085265 0.166688 0.105280
v -0.005204 0.166688 0.107682
v -0.005204 0.166688 0.105280
v -0.005204 0.166688 0.107682
v -0.005204 0.166688 0.105280
v -0.005204 0.190706 0.107682
v -0.005204 0.190706 0.105280
v -0.005204 0.190706 0.107682
v -0.005204 0.190706 0.105280
v -0.026004 0.202715 0.107682
v -0.026004 0.202715 0.105280
v -0.026004 0.202715 0.107682
v -0.026004 0.202715 0.105280
v -0.064465 0.202715 0.107682
v -0.064465 0.202715 0.105280
v -0.064465 0.202715 0.107682
v -0.064465 0.202715 0.105280
v -0.085265 0.190706 0.107682
v -0.085265 0.190706 0.105280
v -0.064465 0.202715 0.107682
v -0.085265 0.190706 0.107682
v -0.026004 0.202715 0.107682
v -0.005204 0.190706 0.107682
v -0.005204 0.166688 0.107682
v -0.085265 0.166688 0.107682
v -0.085265 0.190706 0.105280
v -0.085265 0.166688 0.105280
v -0.064465 0.202715 0.105280
v -0.026004 0.202715 0.105280
v -0.005204 0.190706 0.105280
v -0.005204 0.166688 0.105280
vn -1.0000 -0.0000 -0.0000
vn -0.0000 -1.0000 -0.0000
vn 1.0000 -0.0000 -0.0000
vn 0.5000 0.8660 -0.0000
vn -0.0000 1.0000 -0.0000
vn -0.5000 0.8660 -0.0000
vn -0.0000 -0.0000 1.0000
vn -0.0000 -0.0000 -1.0000
s 1
usemtl material379
f 3409//1343 3412//1343 3411//1343
f 3409//1343 3410//1343 3412//1343
f 3413//1344 3416//1344 3415//1344
f 3413//1344 3414//1344 3416//1344
f 3417//1345 3420//1345 3419//1345
f 3417//1345 3418//1345 3420//1345
f 3421//1346 3424//1346 3423//1346
f 3421//1346 3422//1346 3424//1346
f 3425//1347 3428//1347 3427//1347
f 3425//1347 3426//1347 3428//1347
f 3429//1348 3432//1348 3431//1348
f 3429//1348 3430//1348 3432//1348
f 3437//1349 3436//1349 3435//1349
f 3438//1349 3433//1349 3434//1349
f 3438//1349 3435//1349 3433//1349
f 3438//1349 3437//1349 3435//1349
f 3444//1350 3442//1350 3443//1350
f 3440//1350 3439//1350 3441//1350
f 3440//1350 3441//1350 3442//1350
f 3440//1350 3442//1350 3444//1350
o empty_25
v -0.070974 0.202718 0.073190
v -0.073765 0.225276 0.095749
v -0.075207 0.253474 0.067372
v -0.079955 0.252647 0.067612
v -0.084385 0.251049 0.068662
v -0.088239 0.248772 0.070462
v -0.091295 0.245949 0.072907
v -0.093373 0.242744 0.075855
v -0.094354 0.239343 0.079135
v -0.094180 0.235944 0.082555
v -0.092862 0.232744 0.085918
v -0.090476 0.229930 0.089027
v -0.087160 0.227665 0.091703
v -0.083108 0.226080 0.093789
v -0.078555 0.225268 0.095164
v -0.072416 0.230916 0.044814
v -0.077164 0.230089 0.045053
v -0.081594 0.228490 0.046104
v -0.085448 0.226213 0.047904
v -0.088504 0.223390 0.050349
v -0.090582 0.220185 0.053297
v -0.091563 0.216784 0.056576
v -0.091389 0.213385 0.059997
v -0.090071 0.210186 0.063359
v -0.087684 0.207372 0.066469
v -0.084369 0.205106 0.069144
v -0.080317 0.203522 0.071230
v -0.075764 0.202710 0.072606
v -0.073549 0.221046 0.100005
v -0.067377 0.222122 0.099694
v -0.061618 0.224200 0.098328
v -0.056607 0.227160 0.095988
v -0.052635 0.230830 0.092810
v -0.049933 0.234996 0.088978
v -0.048658 0.239417 0.084714
v -0.048884 0.243836 0.080268
v -0.050598 0.247995 0.075896
v -0.053700 0.251653 0.071854
v -0.058010 0.254598 0.068376
v -0.063278 0.256658 0.065664
v -0.069197 0.257714 0.063876
v -0.075424 0.257704 0.063116
v -0.068316 0.178749 0.057708
v -0.062144 0.179824 0.057396
v -0.056385 0.181902 0.056031
v -0.051374 0.184862 0.053691
v -0.047402 0.188532 0.050512
v -0.044700 0.192699 0.046680
v -0.043425 0.197120 0.042417
v -0.043651 0.201538 0.037970
v -0.045365 0.205698 0.033599
v -0.048467 0.209356 0.029557
v -0.052777 0.212301 0.026079
v -0.058045 0.214361 0.023367
v -0.063964 0.215417 0.021579
v -0.070190 0.215407 0.020818
v -0.073549 0.221046 0.100005
v -0.068316 0.178749 0.057708
v -0.075424 0.257704 0.063116
v -0.081596 0.256629 0.063427
v -0.087354 0.254551 0.064793
v -0.092365 0.251591 0.067133
v -0.096337 0.247921 0.070311
v -0.099039 0.243754 0.074144
v -0.100314 0.239333 0.078407
v -0.100088 0.234915 0.082853
v -0.098375 0.230755 0.087225
v -0.095272 0.227097 0.091267
v -0.090962 0.224152 0.094745
v -0.085695 0.222092 0.097457
v -0.079775 0.221036 0.099245
v -0.070190 0.215407 0.020818
v -0.076362 0.214331 0.021130
v -0.082121 0.212253 0.022496
v -0.087132 0.209293 0.024836
v -0.091104 0.205624 0.028014
v -0.093806 0.201457 0.031846
v -0.095081 0.197036 0.036110
v -0.094855 0.192617 0.040556
v -0.093141 0.188458 0.044928
v -0.090039 0.184800 0.048970
v -0.085729 0.181855 0.052448
v -0.080461 0.179795 0.055160
v -0.074542 0.178739 0.056948
v -0.075424 0.257704 0.063116
v -0.081596 0.256629 0.063427
v -0.087354 0.254551 0.064793
v -0.092365 0.251591 0.067133
v -0.096337 0.247921 0.070311
v -0.099039 0.243754 0.074144
v -0.100314 0.239333 0.078407
v -0.100088 0.234915 0.082853
v -0.098375 0.230755 0.087225
v -0.095272 0.227097 0.091267
v -0.090962 0.224152 0.094745
v -0.085695 0.222092 0.097457
v -0.079775 0.221036 0.099245
v -0.073549 0.221046 0.100005
v -0.067377 0.222122 0.099694
v -0.061618 0.224200 0.098328
v -0.056607 0.227160 0.095988
v -0.052635 0.230830 0.092810
v -0.049933 0.234996 0.088978
v -0.048658 0.239417 0.084714
v -0.048884 0.243836 0.080268
v -0.050598 0.247995 0.075896
v -0.053700 0.251653 0.071854
v -0.058010 0.254598 0.068376
v -0.063278 0.256658 0.065664
v -0.069197 0.257714 0.063876
v -0.073765 0.225276 0.095749
v -0.069018 0.226103 0.095509
v -0.064588 0.227702 0.094459
v -0.060733 0.229979 0.092659
v -0.057678 0.232802 0.090214
v -0.055599 0.236007 0.087266
v -0.054619 0.239407 0.083987
v -0.054792 0.242806 0.080566
v -0.056111 0.246006 0.077203
v -0.058497 0.248820 0.074094
v -0.061812 0.251085 0.071419
v -0.065865 0.252670 0.069333
v -0.070418 0.253482 0.067957
v -0.075207 0.253474 0.067372
v -0.079955 0.252647 0.067612
v -0.084385 0.251049 0.068662
v -0.088239 0.248772 0.070462
v -0.091295 0.245949 0.072907
v -0.093373 0.242744 0.075855
v -0.094354 0.239343 0.079135
v -0.094180 0.235944 0.082555
v -0.092862 0.232744 0.085918
v -0.090476 0.229930 0.089027
v -0.087160 0.227665 0.091703
v -0.083108 0.226080 0.093789
v -0.078555 0.225268 0.095164
v -0.068316 0.178749 0.057708
v -0.062144 0.179824 0.057396
v -0.056385 0.181902 0.056031
v -0.051374 0.184862 0.053691
v -0.047402 0.188532 0.050512
v -0.044700 0.192699 0.046680
v -0.043425 0.197120 0.042417
v -0.043651 0.201538 0.037970
v -0.045365 0.205698 0.033599
v -0.048467 0.209356 0.029557
v -0.052777 0.212301 0.026079
v -0.058045 0.214361 0.023367
v -0.063964 0.215417 0.021579
v -0.070190 0.215407 0.020818
v -0.076362 0.214331 0.021130
v -0.082121 0.212253 0.022496
v -0.087132 0.209293 0.024836
v -0.091104 0.205624 0.028014
v -0.093806 0.201457 0.031846
v -0.095081 0.197036 0.036110
v -0.094855 0.192617 0.040556
v -0.093141 0.188458 0.044928
v -0.090039 0.184800 0.048970
v -0.085729 0.181855 0.052448
v -0.080461 0.179795 0.055160
v -0.074542 0.178739 0.056948
v -0.073765 0.225276 0.095749
v -0.069018 0.226103 0.095509
v -0.064588 0.227702 0.094459
v -0.060733 0.229979 0.092659
v -0.057678 0.232802 0.090214
v -0.055599 0.236007 0.087266
v -0.054619 0.239407 0.083987
v -0.054792 0.242806 0.080566
v -0.056111 0.246006 0.077203
v -0.058497 0.248820 0.074094
v -0.061812 0.251085 0.071419
v -0.065865 0.252670 0.069333
v -0.070418 0.253482 0.067957
v -0.075207 0.253474 0.067372
v -0.070974 0.202718 0.073190
v -0.066227 0.203545 0.072951
v -0.061797 0.205143 0.071900
v -0.057942 0.207420 0.070100
v -0.054887 0.210243 0.067655
v -0.052808 0.213448 0.064707
v -0.051827 0.216849 0.061428
v -0.052001 0.220248 0.058008
v -0.053320 0.223447 0.054645
v -0.055706 0.226261 0.051535
v -0.059021 0.228527 0.048860
v -0.063073 0.230111 0.046774
v -0.067627 0.230924 0.045399
v -0.072416 0.230916 0.044814
v -0.070974 0.202718 0.073190
v -0.066227 0.203545 0.072951
v -0.061797 0.205143 0.071900
v -0.057942 0.207420 0.070100
v -0.054887 0.210243 0.067655
v -0.052808 0.213448 0.064707
v -0.051827 0.216849 0.061428
v -0.052001 0.220248 0.058008
v -0.053320 0.223447 0.054645
v -0.055706 0.226261 0.051535
v -0.059021 0.228527 0.048860
v -0.063073 0.230111 0.046774
v -0.067627 0.230924 0.045399
v -0.072416 0.230916 0.044814
v -0.077164 0.230089 0.045053
v -0.081594 0.228490 0.046104
v -0.085448 0.226213 0.047904
v -0.088504 0.223390 0.050349
v -0.090582 0.220185 0.053297
v -0.091563 0.216784 0.056576
v -0.091389 0.213385 0.059997
v -0.090071 0.210186 0.063359
v -0.087684 0.207372 0.066469
v -0.084369 0.205106 0.069144
v -0.080317 0.203522 0.071230
v -0.075764 0.202710 0.072606
vn 0.2343 -0.6728 0.7018
vn 0.1558 -0.6888 0.7080
vn 0.3117 -0.6523 0.6909
vn 0.4592 -0.5991 0.6559
vn 0.5291 -0.5664 0.6319
vn 0.6574 -0.4906 0.5719
vn 0.7157 -0.4476 0.5361
vn 0.8174 -0.3536 0.4547
vn 0.8608 -0.3027 0.4092
vn 0.9299 -0.1960 0.3111
vn 0.9558 -0.1403 0.2585
vn 0.9884 -0.0271 0.1494
vn 0.9952 0.0303 0.0928
vn 0.9894 0.1434 -0.0210
vn 0.9768 0.1991 -0.0783
vn 0.9330 0.3056 -0.1902
vn 0.9017 0.3564 -0.2448
vn 0.8223 0.4501 -0.3483
vn 0.7741 0.4929 -0.3972
vn 0.6638 0.5683 -0.4862
vn 0.6016 0.6008 -0.5264
vn 0.4667 0.6536 -0.5958
vn 0.3941 0.6738 -0.6250
vn 0.2425 0.7008 -0.6708
vn 0.1637 0.7076 -0.6874
vn 0.0842 0.7098 -0.6994
vn -0.1637 -0.7076 0.6874
vn -0.0842 -0.7098 0.6994
vn -0.2425 -0.7008 0.6708
vn -0.3941 -0.6738 0.6250
vn -0.4667 -0.6536 0.5958
vn -0.6016 -0.6008 0.5264
vn -0.6638 -0.5683 0.4862
vn -0.7741 -0.4929 0.3972
vn -0.8223 -0.4501 0.3483
vn -0.9017 -0.3564 0.2448
vn -0.9330 -0.3056 0.1902
vn -0.9768 -0.1991 0.0783
vn -0.9894 -0.1434 0.0210
vn -0.9952 -0.0303 -0.0928
vn -0.9884 0.0271 -0.1494
vn -0.9558 0.1403 -0.2585
vn -0.9299 0.1960 -0.3111
vn -0.8608 0.3027 -0.4092
vn -0.8174 0.3536 -0.4547
vn -0.7157 0.4476 -0.5361
vn -0.6574 0.4906 -0.5720
vn -0.5291 0.5664 -0.6319
vn -0.4592 0.5991 -0.6559
vn -0.3117 0.6523 -0.6909
vn -0.2343 0.6728 -0.7018
vn -0.1558 0.6888 -0.7080
vn -0.0872 0.7044 0.7044
vn 0.0872 -0.7044 -0.7044
vn 0.0871 -0.7044 -0.7044
vn -0.6574 0.4906 -0.5719
vn -0.0871 0.7044 0.7045
s 1
usemtl material380
f 3448//1351 3460//1352 3447//1352
f 3448//1351 3461//1353 3460//1352
f 3449//1354 3462//1355 3461//1353
f 3449//1354 3461//1353 3448//1351
f 3450//1356 3463//1357 3462//1355
f 3450//1356 3462//1355 3449//1354
f 3451//1358 3464//1359 3463//1357
f 3451//1358 3463//1357 3450//1356
f 3452//1360 3465//1361 3464//1359
f 3452//1360 3464//1359 3451//1358
f 3453//1362 3466//1363 3465//1361
f 3453//1362 3465//1361 3452//1360
f 3454//1364 3467//1365 3466//1363
f 3454//1364 3466//1363 3453//1362
f 3455//1366 3468//1367 3467//1365
f 3455//1366 3467//1365 3454//1364
f 3456//1368 3469//1369 3468//1367
f 3456//1368 3468//1367 3455//1366
f 3457//1370 3470//1371 3469//1369
f 3457//1370 3469//1369 3456//1368
f 3458//1372 3471//1373 3470//1371
f 3458//1372 3470//1371 3457//1370
f 3459//1374 3472//1375 3471//1373
f 3459//1374 3471//1373 3458//1372
f 3446//1376 3445//1376 3472//1375
f 3446//1376 3472//1375 3459//1374
f 3499//1375 3486//1376 3485//1374
f 3499//1375 3500//1376 3486//1376
f 3498//1373 3485//1374 3484//1372
f 3498//1373 3499//1375 3485//1374
f 3497//1371 3484//1372 3483//1370
f 3497//1371 3498//1373 3484//1372
f 3496//1369 3483//1370 3482//1368
f 3496//1369 3497//1371 3483//1370
f 3495//1367 3482//1368 3481//1366
f 3495//1367 3496//1369 3482//1368
f 3494//1365 3481//1366 3480//1364
f 3494//1365 3495//1367 3481//1366
f 3493//1363 3480//1364 3479//1362
f 3493//1363 3494//1365 3480//1364
f 3492//1361 3479//1362 3478//1360
f 3492//1361 3493//1363 3479//1362
f 3491//1359 3478//1360 3477//1358
f 3491//1359 3492//1361 3478//1360
f 3490//1357 3477//1358 3476//1356
f 3490//1357 3491//1359 3477//1358
f 3489//1355 3476//1356 3475//1354
f 3489//1355 3490//1357 3476//1356
f 3488//1353 3475//1354 3474//1351
f 3488//1353 3489//1355 3475//1354
f 3487//1352 3474//1351 3473//1352
f 3487//1352 3488//1353 3474//1351
f 3528//1377 3502//1378 3501//1378
f 3528//1377 3501//1378 3515//1379
f 3527//1380 3515//1379 3514//1381
f 3527//1380 3528//1377 3515//1379
f 3526//1382 3514//1381 3513//1383
f 3526//1382 3527//1380 3514//1381
f 3525//1384 3513//1383 3512//1385
f 3525//1384 3526//1382 3513//1383
f 3524//1386 3512//1385 3511//1387
f 3524//1386 3525//1384 3512//1385
f 3523//1388 3511//1387 3510//1389
f 3523//1388 3524//1386 3511//1387
f 3522//1390 3510//1389 3509//1391
f 3522//1390 3523//1388 3510//1389
f 3521//1392 3509//1391 3508//1393
f 3521//1392 3522//1390 3509//1391
f 3520//1394 3508//1393 3507//1395
f 3520//1394 3521//1392 3508//1393
f 3519//1396 3507//1395 3506//1397
f 3519//1396 3520//1394 3507//1395
f 3518//1398 3506//1397 3505//1399
f 3518//1398 3519//1396 3506//1397
f 3517//1400 3505//1399 3504//1401
f 3517//1400 3518//1398 3505//1399
f 3516//1402 3504//1401 3503//1402
f 3516//1402 3517//1400 3504//1401
f 3572//1403 3532//1403 3533//1403
f 3572//1403 3571//1403 3532//1403
f 3570//1403 3531//1403 3532//1403
f 3570//1403 3532//1403 3571//1403
f 3573//1403 3533//1403 3534//1403
f 3573//1403 3572//1403 3533//1403
f 3569//1403 3530//1403 3531//1403
f 3569//1403 3531//1403 3570//1403
f 3574//1403 3534//1403 3535//1403
f 3574//1403 3573//1403 3534//1403
f 3568//1403 3529//1403 3530//1403
f 3568//1403 3530//1403 3569//1403
f 3575//1403 3535//1403 3536//1403
f 3575//1403 3574//1403 3535//1403
f 3567//1403 3554//1403 3529//1403
f 3567//1403 3529//1403 3568//1403
f 3576//1403 3536//1403 3537//1403
f 3576//1403 3575//1403 3536//1403
f 3566//1403 3553//1403 3554//1403
f 3566//1403 3554//1403 3567//1403
f 3577//1403 3537//1403 3538//1403
f 3577//1403 3576//1403 3537//1403
f 3565//1403 3552//1403 3553//1403
f 3565//1403 3553//1403 3566//1403
f 3539//1403 3578//1403 3577//1403
f 3539//1403 3577//1403 3538//1403
f 3551//1403 3552//1403 3565//1403
f 3551//1403 3565//1403 3564//1403
f 3540//1403 3578//1403 3539//1403
f 3540//1403 3579//1403 3578//1403
f 3550//1403 3551//1403 3564//1403
f 3550//1403 3564//1403 3563//1403
f 3541//1403 3579//1403 3540//1403
f 3541//1403 3580//1403 3579//1403
f 3549//1403 3550//1403 3563//1403
f 3549//1403 3563//1403 3562//1403
f 3542//1403 3580//1403 3541//1403
f 3542//1403 3555//1403 3580//1403
f 3548//1403 3562//1403 3561//1403
f 3548//1403 3549//1403 3562//1403
f 3543//1403 3556//1403 3555//1403
f 3543//1403 3555//1403 3542//1403
f 3547//1403 3548//1403 3561//1403
f 3547//1403 3561//1403 3560//1403
f 3544//1403 3557//1403 3556//1403
f 3544//1403 3556//1403 3543//1403
f 3546//1403 3560//1403 3559//1403
f 3546//1403 3547//1403 3560//1403
f 3545//1403 3546//1403 3559//1403
f 3545//1403 3558//1403 3557//1403
f 3545//1403 3559//1403 3558//1403
f 3545//1403 3557//1403 3544//1403
f 3584//1404 3582//1404 3581//1404
f 3584//1404 3583//1405 3582//1404
f 3584//1404 3586//1404 3585//1404
f 3584//1404 3587//1404 3586//1404
f 3584//1404 3588//1404 3587//1404
f 3584//1404 3589//1404 3588//1404
f 3584//1404 3590//1404 3589//1404
f 3584//1404 3591//1404 3590//1404
f 3584//1404 3592//1404 3591//1404
f 3584//1404 3593//1404 3592//1404
f 3584//1404 3594//1404 3593//1404
f 3584//1404 3595//1404 3594//1404
f 3584//1404 3596//1404 3595//1404
f 3584//1404 3597//1404 3596//1404
f 3584//1404 3598//1404 3597//1404
f 3584//1404 3599//1404 3598//1404
f 3584//1404 3600//1404 3599//1404
f 3584//1404 3601//1404 3600//1404
f 3584//1404 3602//1404 3601//1404
f 3584//1404 3603//1404 3602//1404
f 3584//1404 3604//1404 3603//1404
f 3584//1404 3605//1404 3604//1404
f 3584//1404 3606//1404 3605//1404
f 3584//1404 3581//1404 3606//1404
f 3608//1401 3621//1402 3607//1402
f 3608//1401 3622//1400 3621//1402
f 3609//1399 3623//1398 3622//1400
f 3609//1399 3622//1400 3608//1401
f 3610//1406 3624//1396 3623//1398
f 3610//1406 3623//1398 3609//1399
f 3611//1395 3625//1394 3624//1396
f 3611//1395 3624//1396 3610//1406
f 3612//1393 3626//1392 3625//1394
f 3612//1393 3625//1394 3611//1395
f 3613//1391 3627//1390 3626//1392
f 3613//1391 3626//1392 3612//1393
f 3614//1389 3628//1388 3627//1390
f 3614//1389 3627//1390 3613//1391
f 3615//1387 3629//1386 3628//1388
f 3615//1387 3628//1388 3614//1389
f 3616//1385 3630//1384 3629//1386
f 3616//1385 3629//1386 3615//1387
f 3617//1383 3631//1382 3630//1384
f 3617//1383 3630//1384 3616//1385
f 3618//1381 3632//1380 3631//1382
f 3618//1381 3631//1382 3617//1383
f 3619//1379 3633//1377 3632//1380
f 3619//1379 3632//1380 3618//1381
f 3620//1378 3634//1378 3633//1377
f 3620//1378 3633//1377 3619//1379
f 3638//1403 3635//1403 3636//1403
f 3638//1403 3636//1403 3637//1407
f 3638//1403 3639//1403 3640//1403
f 3638//1403 3640//1403 3641//1403
f 3638//1403 3641//1403 3642//1403
f 3638//1403 3642//1403 3643//1403
f 3638//1403 3643//1403 3644//1403
f 3638//1403 3644//1403 3645//1403
f 3638//1403 3645//1403 3646//1403
f 3638//1403 3646//1403 3647//1403
f 3638//1403 3647//1403 3648//1403
f 3638//1403 3648//1403 3649//1403
f 3638//1403 3649//1403 3650//1403
f 3638//1403 3650//1403 3651//1403
f 3638//1403 3651//1403 3652//1403
f 3638//1403 3652//1403 3653//1403
f 3638//1403 3653//1403 3654//1403
f 3638//1403 3654//1403 3655//1403
f 3638//1403 3655//1403 3656//1403
f 3638//1403 3656//1403 3657//1403
f 3638//1403 3657//1403 3658//1403
f 3638//1403 3658//1403 3659//1403
f 3638//1403 3659//1403 3660//1403
f 3638//1403 3660//1403 3635//1403
o empty_26
v -0.072416 0.230916 -0.044814
v -0.075207 0.253474 -0.067372
v -0.073765 0.225276 -0.095749
v -0.078555 0.225268 -0.095164
v -0.083108 0.226080 -0.093789
v -0.087160 0.227665 -0.091703
v -0.090476 0.229930 -0.089027
v -0.092862 0.232744 -0.085918
v -0.094180 0.235944 -0.082555
v -0.094354 0.239343 -0.079135
v -0.093373 0.242744 -0.075855
v -0.091295 0.245949 -0.072907
v -0.088239 0.248772 -0.070462
v -0.084385 0.251049 -0.068662
v -0.079955 0.252647 -0.067612
v -0.070974 0.202718 -0.073190
v -0.075764 0.202710 -0.072606
v -0.080317 0.203522 -0.071230
v -0.084369 0.205106 -0.069144
v -0.087684 0.207372 -0.066469
v -0.090071 0.210186 -0.063359
v -0.091389 0.213385 -0.059997
v -0.091563 0.216784 -0.056576
v -0.090582 0.220185 -0.053297
v -0.088504 0.223390 -0.050349
v -0.085448 0.226213 -0.047904
v -0.081594 0.228490 -0.046104
v -0.077164 0.230089 -0.045054
v -0.075424 0.257704 -0.063116
v -0.069197 0.257714 -0.063876
v -0.063278 0.256658 -0.065664
v -0.058010 0.254598 -0.068376
v -0.053700 0.251653 -0.071854
v -0.050598 0.247995 -0.075896
v -0.048884 0.243836 -0.080268
v -0.048658 0.239417 -0.084714
v -0.049933 0.234996 -0.088978
v -0.052635 0.230830 -0.092810
v -0.056607 0.227160 -0.095988
v -0.061618 0.224200 -0.098328
v -0.067377 0.222122 -0.099694
v -0.073549 0.221046 -0.100005
v -0.070190 0.215407 -0.020819
v -0.063964 0.215417 -0.021579
v -0.058045 0.214361 -0.023367
v -0.052777 0.212301 -0.026079
v -0.048467 0.209356 -0.029557
v -0.045365 0.205698 -0.033599
v -0.043651 0.201538 -0.037970
v -0.043425 0.197120 -0.042417
v -0.044700 0.192699 -0.046680
v -0.047402 0.188532 -0.050513
v -0.051374 0.184862 -0.053691
v -0.056385 0.181902 -0.056031
v -0.062144 0.179824 -0.057396
v -0.068316 0.178749 -0.057708
v -0.075424 0.257704 -0.063116
v -0.070190 0.215407 -0.020819
v -0.073549 0.221046 -0.100005
v -0.079775 0.221036 -0.099245
v -0.085695 0.222092 -0.097457
v -0.090962 0.224152 -0.094745
v -0.095272 0.227097 -0.091267
v -0.098375 0.230755 -0.087225
v -0.100088 0.234915 -0.082854
v -0.100314 0.239333 -0.078407
v -0.099039 0.243754 -0.074144
v -0.096337 0.247921 -0.070311
v -0.092365 0.251591 -0.067133
v -0.087354 0.254551 -0.064793
v -0.081596 0.256629 -0.063428
v -0.068316 0.178749 -0.057708
v -0.074542 0.178739 -0.056948
v -0.080461 0.179795 -0.055160
v -0.085729 0.181855 -0.052448
v -0.090039 0.184800 -0.048970
v -0.093141 0.188458 -0.044928
v -0.094855 0.192617 -0.040556
v -0.095081 0.197036 -0.036110
v -0.093806 0.201457 -0.031846
v -0.091104 0.205624 -0.028014
v -0.087132 0.209293 -0.024836
v -0.082121 0.212253 -0.022496
v -0.076362 0.214331 -0.021130
v -0.073549 0.221046 -0.100005
v -0.079775 0.221036 -0.099245
v -0.085695 0.222092 -0.097457
v -0.090962 0.224152 -0.094745
v -0.095272 0.227097 -0.091267
v -0.098375 0.230755 -0.087225
v -0.100088 0.234915 -0.082854
v -0.100314 0.239333 -0.078407
v -0.099039 0.243754 -0.074144
v -0.096337 0.247921 -0.070311
v -0.092365 0.251591 -0.067133
v -0.087354 0.254551 -0.064793
v -0.081596 0.256629 -0.063428
v -0.075424 0.257704 -0.063116
v -0.069197 0.257714 -0.063876
v -0.063278 0.256658 -0.065664
v -0.058010 0.254598 -0.068376
v -0.053700 0.251653 -0.071854
v -0.050598 0.247995 -0.075896
v -0.048884 0.243836 -0.080268
v -0.048658 0.239417 -0.084714
v -0.049933 0.234996 -0.088978
v -0.052635 0.230830 -0.092810
v -0.056607 0.227160 -0.095988
v -0.061618 0.224200 -0.098328
v -0.067377 0.222122 -0.099694
v -0.075207 0.253474 -0.067372
v -0.070418 0.253482 -0.067957
v -0.065865 0.252670 -0.069333
v -0.061812 0.251085 -0.071419
v -0.058497 0.248820 -0.074094
v -0.056111 0.246006 -0.077204
v -0.054792 0.242806 -0.080566
v -0.054619 0.239407 -0.083987
v -0.055599 0.236007 -0.087266
v -0.057678 0.232802 -0.090214
v -0.060733 0.229979 -0.092659
v -0.064588 0.227702 -0.094459
v -0.069018 0.226103 -0.095509
v -0.073765 0.225276 -0.095749
v -0.078555 0.225268 -0.095164
v -0.083108 0.226080 -0.093789
v -0.087160 0.227665 -0.091703
v -0.090476 0.229930 -0.089027
v -0.092862 0.232744 -0.085918
v -0.094180 0.235944 -0.082555
v -0.094354 0.239343 -0.079135
v -0.093373 0.242744 -0.075855
v -0.091295 0.245949 -0.072907
v -0.088239 0.248772 -0.070462
v -0.084385 0.251049 -0.068662
v -0.079955 0.252647 -0.067612
v -0.070190 0.215407 -0.020819
v -0.063964 0.215417 -0.021579
v -0.058045 0.214361 -0.023367
v -0.052777 0.212301 -0.026079
v -0.048467 0.209356 -0.029557
v -0.045365 0.205698 -0.033599
v -0.043651 0.201538 -0.037970
v -0.043425 0.197120 -0.042417
v -0.044700 0.192699 -0.046680
v -0.047402 0.188532 -0.050513
v -0.051374 0.184862 -0.053691
v -0.056385 0.181902 -0.056031
v -0.062144 0.179824 -0.057396
v -0.068316 0.178749 -0.057708
v -0.074542 0.178739 -0.056948
v -0.080461 0.179795 -0.055160
v -0.085729 0.181855 -0.052448
v -0.090039 0.184800 -0.048970
v -0.093141 0.188458 -0.044928
v -0.094855 0.192617 -0.040556
v -0.095081 0.197036 -0.036110
v -0.093806 0.201457 -0.031846
v -0.091104 0.205624 -0.028014
v -0.087132 0.209293 -0.024836
v -0.082121 0.212253 -0.022496
v -0.076362 0.214331 -0.021130
v -0.075207 0.253474 -0.067372
v -0.070418 0.253482 -0.067957
v -0.065865 0.252670 -0.069333
v -0.061812 0.251085 -0.071419
v -0.058497 0.248820 -0.074094
v -0.056111 0.246006 -0.077204
v -0.054792 0.242806 -0.080566
v -0.054619 0.239407 -0.083987
v -0.055599 0.236007 -0.087266
v -0.057678 0.232802 -0.090214
v -0.060733 0.229979 -0.092659
v -0.064588 0.227702 -0.094459
v -0.069018 0.226103 -0.095509
v -0.073765 0.225276 -0.095749
v -0.072416 0.230916 -0.044814
v -0.067627 0.230924 -0.045399
v -0.063073 0.230111 -0.046774
v -0.059021 0.228527 -0.048860
v -0.055706 0.226261 -0.051536
v -0.053320 0.223447 -0.054645
v -0.052001 0.220248 -0.058008
v -0.051827 0.216849 -0.061428
v -0.052808 0.213448 -0.064707
v -0.054887 0.210243 -0.067655
v -0.057942 0.207420 -0.070100
v -0.061797 0.205143 -0.071900
v -0.066227 0.203545 -0.072951
v -0.070974 0.202718 -0.073190
v -0.072416 0.230916 -0.044814
v -0.067627 0.230924 -0.045399
v -0.063073 0.230111 -0.046774
v -0.059021 0.228527 -0.048860
v -0.055706 0.226261 -0.051536
v -0.053320 0.223447 -0.054645
v -0.052001 0.220248 -0.058008
v -0.051827 0.216849 -0.061428
v -0.052808 0.213448 -0.064707
v -0.054887 0.210243 -0.067655
v -0.057942 0.207420 -0.070100
v -0.061797 0.205143 -0.071900
v -0.066227 0.203545 -0.072951
v -0.070974 0.202718 -0.073190
v -0.075764 0.202710 -0.072606
v -0.080317 0.203522 -0.071230
v -0.084369 0.205106 -0.069144
v -0.087684 0.207372 -0.066469
v -0.090071 0.210186 -0.063359
v -0.091389 0.213385 -0.059997
v -0.091563 0.216784 -0.056576
v -0.090582 0.220185 -0.053297
v -0.088504 0.223390 -0.050349
v -0.085448 0.226213 -0.047904
v -0.081594 0.228490 -0.046104
v -0.077164 0.230089 -0.045054
vn 0.1637 0.7076 0.6874
vn 0.0842 0.7098 0.6994
vn 0.2425 0.7008 0.6708
vn 0.3941 0.6738 0.6250
vn 0.4667 0.6536 0.5958
vn 0.6016 0.6008 0.5264
vn 0.6638 0.5683 0.4862
vn 0.7741 0.4929 0.3972
vn 0.8223 0.4501 0.3483
vn 0.9017 0.3564 0.2448
vn 0.9330 0.3056 0.1902
vn 0.9768 0.1991 0.0783
vn 0.9894 0.1434 0.0210
vn 0.9952 0.0303 -0.0928
vn 0.9884 -0.0271 -0.1494
vn 0.9558 -0.1403 -0.2585
vn 0.9299 -0.1960 -0.3111
vn 0.8608 -0.3027 -0.4092
vn 0.8174 -0.3536 -0.4547
vn 0.7157 -0.4476 -0.5361
vn 0.6574 -0.4906 -0.5719
vn 0.5291 -0.5664 -0.6319
vn 0.4592 -0.5991 -0.6559
vn 0.3117 -0.6523 -0.6909
vn 0.2343 -0.6728 -0.7018
vn 0.1558 -0.6888 -0.7080
vn -0.2343 0.6728 0.7018
vn -0.1558 0.6888 0.7080
vn -0.3117 0.6523 0.6909
vn -0.4592 0.5991 0.6559
vn -0.5291 0.5664 0.6319
vn -0.6574 0.4906 0.5720
vn -0.7157 0.4476 0.5361
vn -0.8174 0.3536 0.4547
vn -0.8608 0.3027 0.4092
vn -0.9299 0.1960 0.3111
vn -0.9558 0.1403 0.2585
vn -0.9884 0.0271 0.1494
vn -0.9952 -0.0303 0.0928
vn -0.9894 -0.1434 -0.0210
vn -0.9768 -0.1991 -0.0783
vn -0.9330 -0.3056 -0.1902
vn -0.9017 -0.3564 -0.2448
vn -0.8223 -0.4501 -0.3483
vn -0.7741 -0.4929 -0.3972
vn -0.6638 -0.5683 -0.4862
vn -0.6016 -0.6008 -0.5264
vn -0.4667 -0.6536 -0.5958
vn -0.3941 -0.6738 -0.6250
vn -0.2425 -0.7008 -0.6708
vn -0.1637 -0.7076 -0.6874
vn -0.0842 -0.7098 -0.6994
vn -0.0872 0.7044 -0.7044
vn 0.0872 -0.7044 0.7044
vn 0.0872 -0.7044 0.7045
vn -0.6574 0.4906 0.5719
vn -0.0872 0.7044 -0.7045
vn -0.0871 0.7044 -0.7044
s 1
usemtl material381
f 3664//1408 3676//1409 3663//1409
f 3664//1408 3677//1410 3676//1409
f 3665//1411 3678//1412 3677//1410
f 3665//1411 3677//1410 3664//1408
f 3666//1413 3679//1414 3678//1412
f 3666//1413 3678//1412 3665//1411
f 3667//1415 3680//1416 3679//1414
f 3667//1415 3679//1414 3666//1413
f 3668//1417 3681//1418 3680//1416
f 3668//1417 3680//1416 3667//1415
f 3669//1419 3682//1420 3681//1418
f 3669//1419 3681//1418 3668//1417
f 3670//1421 3683//1422 3682//1420
f 3670//1421 3682//1420 3669//1419
f 3671//1423 3684//1424 3683//1422
f 3671//1423 3683//1422 3670//1421
f 3672//1425 3685//1426 3684//1424
f 3672//1425 3684//1424 3671//1423
f 3673//1427 3686//1428 3685//1426
f 3673//1427 3685//1426 3672//1425
f 3674//1429 3687//1430 3686//1428
f 3674//1429 3686//1428 3673//1427
f 3675//1431 3688//1432 3687//1430
f 3675//1431 3687//1430 3674//1429
f 3662//1433 3661//1433 3688//1432
f 3662//1433 3688//1432 3675//1431
f 3715//1432 3702//1433 3701//1431
f 3715//1432 3716//1433 3702//1433
f 3714//1430 3701//1431 3700//1429
f 3714//1430 3715//1432 3701//1431
f 3713//1428 3700//1429 3699//1427
f 3713//1428 3714//1430 3700//1429
f 3712//1426 3699//1427 3698//1425
f 3712//1426 3713//1428 3699//1427
f 3711//1424 3698//1425 3697//1423
f 3711//1424 3712//1426 3698//1425
f 3710//1422 3697//1423 3696//1421
f 3710//1422 3711//1424 3697//1423
f 3709//1420 3696//1421 3695//1419
f 3709//1420 3710//1422 3696//1421
f 3708//1418 3695//1419 3694//1417
f 3708//1418 3709//1420 3695//1419
f 3707//1416 3694//1417 3693//1415
f 3707//1416 3708//1418 3694//1417
f 3706//1414 3693//1415 3692//1413
f 3706//1414 3707//1416 3693//1415
f 3705//1412 3692//1413 3691//1411
f 3705//1412 3706//1414 3692//1413
f 3704//1410 3691//1411 3690//1408
f 3704//1410 3705//1412 3691//1411
f 3703//1409 3690//1408 3689//1409
f 3703//1409 3704//1410 3690//1408
f 3744//1434 3718//1435 3717//1435
f 3744//1434 3717//1435 3731//1436
f 3743//1437 3731//1436 3730//1438
f 3743//1437 3744//1434 3731//1436
f 3742//1439 3730//1438 3729//1440
f 3742//1439 3743//1437 3730//1438
f 3741//1441 3729//1440 3728//1442
f 3741//1441 3742//1439 3729//1440
f 3740//1443 3728//1442 3727//1444
f 3740//1443 3741//1441 3728//1442
f 3739//1445 3727//1444 3726//1446
f 3739//1445 3740//1443 3727//1444
f 3738//1447 3726//1446 3725//1448
f 3738//1447 3739//1445 3726//1446
f 3737//1449 3725//1448 3724//1450
f 3737//1449 3738//1447 3725//1448
f 3736//1451 3724//1450 3723//1452
f 3736//1451 3737//1449 3724//1450
f 3735//1453 3723//1452 3722//1454
f 3735//1453 3736//1451 3723//1452
f 3734//1455 3722//1454 3721//1456
f 3734//1455 3735//1453 3722//1454
f 3733//1457 3721//1456 3720//1458
f 3733//1457 3734//1455 3721//1456
f 3732//1459 3720//1458 3719//1459
f 3732//1459 3733//1457 3720//1458
f 3788//1460 3748//1460 3749//1460
f 3788//1460 3787//1460 3748//1460
f 3786//1460 3747//1460 3748//1460
f 3786//1460 3748//1460 3787//1460
f 3789//1460 3749//1460 3750//1460
f 3789//1460 3788//1460 3749//1460
f 3785//1460 3746//1460 3747//1460
f 3785//1460 3747//1460 3786//1460
f 3790//1460 3750//1460 3751//1460
f 3790//1460 3789//1460 3750//1460
f 3784//1460 3745//1460 3746//1460
f 3784//1460 3746//1460 3785//1460
f 3791//1460 3751//1460 3752//1460
f 3791//1460 3790//1460 3751//1460
f 3783//1460 3770//1460 3745//1460
f 3783//1460 3745//1460 3784//1460
f 3792//1460 3752//1460 3753//1460
f 3792//1460 3791//1460 3752//1460
f 3782//1460 3769//1460 3770//1460
f 3782//1460 3770//1460 3783//1460
f 3793//1460 3753//1460 3754//1460
f 3793//1460 3792//1460 3753//1460
f 3781//1460 3768//1460 3769//1460
f 3781//1460 3769//1460 3782//1460
f 3755//1460 3794//1460 3793//1460
f 3755//1460 3793//1460 3754//1460
f 3767//1460 3768//1460 3781//1460
f 3767//1460 3781//1460 3780//1460
f 3756//1460 3794//1460 3755//1460
f 3756//1460 3795//1460 3794//1460
f 3766//1460 3767//1460 3780//1460
f 3766//1460 3780//1460 3779//1460
f 3757//1460 3795//1460 3756//1460
f 3757//1460 3796//1460 3795//1460
f 3765//1460 3766//1460 3779//1460
f 3765//1460 3779//1460 3778//1460
f 3758//1460 3796//1460 3757//1460
f 3758//1460 3771//1460 3796//1460
f 3764//1460 3778//1460 3777//1460
f 3764//1460 3765//1460 3778//1460
f 3759//1460 3772//1460 3771//1460
f 3759//1460 3771//1460 3758//1460
f 3763//1460 3764//1460 3777//1460
f 3763//1460 3777//1460 3776//1460
f 3760//1460 3773//1460 3772//1460
f 3760//1460 3772//1460 3759//1460
f 3762//1460 3776//1460 3775//1460
f 3762//1460 3763//1460 3776//1460
f 3761//1460 3762//1460 3775//1460
f 3761//1460 3774//1460 3773//1460
f 3761//1460 3775//1460 3774//1460
f 3761//1460 3773//1460 3760//1460
f 3800//1461 3798//1461 3797//1461
f 3800//1461 3799//1462 3798//1461
f 3800//1461 3802//1461 3801//1461
f 3800//1461 3803//1461 3802//1461
f 3800//1461 3804//1461 3803//1461
f 3800//1461 3805//1461 3804//1461
f 3800//1461 3806//1461 3805//1461
f 3800//1461 3807//1461 3806//1461
f 3800//1461 3808//1461 3807//1461
f 3800//1461 3809//1461 3808//1461
f 3800//1461 3810//1461 3809//1461
f 3800//1461 3811//1461 3810//1461
f 3800//1461 3812//1461 3811//1461
f 3800//1461 3813//1461 3812//1461
f 3800//1461 3814//1461 3813//1461
f 3800//1461 3815//1461 3814//1461
f 3800//1461 3816//1461 3815//1461
f 3800//1461 3817//1461 3816//1461
f 3800//1461 3818//1461 3817//1461
f 3800//1461 3819//1461 3818//1461
f 3800//1461 3820//1461 3819//1461
f 3800//1461 3821//1461 3820//1461
f 3800//1461 3822//1461 3821//1461
f 3800//1461 3797//1461 3822//1461
f 3824//1458 3837//1459 3823//1459
f 3824//1458 3838//1457 3837//1459
f 3825//1456 3839//1455 3838//1457
f 3825//1456 3838//1457 3824//1458
f 3826//1454 3840//1453 3839//1455
f 3826//1454 3839//1455 3825//1456
f 3827//1452 3841//1451 3840//1453
f 3827//1452 3840//1453 3826//1454
f 3828//1450 3842//1449 3841//1451
f 3828//1450 3841//1451 3827//1452
f 3829//1448 3843//1447 3842//1449
f 3829//1448 3842//1449 3828//1450
f 3830//1446 3844//1445 3843//1447
f 3830//1446 3843//1447 3829//1448
f 3831//1444 3845//1443 3844//1445
f 3831//1444 3844//1445 3830//1446
f 3832//1442 3846//1441 3845//1443
f 3832//1442 3845//1443 3831//1444
f 3833//1440 3847//1463 3846//1441
f 3833//1440 3846//1441 3832//1442
f 3834//1438 3848//1437 3847//1463
f 3834//1438 3847//1463 3833//1440
f 3835//1436 3849//1434 3848//1437
f 3835//1436 3848//1437 3834//1438
f 3836//1435 3850//1435 3849//1434
f 3836//1435 3849//1434 3835//1436
f 3854//1460 3851//1460 3852//1460
f 3854//1460 3852//1460 3853//1464
f 3854//1460 3855//1465 3856//1460
f 3854//1460 3856//1460 3857//1460
f 3854//1460 3857//1460 3858//1460
f 3854//1460 3858//1460 3859//1460
f 3854//1460 3859//1460 3860//1460
f 3854//1460 3860//1460 3861//1460
f 3854//1460 3861//1460 3862//1460
f 3854//1460 3862//1460 3863//1460
f 3854//1460 3863//1460 3864//1460
f 3854//1460 3864//1460 3865//1460
f 3854//1460 3865//1460 3866//1460
f 3854//1460 3866//1460 3867//1460
f 3854//1460 3867//1460 3868//1460
f 3854//1460 3868//1460 3869//1460
f 3854//1460 3869//1460 3870//1460
f 3854//1460 3870//1460 3871//1460
f 3854//1460 3871//1460 3872//1460
f 3854//1460 3872//1460 3873//1460
f 3854//1460 3873//1460 3874//1460
f 3854//1460 3874//1460 3875//1460
f 3854//1460 3875//1460 3876//1460
f 3854//1460 3876//1460 3851//1460
o empty_27
v 0.121293 0.216326 0.097274
v 0.117290 0.216326 0.097274
v 0.121293 -0.203995 0.097274
v 0.117290 -0.203995 0.097274
v 0.121293 -0.203995 0.097274
v 0.117290 -0.203995 0.097274
v 0.121293 -0.203995 -0.097274
v 0.117290 -0.203995 -0.097274
v 0.121293 -0.203995 -0.097274
v 0.117290 -0.203995 -0.097274
v 0.121293 0.216326 -0.097274
v 0.117290 0.216326 -0.097274
v 0.121293 0.216326 -0.097274
v 0.117290 0.216326 -0.097274
v 0.121293 0.216326 0.097274
v 0.117290 0.216326 0.097274
v 0.121293 0.216326 0.097274
v 0.121293 -0.203995 0.097274
v 0.121293 -0.203995 -0.097274
v 0.121293 0.216326 -0.097274
v 0.117290 -0.203995 0.097274
v 0.117290 -0.203995 -0.097274
v 0.117290 0.216326 -0.097274
v 0.117290 0.216326 0.097274
vn -0.0000 -0.0000 1.0000
vn -0.0000 -1.0000 -0.0000
vn -0.0000 -0.0000 -1.0000
vn -0.0000 1.0000 -0.0000
vn 1.0000 -0.0000 -0.0000
vn -1.0000 -0.0000 -0.0000
s 1
usemtl material382
f 3877//1466 3880//1466 3879//1466
f 3877//1466 3878//1466 3880//1466
f 3881//1467 3884//1467 3883//1467
f 3881//1467 3882//1467 3884//1467
f 3885//1468 3888//1468 3887//1468
f 3885//1468 3886//1468 3888//1468
f 3889//1469 3892//1469 3891//1469
f 3889//1469 3890//1469 3892//1469
f 3893//1470 3894//1470 3895//1470
f 3893//1470 3895//1470 3896//1470
f 3900//1471 3898//1471 3897//1471
f 3900//1471 3899//1471 3898//1471
o empty_28
v 0.123695 -0.169969 -0.004003
v 0.121293 -0.169969 -0.004003
v 0.123695 -0.193988 -0.004003
v 0.121293 -0.193988 -0.004003
v 0.123695 -0.193988 -0.004003
v 0.121293 -0.193988 -0.004003
v 0.123695 -0.193988 -0.084064
v 0.121293 -0.193988 -0.084064
v 0.123695 -0.193988 -0.084064
v 0.121293 -0.193988 -0.084064
v 0.123695 -0.169969 -0.084064
v 0.121293 -0.169969 -0.084064
v 0.123695 -0.169969 -0.084064
v 0.121293 -0.169969 -0.084064
v 0.123695 -0.157960 -0.063264
v 0.121293 -0.157960 -0.063264
v 0.123695 -0.157960 -0.063264
v 0.121293 -0.157960 -0.063264
v 0.123695 -0.157960 -0.024804
v 0.121293 -0.157960 -0.024804
v 0.123695 -0.157960 -0.024804
v 0.121293 -0.157960 -0.024804
v 0.123695 -0.169969 -0.004003
v 0.121293 -0.169969 -0.004003
v 0.123695 -0.157960 -0.024804
v 0.123695 -0.169969 -0.004003
v 0.123695 -0.157960 -0.063264
v 0.123695 -0.169969 -0.084064
v 0.123695 -0.193988 -0.084064
v 0.123695 -0.193988 -0.004003
v 0.121293 -0.169969 -0.004003
v 0.121293 -0.193988 -0.004003
v 0.121293 -0.157960 -0.024804
v 0.121293 -0.157960 -0.063264
v 0.121293 -0.169969 -0.084064
v 0.121293 -0.193988 -0.084064
vn -0.0000 -0.0000 1.0000
vn -0.0000 -1.0000 -0.0000
vn -0.0000 -0.0000 -1.0000
vn -0.0000 0.8660 -0.5000
vn -0.0000 1.0000 -0.0000
vn -0.0000 0.8660 0.5000
vn 1.0000 -0.0000 -0.0000
vn -1.0000 -0.0000 -0.0000
s 1
usemtl material383
f 3901//1472 3904//1472 3903//1472
f 3901//1472 3902//1472 3904//1472
f 3905//1473 3908//1473 3907//1473
f 3905//1473 3906//1473 3908//1473
f 3909//1474 3912//1474 3911//1474
f 3909//1474 3910//1474 3912//1474
f 3913//1475 3916//1475 3915//1475
f 3913//1475 3914//1475 3916//1475
f 3917//1476 3920//1476 3919//1476
f 3917//1476 3918//1476 3920//1476
f 3921//1477 3924//1477 3923//1477
f 3921//1477 3922//1477 3924//1477
f 3929//1478 3928//1478 3927//1478
f 3930//1478 3925//1478 3926//1478
f 3930//1478 3927//1478 3925//1478
f 3930//1478 3929//1478 3927//1478
f 3936//1479 3934//1479 3935//1479
f 3932//1479 3931//1479 3933//1479
f 3932//1479 3933//1479 3934//1479
f 3932//1479 3934//1479 3936//1479
o empty_29
v 0.123695 -0.169969 0.084064
v 0.121293 -0.169969 0.084064
v 0.123695 -0.193988 0.084064
v 0.121293 -0.193988 0.084064
v 0.123695 -0.193988 0.084064
v 0.121293 -0.193988 0.084064
v 0.123695 -0.193988 0.004003
v 0.121293 -0.193988 0.004003
v 0.123695 -0.193988 0.004003
v 0.121293 -0.193988 0.004003
v 0.123695 -0.169969 0.004003
v 0.121293 -0.169969 0.004003
v 0.123695 -0.169969 0.004003
v 0.121293 -0.169969 0.004003
v 0.123695 -0.157960 0.024804
v 0.121293 -0.157960 0.024804
v 0.123695 -0.157960 0.024804
v 0.121293 -0.157960 0.024804
v 0.123695 -0.157960 0.063264
v 0.121293 -0.157960 0.063264
v 0.123695 -0.157960 0.063264
v 0.121293 -0.157960 0.063264
v 0.123695 -0.169969 0.084064
v 0.121293 -0.169969 0.084064
v 0.123695 -0.157960 0.063264
v 0.123695 -0.169969 0.084064
v 0.123695 -0.157960 0.024804
v 0.123695 -0.169969 0.004003
v 0.123695 -0.193988 0.004003
v 0.123695 -0.193988 0.084064
v 0.121293 -0.169969 0.084064
v 0.121293 -0.193988 0.084064
v 0.121293 -0.157960 0.063264
v 0.121293 -0.157960 0.024804
v 0.121293 -0.169969 0.004003
v 0.121293 -0.193988 0.004003
vn -0.0000 -0.0000 1.0000
vn -0.0000 -1.0000 -0.0000
vn -0.0000 -0.0000 -1.0000
vn -0.0000 0.8660 -0.5000
vn -0.0000 1.0000 -0.0000
vn -0.0000 0.8660 0.5000
vn 1.0000 -0.0000 -0.0000
vn -1.0000 -0.0000 -0.0000
s 1
usemtl material384
f 3937//1480 3940//1480 3939//1480
f 3937//1480 3938//1480 3940//1480
f 3941//1481 3944//1481 3943//1481
f 3941//1481 3942//1481 3944//1481
f 3945//1482 3948//1482 3947//1482
f 3945//1482 3946//1482 3948//1482
f 3949//1483 3952//1483 3951//1483
f 3949//1483 3950//1483 3952//1483
f 3953//1484 3956//1484 3955//1484
f 3953//1484 3954//1484 3956//1484
f 3957//1485 3960//1485 3959//1485
f 3957//1485 3958//1485 3960//1485
f 3965//1486 3964//1486 3963//1486
f 3966//1486 3961//1486 3962//1486
f 3966//1486 3963//1486 3961//1486
f 3966//1486 3965//1486 3963//1486
f 3972//1487 3970//1487 3971//1487
f 3968//1487 3967//1487 3969//1487
f 3968//1487 3969//1487 3970//1487
f 3968//1487 3970//1487 3972//1487
o empty_3
v -0.103928 -0.207198 0.012014
v -0.103928 -0.203995 0.012014
v -0.103897 -0.203995 0.014310
v -0.104303 -0.203995 0.016570
v -0.105131 -0.203995 0.018711
v -0.106352 -0.203995 0.020655
v -0.106352 -0.207198 0.020655
v -0.105131 -0.207198 0.018711
v -0.104303 -0.207198 0.016570
v -0.103897 -0.207198 0.014310
v -0.044189 -0.207198 -0.062682
v -0.044189 -0.203995 -0.062682
v -0.044646 -0.203995 -0.060639
v -0.045450 -0.203995 -0.058707
v -0.046578 -0.203995 -0.056943
v -0.046578 -0.207198 -0.056943
v -0.045450 -0.207198 -0.058707
v -0.044646 -0.207198 -0.060639
v -0.086862 0.097035 -0.026152
v -0.086862 -0.207198 -0.026152
v -0.095133 -0.207198 0.021670
v -0.097074 -0.207198 0.013491
v -0.097672 -0.207198 0.005107
v -0.096913 -0.207198 -0.003265
v -0.094817 -0.207198 -0.011405
v -0.091437 -0.207198 -0.019101
v -0.095133 -0.203995 0.021670
v -0.092083 -0.203995 0.029072
v -0.093226 -0.203995 0.026658
v -0.094243 -0.203995 0.024188
v -0.092083 -0.207198 0.029072
v -0.006973 -0.207198 0.040438
v -0.013686 -0.207198 0.046682
v -0.021390 -0.207198 0.051651
v -0.029847 -0.207198 0.055191
v -0.038794 -0.207198 0.057192
v -0.047953 -0.207198 0.057592
v -0.057040 -0.207198 0.056379
v -0.065774 -0.207198 0.053589
v -0.073882 -0.207198 0.049311
v -0.081113 -0.207198 0.043675
v -0.087244 -0.207198 0.036859
v -0.006973 -0.203995 0.040438
v -0.004408 -0.203995 0.037361
v -0.005237 -0.203995 0.038409
v -0.006092 -0.203995 0.039434
v -0.004408 0.097035 0.037361
v -0.010945 0.097035 0.044396
v -0.018664 0.097035 0.050109
v -0.027301 0.097035 0.054307
v -0.036562 0.097035 0.056847
v -0.046133 0.097035 0.057642
v -0.055686 0.097035 0.056664
v -0.064897 0.097035 0.053948
v -0.073452 0.097035 0.049585
v -0.081060 0.097035 0.043725
v -0.087462 0.097035 0.036567
v -0.092439 0.097035 0.028354
v -0.095822 0.097035 0.019366
v -0.097496 0.097035 0.009910
v -0.097404 0.097035 0.000307
v -0.095550 0.097035 -0.009115
v -0.091995 0.097035 -0.018036
v -0.044166 -0.203995 -0.062856
v -0.043876 -0.203995 -0.064149
v -0.043367 -0.203995 -0.065373
v -0.042652 -0.203995 -0.066490
v -0.042652 -0.207198 -0.066490
v -0.044166 -0.207198 -0.062856
v -0.043876 -0.207198 -0.064149
v -0.043367 -0.207198 -0.065373
v -0.105658 -0.203995 0.038562
v -0.107397 -0.203995 0.039047
v -0.109202 -0.203995 0.039108
v -0.110971 -0.203995 0.038742
v -0.112603 -0.203995 0.037969
v -0.114007 -0.203995 0.036833
v -0.115103 -0.203995 0.035398
v -0.115831 -0.203995 0.033745
v -0.116148 -0.203995 0.031968
v -0.116038 -0.203995 0.030165
v -0.115505 -0.203995 0.028440
v -0.114581 -0.203995 0.026888
v -0.114581 -0.207198 0.026888
v -0.105658 -0.207198 0.038562
v -0.107397 -0.207198 0.039047
v -0.109202 -0.207198 0.039108
v -0.110971 -0.207198 0.038742
v -0.112603 -0.207198 0.037969
v -0.114007 -0.207198 0.036833
v -0.115103 -0.207198 0.035398
v -0.115831 -0.207198 0.033745
v -0.116148 -0.207198 0.031968
v -0.116038 -0.207198 0.030165
v -0.115505 -0.207198 0.028440
v -0.092094 -0.207198 -0.030183
v -0.086090 -0.207198 -0.036853
v -0.079138 -0.207198 -0.042528
v -0.071402 -0.207198 -0.047076
v -0.063063 -0.207198 -0.050391
v -0.054315 -0.207198 -0.052395
v -0.092094 0.104240 -0.030183
v -0.085570 0.104240 -0.037342
v -0.077957 0.104240 -0.043329
v -0.069462 0.104240 -0.047982
v -0.060317 0.104240 -0.051173
v -0.050771 0.104240 -0.052815
v -0.041086 0.104240 -0.052864
v -0.031524 0.104240 -0.051318
v -0.022348 0.104240 -0.048219
v -0.013806 0.104240 -0.043652
v -0.006133 0.104240 -0.037741
v 0.000462 0.104240 -0.030648
v 0.005801 0.104240 -0.022567
v 0.009736 0.104240 -0.013716
v 0.012161 0.104240 -0.004339
v 0.013009 0.104240 0.005309
v 0.012258 0.104240 0.014966
v 0.009927 0.104240 0.024367
v 0.006081 0.104240 0.033257
v 0.000825 0.104240 0.041392
v 0.000825 -0.203995 0.041392
v 0.003971 -0.203995 0.036884
v 0.006682 -0.203995 0.032102
v 0.008934 -0.203995 0.027087
v 0.008934 -0.207198 0.027087
v -0.022039 -0.207198 -0.048084
v -0.013287 -0.207198 -0.043312
v -0.005469 -0.207198 -0.037126
v 0.001188 -0.207198 -0.029706
v 0.006492 -0.207198 -0.021265
v 0.010290 -0.207198 -0.012048
v 0.012472 -0.207198 -0.002320
v 0.012975 -0.207198 0.007636
v 0.011784 -0.207198 0.017534
v -0.022039 -0.203995 -0.048084
v -0.029799 -0.203995 -0.050862
v -0.037872 -0.203995 -0.052524
v -0.046098 -0.203995 -0.053039
v -0.054315 -0.203995 -0.052395
v -0.069056 -0.203995 0.010925
v -0.069653 -0.203995 0.005687
v -0.069093 -0.203995 0.000445
v -0.067402 -0.203995 -0.004548
v -0.064663 -0.203995 -0.009053
v -0.064663 -0.207198 -0.009053
v -0.069056 -0.207198 0.010925
v -0.069653 -0.207198 0.005687
v -0.069093 -0.207198 0.000445
v -0.067402 -0.207198 -0.004548
v -0.066006 -0.203995 0.018328
v -0.066006 -0.207198 0.018328
v -0.029316 -0.207198 0.023227
v -0.033554 -0.207198 0.026363
v -0.038374 -0.207198 0.028499
v -0.043544 -0.207198 0.029531
v -0.048814 -0.207198 0.029411
v -0.053932 -0.207198 0.028144
v -0.058649 -0.207198 0.025791
v -0.062740 -0.207198 0.022466
v -0.029316 -0.203995 0.023227
v -0.033554 -0.203995 0.026363
v -0.038374 -0.203995 0.028499
v -0.043544 -0.203995 0.029531
v -0.048814 -0.203995 0.029411
v -0.053932 -0.203995 0.028144
v -0.058649 -0.203995 0.025791
v -0.062740 -0.203995 0.022466
v -0.064663 -0.203995 -0.009053
v -0.064663 -0.207198 -0.009053
v -0.061007 -0.203995 -0.012851
v -0.056610 -0.203995 -0.015760
v -0.051685 -0.203995 -0.017640
v -0.046468 -0.203995 -0.018400
v -0.046468 -0.207198 -0.018400
v -0.061007 -0.207198 -0.012851
v -0.056610 -0.207198 -0.015760
v -0.051685 -0.207198 -0.017640
v -0.092094 -0.207198 -0.030183
v -0.092094 0.104240 -0.030183
v -0.103928 -0.207198 0.012014
v -0.104224 -0.207198 0.003045
v -0.103147 -0.207198 -0.005865
v -0.100724 -0.207198 -0.014505
v -0.097011 -0.207198 -0.022675
v -0.103928 -0.203995 0.012014
v -0.102454 -0.203995 0.020123
v -0.099857 -0.203995 0.027946
v -0.096190 -0.203995 0.035327
v -0.091523 -0.203995 0.042121
v -0.091523 -0.207198 0.042121
v -0.010937 -0.207198 0.052883
v -0.019446 -0.207198 0.058077
v -0.028712 -0.207198 0.061754
v -0.038467 -0.207198 0.063809
v -0.048429 -0.207198 0.064183
v -0.058310 -0.207198 0.062863
v -0.067826 -0.207198 0.059889
v -0.076699 -0.207198 0.055346
v -0.084675 -0.207198 0.049366
v -0.010937 -0.203995 0.052883
v -0.006662 -0.203995 0.049426
v -0.002730 -0.203995 0.045585
v 0.000825 -0.203995 0.041392
v 0.000825 0.104240 0.041392
v -0.005699 0.104240 0.048550
v -0.013313 0.104240 0.054538
v -0.021808 0.104240 0.059191
v -0.030953 0.104240 0.062381
v -0.040498 0.104240 0.064024
v -0.050184 0.104240 0.064072
v -0.059745 0.104240 0.062526
v -0.068922 0.104240 0.059427
v -0.077463 0.104240 0.054860
v -0.085137 0.104240 0.048950
v -0.091732 0.104240 0.041857
v -0.097071 0.104240 0.033775
v -0.101006 0.104240 0.024925
v -0.103431 0.104240 0.015548
v -0.104279 0.104240 0.005899
v -0.103528 0.104240 -0.003757
v -0.101197 0.104240 -0.013159
v -0.097351 0.104240 -0.022048
v 0.003636 -0.207198 0.053158
v 0.003497 -0.207198 0.053051
v 0.001299 -0.207198 0.051707
v -0.001134 -0.207198 0.050862
v -0.003692 -0.207198 0.050556
v -0.006256 -0.207198 0.050803
v -0.008709 -0.207198 0.051590
v -0.010937 -0.207198 0.052883
v -0.019446 -0.207198 0.058077
v -0.028712 -0.207198 0.061754
v -0.038467 -0.207198 0.063809
v -0.048429 -0.207198 0.064183
v -0.058310 -0.207198 0.062863
v -0.067826 -0.207198 0.059889
v -0.076699 -0.207198 0.055346
v -0.084675 -0.207198 0.049366
v -0.091523 -0.207198 0.042121
v -0.093334 -0.207198 0.040289
v -0.095494 -0.207198 0.038885
v -0.097904 -0.207198 0.037974
v -0.100452 -0.207198 0.037598
v -0.103022 -0.207198 0.037775
v -0.105496 -0.207198 0.038495
v -0.105658 -0.207198 0.038562
v -0.107397 -0.207198 0.039047
v -0.109202 -0.207198 0.039108
v -0.110971 -0.207198 0.038742
v -0.112603 -0.207198 0.037969
v -0.114007 -0.207198 0.036833
v -0.115103 -0.207198 0.035398
v -0.115831 -0.207198 0.033745
v -0.116148 -0.207198 0.031968
v -0.116038 -0.207198 0.030165
v -0.115505 -0.207198 0.028440
v -0.114581 -0.207198 0.026888
v -0.113683 -0.207198 0.025912
v -0.112630 -0.207198 0.025107
v -0.111453 -0.207198 0.024497
v -0.111291 -0.207198 0.024430
v -0.109432 -0.207198 0.023467
v -0.107769 -0.207198 0.022196
v -0.106352 -0.207198 0.020655
v -0.105131 -0.207198 0.018711
v -0.104303 -0.207198 0.016570
v -0.103897 -0.207198 0.014310
v -0.103928 -0.207198 0.012014
v -0.104224 -0.207198 0.003045
v -0.103147 -0.207198 -0.005865
v -0.100724 -0.207198 -0.014505
v -0.097011 -0.207198 -0.022675
v -0.092094 -0.207198 -0.030183
v -0.086090 -0.207198 -0.036853
v -0.079138 -0.207198 -0.042528
v -0.071402 -0.207198 -0.047076
v -0.063063 -0.207198 -0.050391
v -0.054315 -0.207198 -0.052395
v -0.052087 -0.207198 -0.052950
v -0.050006 -0.207198 -0.053919
v -0.048147 -0.207198 -0.055267
v -0.046578 -0.207198 -0.056943
v -0.045450 -0.207198 -0.058707
v -0.044646 -0.207198 -0.060639
v -0.044189 -0.207198 -0.062682
v -0.044166 -0.207198 -0.062856
v -0.043876 -0.207198 -0.064149
v -0.043367 -0.207198 -0.065373
v -0.042652 -0.207198 -0.066490
v -0.041388 -0.207198 -0.067780
v -0.039856 -0.207198 -0.068735
v -0.038141 -0.207198 -0.069302
v -0.036341 -0.207198 -0.069449
v -0.034557 -0.207198 -0.069168
v -0.032890 -0.207198 -0.068474
v -0.031434 -0.207198 -0.067406
v -0.030270 -0.207198 -0.066025
v -0.029464 -0.207198 -0.064409
v -0.029063 -0.207198 -0.062648
v -0.029088 -0.207198 -0.060842
v -0.029111 -0.207198 -0.060668
v -0.029176 -0.207198 -0.058093
v -0.028691 -0.207198 -0.055563
v -0.027677 -0.207198 -0.053195
v -0.026181 -0.207198 -0.051098
v -0.024273 -0.207198 -0.049368
v -0.022039 -0.207198 -0.048084
v -0.013287 -0.207198 -0.043312
v -0.005469 -0.207198 -0.037126
v 0.001188 -0.207198 -0.029706
v 0.006492 -0.207198 -0.021265
v 0.010290 -0.207198 -0.012048
v 0.012472 -0.207198 -0.002320
v 0.012975 -0.207198 0.007636
v 0.011784 -0.207198 0.017534
v 0.008934 -0.207198 0.027087
v 0.008253 -0.207198 0.029571
v 0.008117 -0.207198 0.032143
v 0.008533 -0.207198 0.034686
v 0.009482 -0.207198 0.037080
v 0.010919 -0.207198 0.039218
v 0.012780 -0.207198 0.041000
v 0.012919 -0.207198 0.041107
v 0.014226 -0.207198 0.042393
v 0.015187 -0.207198 0.043954
v 0.015747 -0.207198 0.045700
v 0.015873 -0.207198 0.047529
v 0.015557 -0.207198 0.049335
v 0.014818 -0.207198 0.051013
v 0.013699 -0.207198 0.052466
v 0.012265 -0.207198 0.053609
v 0.010599 -0.207198 0.054375
v 0.008799 -0.207198 0.054720
v 0.006968 -0.207198 0.054624
v 0.005213 -0.207198 0.054093
v -0.006973 -0.207198 0.040438
v -0.029316 -0.207198 0.023227
v -0.033554 -0.207198 0.026363
v -0.038374 -0.207198 0.028499
v -0.043544 -0.207198 0.029531
v -0.048814 -0.207198 0.029411
v -0.053932 -0.207198 0.028144
v -0.058649 -0.207198 0.025791
v -0.062740 -0.207198 0.022466
v -0.066006 -0.207198 0.018328
v -0.092083 -0.207198 0.029072
v -0.013686 -0.207198 0.046682
v -0.021390 -0.207198 0.051651
v -0.029847 -0.207198 0.055191
v -0.038794 -0.207198 0.057192
v -0.047953 -0.207198 0.057592
v -0.057040 -0.207198 0.056379
v -0.065774 -0.207198 0.053589
v -0.073882 -0.207198 0.049311
v -0.081113 -0.207198 0.043675
v -0.087244 -0.207198 0.036859
v -0.095133 -0.207198 0.021670
v -0.097074 -0.207198 0.013491
v -0.097672 -0.207198 0.005107
v -0.096913 -0.207198 -0.003265
v -0.094817 -0.207198 -0.011405
v -0.091437 -0.207198 -0.019101
v -0.086862 -0.207198 -0.026152
v -0.069056 -0.207198 0.010925
v -0.069653 -0.207198 0.005687
v -0.069093 -0.207198 0.000445
v -0.067402 -0.207198 -0.004548
v -0.064663 -0.207198 -0.009053
v -0.061007 -0.207198 -0.012851
v -0.056610 -0.207198 -0.015760
v -0.051685 -0.207198 -0.017640
v -0.046468 -0.207198 -0.018400
v -0.042734 -0.207198 -0.046355
v -0.081211 -0.207198 -0.032375
v -0.074633 -0.207198 -0.037608
v -0.067297 -0.207198 -0.041712
v -0.059397 -0.207198 -0.044583
v -0.051137 -0.207198 -0.046144
v -0.038532 -0.207198 -0.017340
v -0.033698 -0.207198 -0.015238
v -0.029438 -0.207198 -0.012131
v -0.025959 -0.207198 -0.008170
v -0.023428 -0.207198 -0.003546
v -0.021966 -0.207198 0.001520
v -0.021645 -0.207198 0.006782
v -0.022480 -0.207198 0.011987
v -0.024430 -0.207198 0.016885
v -0.002087 -0.207198 0.034096
v -0.034799 -0.207198 -0.045295
v -0.026035 -0.207198 -0.042603
v -0.017879 -0.207198 -0.038416
v -0.010585 -0.207198 -0.032862
v -0.004379 -0.207198 -0.026114
v 0.000547 -0.207198 -0.018382
v 0.004040 -0.207198 -0.009906
v 0.005991 -0.207198 -0.000948
v 0.006339 -0.207198 0.008214
v 0.005075 -0.207198 0.017294
v 0.002237 -0.207198 0.026011
v -0.092094 0.104240 -0.030183
v -0.085570 0.104240 -0.037342
v -0.077957 0.104240 -0.043329
v -0.069462 0.104240 -0.047982
v -0.060317 0.104240 -0.051173
v -0.050771 0.104240 -0.052815
v -0.041086 0.104240 -0.052864
v -0.031524 0.104240 -0.051318
v -0.022348 0.104240 -0.048219
v -0.013806 0.104240 -0.043652
v -0.006133 0.104240 -0.037741
v 0.000462 0.104240 -0.030648
v 0.005801 0.104240 -0.022567
v 0.009736 0.104240 -0.013716
v 0.012161 0.104240 -0.004339
v 0.013009 0.104240 0.005309
v 0.012258 0.104240 0.014966
v 0.009927 0.104240 0.024367
v 0.006081 0.104240 0.033257
v 0.000825 0.104240 0.041392
v -0.005699 0.104240 0.048550
v -0.013313 0.104240 0.054538
v -0.021808 0.104240 0.059191
v -0.030953 0.104240 0.062381
v -0.040498 0.104240 0.064024
v -0.050184 0.104240 0.064072
v -0.059745 0.104240 0.062526
v -0.068922 0.104240 0.059427
v -0.077463 0.104240 0.054860
v -0.085137 0.104240 0.048950
v -0.091732 0.104240 0.041857
v -0.097071 0.104240 0.033775
v -0.101006 0.104240 0.024925
v -0.103431 0.104240 0.015548
v -0.104279 0.104240 0.005899
v -0.103528 0.104240 -0.003757
v -0.101197 0.104240 -0.013159
v -0.097351 0.104240 -0.022048
v 0.012919 -0.207198 0.041107
v 0.014226 -0.207198 0.042393
v 0.015187 -0.207198 0.043954
v 0.015747 -0.207198 0.045700
v 0.015873 -0.207198 0.047529
v 0.015557 -0.207198 0.049335
v 0.014818 -0.207198 0.051013
v 0.013699 -0.207198 0.052466
v 0.012265 -0.207198 0.053609
v 0.010599 -0.207198 0.054375
v 0.008799 -0.207198 0.054720
v 0.006968 -0.207198 0.054624
v 0.005213 -0.207198 0.054093
v 0.003636 -0.207198 0.053158
v 0.012919 -0.203995 0.041107
v 0.014226 -0.203995 0.042393
v 0.015187 -0.203995 0.043954
v 0.015747 -0.203995 0.045700
v 0.015873 -0.203995 0.047529
v 0.015557 -0.203995 0.049335
v 0.014818 -0.203995 0.051013
v 0.013699 -0.203995 0.052466
v 0.012265 -0.203995 0.053609
v 0.010599 -0.203995 0.054375
v 0.008799 -0.203995 0.054720
v 0.006968 -0.203995 0.054624
v 0.005213 -0.203995 0.054093
v 0.003636 -0.203995 0.053158
v 0.012780 -0.207198 0.041000
v 0.012919 -0.207198 0.041107
v 0.012780 -0.203995 0.041000
v 0.012919 -0.203995 0.041107
v 0.003636 -0.203995 0.053158
v 0.003497 -0.203995 0.053051
v 0.003497 -0.207198 0.053051
v 0.003636 -0.207198 0.053158
v 0.012919 -0.203995 0.041107
v 0.014226 -0.203995 0.042393
v 0.015187 -0.203995 0.043954
v 0.015747 -0.203995 0.045700
v 0.015873 -0.203995 0.047529
v 0.015557 -0.203995 0.049335
v 0.014818 -0.203995 0.051013
v 0.013699 -0.203995 0.052466
v 0.012265 -0.203995 0.053609
v 0.010599 -0.203995 0.054375
v 0.008799 -0.203995 0.054720
v 0.006968 -0.203995 0.054624
v 0.005213 -0.203995 0.054093
v 0.003636 -0.203995 0.053158
v 0.012780 -0.203995 0.041000
v 0.010919 -0.203995 0.039218
v 0.009482 -0.203995 0.037080
v 0.008533 -0.203995 0.034686
v 0.008117 -0.203995 0.032143
v 0.008253 -0.203995 0.029571
v 0.008934 -0.203995 0.027087
v 0.000825 -0.203995 0.041392
v 0.003971 -0.203995 0.036884
v 0.006682 -0.203995 0.032102
v -0.010937 -0.203995 0.052883
v -0.006662 -0.203995 0.049426
v -0.002730 -0.203995 0.045585
v -0.008709 -0.203995 0.051590
v -0.006256 -0.203995 0.050803
v -0.003692 -0.203995 0.050556
v -0.001134 -0.203995 0.050862
v 0.001299 -0.203995 0.051707
v 0.003497 -0.203995 0.053051
v -0.114581 -0.203995 0.026888
v -0.114581 -0.207198 0.026888
v -0.113683 -0.203995 0.025912
v -0.112630 -0.203995 0.025107
v -0.111453 -0.203995 0.024497
v -0.111453 -0.207198 0.024497
v -0.113683 -0.207198 0.025912
v -0.112630 -0.207198 0.025107
v -0.105496 -0.207198 0.038495
v -0.105658 -0.207198 0.038562
v -0.105496 -0.203995 0.038495
v -0.105658 -0.203995 0.038562
v -0.111453 -0.203995 0.024497
v -0.111291 -0.203995 0.024430
v -0.111291 -0.207198 0.024430
v -0.111453 -0.207198 0.024497
v -0.105658 -0.203995 0.038562
v -0.107397 -0.203995 0.039047
v -0.109202 -0.203995 0.039108
v -0.110971 -0.203995 0.038742
v -0.112603 -0.203995 0.037969
v -0.114007 -0.203995 0.036833
v -0.115103 -0.203995 0.035398
v -0.115831 -0.203995 0.033745
v -0.116148 -0.203995 0.031968
v -0.116038 -0.203995 0.030165
v -0.115505 -0.203995 0.028440
v -0.114581 -0.203995 0.026888
v -0.105496 -0.203995 0.038495
v -0.103022 -0.203995 0.037775
v -0.100452 -0.203995 0.037598
v -0.097904 -0.203995 0.037974
v -0.095494 -0.203995 0.038885
v -0.093334 -0.203995 0.040289
v -0.091523 -0.203995 0.042121
v -0.103928 -0.203995 0.012014
v -0.102454 -0.203995 0.020123
v -0.099857 -0.203995 0.027946
v -0.096190 -0.203995 0.035327
v -0.103897 -0.203995 0.014310
v -0.104303 -0.203995 0.016570
v -0.105131 -0.203995 0.018711
v -0.106352 -0.203995 0.020655
v -0.107769 -0.203995 0.022196
v -0.109432 -0.203995 0.023467
v -0.111291 -0.203995 0.024430
v -0.111453 -0.203995 0.024497
v -0.113683 -0.203995 0.025912
v -0.112630 -0.203995 0.025107
v -0.042652 -0.203995 -0.066490
v -0.042652 -0.207198 -0.066490
v -0.041388 -0.203995 -0.067780
v -0.039856 -0.203995 -0.068735
v -0.038141 -0.203995 -0.069302
v -0.036341 -0.203995 -0.069449
v -0.034557 -0.203995 -0.069168
v -0.032890 -0.203995 -0.068474
v -0.031434 -0.203995 -0.067406
v -0.030270 -0.203995 -0.066025
v -0.029464 -0.203995 -0.064409
v -0.029063 -0.203995 -0.062648
v -0.029088 -0.203995 -0.060842
v -0.029088 -0.207198 -0.060842
v -0.041388 -0.207198 -0.067780
v -0.039856 -0.207198 -0.068735
v -0.038141 -0.207198 -0.069302
v -0.036341 -0.207198 -0.069449
v -0.034557 -0.207198 -0.069168
v -0.032890 -0.207198 -0.068474
v -0.031434 -0.207198 -0.067406
v -0.030270 -0.207198 -0.066025
v -0.029464 -0.207198 -0.064409
v -0.029063 -0.207198 -0.062648
v -0.044189 -0.207198 -0.062682
v -0.044166 -0.207198 -0.062856
v -0.044189 -0.203995 -0.062682
v -0.044166 -0.203995 -0.062856
v -0.029088 -0.203995 -0.060842
v -0.029111 -0.203995 -0.060668
v -0.029111 -0.207198 -0.060668
v -0.029088 -0.207198 -0.060842
v -0.044166 -0.203995 -0.062856
v -0.043876 -0.203995 -0.064149
v -0.043367 -0.203995 -0.065373
v -0.042652 -0.203995 -0.066490
v -0.044189 -0.203995 -0.062682
v -0.044646 -0.203995 -0.060639
v -0.045450 -0.203995 -0.058707
v -0.046578 -0.203995 -0.056943
v -0.048147 -0.203995 -0.055267
v -0.050006 -0.203995 -0.053919
v -0.052087 -0.203995 -0.052950
v -0.054315 -0.203995 -0.052395
v -0.022039 -0.203995 -0.048084
v -0.029799 -0.203995 -0.050862
v -0.037872 -0.203995 -0.052524
v -0.046098 -0.203995 -0.053039
v -0.024273 -0.203995 -0.049368
v -0.026181 -0.203995 -0.051098
v -0.027677 -0.203995 -0.053195
v -0.028691 -0.203995 -0.055563
v -0.029176 -0.203995 -0.058093
v -0.029111 -0.203995 -0.060668
v -0.029088 -0.203995 -0.060842
v -0.041388 -0.203995 -0.067780
v -0.039856 -0.203995 -0.068735
v -0.038141 -0.203995 -0.069302
v -0.036341 -0.203995 -0.069449
v -0.034557 -0.203995 -0.069168
v -0.032890 -0.203995 -0.068474
v -0.031434 -0.203995 -0.067406
v -0.030270 -0.203995 -0.066025
v -0.029464 -0.203995 -0.064409
v -0.029063 -0.203995 -0.062648
v -0.002087 -0.203995 0.034096
v -0.002833 -0.203995 0.035204
v -0.003607 -0.203995 0.036292
v -0.004408 -0.203995 0.037361
v -0.002087 -0.207198 0.034096
v -0.034799 -0.207198 -0.045295
v -0.026035 -0.207198 -0.042603
v -0.017879 -0.207198 -0.038416
v -0.010585 -0.207198 -0.032862
v -0.004379 -0.207198 -0.026114
v 0.000547 -0.207198 -0.018382
v 0.004040 -0.207198 -0.009906
v 0.005991 -0.207198 -0.000948
v 0.006339 -0.207198 0.008214
v 0.005075 -0.207198 0.017294
v 0.002237 -0.207198 0.026011
v -0.034799 -0.203995 -0.045295
v -0.042734 -0.203995 -0.046355
v -0.040072 -0.203995 -0.046137
v -0.037425 -0.203995 -0.045784
v -0.042734 -0.207198 -0.046355
v -0.086862 -0.207198 -0.026152
v -0.081211 -0.207198 -0.032375
v -0.074633 -0.207198 -0.037608
v -0.067297 -0.207198 -0.041712
v -0.059397 -0.207198 -0.044583
v -0.051137 -0.207198 -0.046144
v -0.086862 0.097035 -0.026152
v -0.080325 0.097035 -0.033187
v -0.072606 0.097035 -0.038901
v -0.063969 0.097035 -0.043099
v -0.054708 0.097035 -0.045639
v -0.045137 0.097035 -0.046433
v -0.035584 0.097035 -0.045456
v -0.026373 0.097035 -0.042739
v -0.017818 0.097035 -0.038377
v -0.010210 0.097035 -0.032517
v -0.003808 0.097035 -0.025358
v 0.001169 0.097035 -0.017145
v 0.004552 0.097035 -0.008158
v 0.006226 0.097035 0.001298
v 0.006135 0.097035 0.010901
v 0.004280 0.097035 0.020324
v 0.000725 0.097035 0.029245
v -0.004408 0.097035 0.037361
v -0.086862 0.097035 -0.026152
v -0.080325 0.097035 -0.033187
v -0.072606 0.097035 -0.038901
v -0.063969 0.097035 -0.043099
v -0.054708 0.097035 -0.045639
v -0.045137 0.097035 -0.046433
v -0.035584 0.097035 -0.045456
v -0.026373 0.097035 -0.042739
v -0.017818 0.097035 -0.038377
v -0.010210 0.097035 -0.032517
v -0.003808 0.097035 -0.025358
v 0.001169 0.097035 -0.017145
v 0.004552 0.097035 -0.008158
v 0.006226 0.097035 0.001298
v 0.006135 0.097035 0.010901
v 0.004280 0.097035 0.020324
v 0.000725 0.097035 0.029245
v -0.004408 0.097035 0.037361
v -0.010945 0.097035 0.044396
v -0.018664 0.097035 0.050109
v -0.027301 0.097035 0.054307
v -0.036562 0.097035 0.056847
v -0.046133 0.097035 0.057642
v -0.055686 0.097035 0.056664
v -0.064897 0.097035 0.053948
v -0.073452 0.097035 0.049585
v -0.081060 0.097035 0.043725
v -0.087462 0.097035 0.036567
v -0.092439 0.097035 0.028354
v -0.095822 0.097035 0.019366
v -0.097496 0.097035 0.009910
v -0.097404 0.097035 0.000307
v -0.095550 0.097035 -0.009115
v -0.091995 0.097035 -0.018036
v -0.024430 -0.207198 0.016885
v -0.002087 -0.207198 0.034096
v -0.024430 -0.203995 0.016885
v -0.002087 -0.203995 0.034096
v -0.038532 -0.203995 -0.017340
v -0.038532 -0.207198 -0.017340
v -0.033698 -0.203995 -0.015238
v -0.029438 -0.203995 -0.012131
v -0.025959 -0.203995 -0.008170
v -0.023428 -0.203995 -0.003546
v -0.021966 -0.203995 0.001520
v -0.021645 -0.203995 0.006782
v -0.022480 -0.203995 0.011987
v -0.024430 -0.203995 0.016885
v -0.024430 -0.207198 0.016885
v -0.033698 -0.207198 -0.015238
v -0.029438 -0.207198 -0.012131
v -0.025959 -0.207198 -0.008170
v -0.023428 -0.207198 -0.003546
v -0.021966 -0.207198 0.001520
v -0.021645 -0.207198 0.006782
v -0.022480 -0.207198 0.011987
v -0.006973 -0.207198 0.040438
v -0.029316 -0.207198 0.023227
v -0.006973 -0.203995 0.040438
v -0.029316 -0.203995 0.023227
v -0.024430 -0.203995 0.016885
v -0.002087 -0.203995 0.034096
v -0.038532 -0.203995 -0.017340
v -0.033698 -0.203995 -0.015238
v -0.029438 -0.203995 -0.012131
v -0.025959 -0.203995 -0.008170
v -0.023428 -0.203995 -0.003546
v -0.021966 -0.203995 0.001520
v -0.021645 -0.203995 0.006782
v -0.022480 -0.203995 0.011987
v -0.034799 -0.203995 -0.045295
v -0.042734 -0.203995 -0.046355
v -0.040072 -0.203995 -0.046137
v -0.037425 -0.203995 -0.045784
v -0.046468 -0.203995 -0.018400
v -0.064663 -0.203995 -0.009053
v -0.061007 -0.203995 -0.012851
v -0.056610 -0.203995 -0.015760
v -0.051685 -0.203995 -0.017640
v -0.069056 -0.203995 0.010925
v -0.069653 -0.203995 0.005687
v -0.069093 -0.203995 0.000445
v -0.067402 -0.203995 -0.004548
v -0.095133 -0.203995 0.021670
v -0.092083 -0.203995 0.029072
v -0.093226 -0.203995 0.026658
v -0.094243 -0.203995 0.024188
v -0.066006 -0.203995 0.018328
v -0.029316 -0.203995 0.023227
v -0.033554 -0.203995 0.026363
v -0.038374 -0.203995 0.028499
v -0.043544 -0.203995 0.029531
v -0.048814 -0.203995 0.029411
v -0.053932 -0.203995 0.028144
v -0.058649 -0.203995 0.025791
v -0.062740 -0.203995 0.022466
v -0.006973 -0.203995 0.040438
v -0.004408 -0.203995 0.037361
v -0.005237 -0.203995 0.038409
v -0.006092 -0.203995 0.039434
v -0.002833 -0.203995 0.035204
v -0.003607 -0.203995 0.036292
v -0.034799 -0.207198 -0.045295
v -0.038532 -0.207198 -0.017340
v -0.034799 -0.203995 -0.045295
v -0.038532 -0.203995 -0.017340
v -0.046468 -0.207198 -0.018400
v -0.042734 -0.207198 -0.046355
v -0.046468 -0.203995 -0.018400
v -0.042734 -0.203995 -0.046355
v -0.066006 -0.207198 0.018328
v -0.092083 -0.207198 0.029072
v -0.066006 -0.203995 0.018328
v -0.092083 -0.203995 0.029072
v -0.095133 -0.207198 0.021670
v -0.069056 -0.207198 0.010925
v -0.095133 -0.203995 0.021670
v -0.069056 -0.203995 0.010925
v -0.029111 -0.203995 -0.060668
v -0.029111 -0.207198 -0.060668
v -0.029176 -0.207198 -0.058093
v -0.028691 -0.207198 -0.055563
v -0.027677 -0.207198 -0.053195
v -0.026181 -0.207198 -0.051098
v -0.024273 -0.207198 -0.049368
v -0.022039 -0.207198 -0.048084
v -0.022039 -0.203995 -0.048084
v -0.024273 -0.203995 -0.049368
v -0.026181 -0.203995 -0.051098
v -0.027677 -0.203995 -0.053195
v -0.028691 -0.203995 -0.055563
v -0.029176 -0.203995 -0.058093
v -0.046578 -0.203995 -0.056943
v -0.048147 -0.203995 -0.055267
v -0.050006 -0.203995 -0.053919
v -0.052087 -0.203995 -0.052950
v -0.054315 -0.203995 -0.052395
v -0.054315 -0.207198 -0.052395
v -0.052087 -0.207198 -0.052950
v -0.050006 -0.207198 -0.053919
v -0.048147 -0.207198 -0.055267
v -0.046578 -0.207198 -0.056943
v -0.106352 -0.203995 0.020655
v -0.107769 -0.203995 0.022196
v -0.109432 -0.203995 0.023467
v -0.111291 -0.203995 0.024430
v -0.111291 -0.207198 0.024430
v -0.109432 -0.207198 0.023467
v -0.107769 -0.207198 0.022196
v -0.106352 -0.207198 0.020655
v -0.091523 -0.203995 0.042121
v -0.091523 -0.207198 0.042121
v -0.093334 -0.207198 0.040289
v -0.095494 -0.207198 0.038885
v -0.097904 -0.207198 0.037974
v -0.100452 -0.207198 0.037598
v -0.103022 -0.207198 0.037775
v -0.105496 -0.207198 0.038495
v -0.105496 -0.203995 0.038495
v -0.103022 -0.203995 0.037775
v -0.100452 -0.203995 0.037598
v -0.097904 -0.203995 0.037974
v -0.095494 -0.203995 0.038885
v -0.093334 -0.203995 0.040289
v 0.003497 -0.203995 0.053051
v 0.003497 -0.207198 0.053051
v 0.001299 -0.207198 0.051707
v -0.001134 -0.207198 0.050862
v -0.003692 -0.207198 0.050556
v -0.006256 -0.207198 0.050803
v -0.008709 -0.207198 0.051590
v -0.010937 -0.207198 0.052883
v -0.010937 -0.203995 0.052883
v -0.008709 -0.203995 0.051590
v -0.006256 -0.203995 0.050803
v -0.003692 -0.203995 0.050556
v -0.001134 -0.203995 0.050862
v 0.001299 -0.203995 0.051707
v 0.008934 -0.203995 0.027087
v 0.008934 -0.207198 0.027087
v 0.008253 -0.207198 0.029571
v 0.008117 -0.207198 0.032143
v 0.008533 -0.207198 0.034686
v 0.009482 -0.207198 0.037080
v 0.010919 -0.207198 0.039218
v 0.012780 -0.207198 0.041000
v 0.012780 -0.203995 0.041000
v 0.010919 -0.203995 0.039218
v 0.009482 -0.203995 0.037080
v 0.008533 -0.203995 0.034686
v 0.008117 -0.203995 0.032143
v 0.008253 -0.203995 0.029571
vn -0.8791 -0.0000 -0.4767
vn -0.8469 -0.0000 -0.5317
vn -0.9078 -0.0000 -0.4195
vn -0.9537 -0.0000 -0.3007
vn -0.9710 -0.0000 -0.2391
vn -0.9935 -0.0000 -0.1137
vn -0.9988 -0.0000 -0.0499
vn -0.9999 -0.0000 0.0138
vn -0.8723 -0.0000 -0.4890
vn -0.8424 -0.0000 -0.5389
vn -0.8993 -0.0000 -0.4374
vn -0.9439 -0.0000 -0.3301
vn -0.9616 -0.0000 -0.2746
vn -0.9759 -0.0000 -0.2183
vn -0.7763 -0.0001 -0.6304
vn -0.7432 -0.0006 -0.6690
vn -0.7843 -0.0000 -0.6204
vn -0.7598 -0.0002 -0.6501
vn -0.7107 -0.0001 -0.7035
vn -0.6711 -0.0003 -0.7413
vn -0.6077 0.0002 -0.7942
vn -0.6811 -0.0000 -0.7322
vn -0.5260 -0.0003 -0.8505
vn -0.4560 0.0002 -0.8900
vn -0.3633 -0.0002 -0.9317
vn -0.2900 0.0001 -0.9570
vn -0.1886 -0.0002 -0.9821
vn -0.1147 0.0001 -0.9934
vn -0.0077 -0.0002 -1.0000
vn 0.0643 0.0001 -0.9979
vn 0.1735 -0.0002 -0.9848
vn 0.2412 0.0001 -0.9705
vn 0.3490 -0.0001 -0.9371
vn 0.4104 -0.0000 -0.9119
vn 0.5129 -0.0001 -0.8584
vn 0.5665 -0.0000 -0.8241
vn 0.6811 -0.0001 -0.7322
vn 0.6818 -0.0000 -0.7316
vn 0.7818 -0.0000 -0.6235
vn 0.8190 -0.0002 -0.5738
vn 0.8592 0.0001 -0.5116
vn 0.9028 -0.0005 -0.4301
vn 0.8494 -0.0000 -0.5278
vn 0.9146 -0.0001 -0.4045
vn 0.9352 -0.0006 -0.3540
vn 0.9653 -0.0004 -0.2610
vn 0.9668 0.0003 -0.2556
vn 0.9871 0.0001 -0.1600
vn 0.9730 -0.0000 -0.2309
vn 0.9969 -0.0003 -0.0793
vn 1.0000 0.0005 0.0096
vn 0.9952 -0.0003 0.0983
vn 0.9839 0.0001 0.1787
vn 0.9621 -0.0003 0.2727
vn 0.9394 -0.0000 0.3427
vn 0.8987 -0.0002 0.4385
vn 0.8679 -0.0000 0.4968
vn 0.8423 -0.0002 0.5391
vn 0.8389 -0.0000 0.5443
vn 0.1915 -0.0000 0.9815
vn 0.2685 -0.0000 0.9633
vn 0.1128 -0.0000 0.9936
vn -0.0453 -0.0000 0.9990
vn -0.1246 -0.0000 0.9922
vn -0.2796 -0.0000 0.9601
vn -0.3551 -0.0000 0.9348
vn -0.4981 -0.0000 0.8671
vn -0.5654 -0.0000 0.8248
vn -0.6885 -0.0000 0.7253
vn -0.7440 -0.0000 0.6682
vn -0.8400 -0.0000 0.5425
vn -0.8805 -0.0000 0.4740
vn -0.9443 -0.0000 0.3292
vn -0.9675 -0.0000 0.2530
vn -0.9953 -0.0000 0.0973
vn -0.9998 -0.0000 0.0178
vn -0.9901 -0.0000 -0.1401
vn -0.9759 -0.0000 -0.2184
vn -0.9292 -0.0000 -0.3696
vn -0.8969 -0.0000 -0.4423
vn -0.8591 -0.0000 -0.5119
vn 0.8328 0.0004 0.5536
vn 0.8199 -0.0000 0.5724
vn 0.8431 0.0003 0.5378
vn 0.8856 0.0004 0.4644
vn 0.8920 -0.0000 0.4520
vn 0.9344 -0.0000 0.3561
vn 0.9764 -0.0002 0.2158
vn 0.9583 -0.0000 0.2859
vn 0.9513 0.0002 0.3082
vn 0.9893 0.0001 0.1460
vn 0.9988 -0.0002 0.0487
vn 0.9998 0.0001 -0.0205
vn 0.9928 -0.0002 -0.1196
vn 0.9825 0.0001 -0.1864
vn 0.9587 -0.0002 -0.2845
vn 0.9378 0.0001 -0.3471
vn 0.8973 -0.0001 -0.4413
vn 0.8671 0.0001 -0.4981
vn 0.8105 -0.0001 -0.5857
vn 0.7722 0.0001 -0.6354
vn 0.7008 -0.0001 -0.7134
vn 0.6559 -0.0000 -0.7549
vn 0.5709 -0.0001 -0.8211
vn 0.4357 -0.0000 -0.9001
vn 0.4787 -0.0000 -0.8780
vn 0.5214 -0.0000 -0.8533
vn 0.3793 0.0001 -0.9253
vn 0.2886 -0.0000 -0.9574
vn 0.2290 0.0002 -0.9734
vn 0.1425 -0.0000 -0.9898
vn 0.0730 0.0003 -0.9973
vn -0.0069 -0.0001 -1.0000
vn -0.3083 -0.0001 -0.9513
vn -0.1601 -0.0001 -0.9871
vn -0.2232 -0.0000 -0.9748
vn -0.0848 0.0003 -0.9964
vn -0.2420 0.0002 -0.9703
vn -0.3946 0.0002 -0.9188
vn -0.4539 -0.0001 -0.8911
vn -0.5372 0.0004 -0.8434
vn -0.5880 -0.0002 -0.8089
vn -0.6659 0.0002 -0.7461
vn -0.7075 -0.0001 -0.7067
vn -0.7411 0.0001 -0.6714
vn -0.7432 -0.0000 -0.6691
vn -0.9992 -0.0000 0.0402
vn -0.9936 -0.0000 0.1132
vn -0.9994 -0.0000 -0.0333
vn -0.9839 -0.0000 -0.1787
vn -0.9681 -0.0000 -0.2506
vn -0.9212 -0.0000 -0.3891
vn -0.8901 -0.0000 -0.4558
vn -0.8544 -0.0000 -0.5196
vn 0.5344 -0.0000 0.8452
vn 0.5948 -0.0000 0.8039
vn 0.4709 -0.0000 0.8822
vn 0.3372 -0.0000 0.9414
vn 0.2670 -0.0000 0.9637
vn 0.1237 -0.0000 0.9923
vn 0.0504 -0.0000 0.9987
vn -0.0958 -0.0000 0.9954
vn -0.1687 -0.0000 0.9857
vn -0.3107 -0.0000 0.9505
vn -0.3797 -0.0000 0.9251
vn -0.5106 -0.0000 0.8598
vn -0.5724 -0.0000 0.8200
vn -0.6859 -0.0000 0.7277
vn -0.7375 -0.0000 0.6753
vn -0.7849 -0.0000 0.6196
vn -0.6678 -0.0000 -0.7443
vn -0.7205 -0.0000 -0.6935
vn -0.6113 -0.0000 -0.7914
vn -0.4894 -0.0000 -0.8721
vn -0.4239 -0.0000 -0.9057
vn -0.2873 -0.0000 -0.9578
vn -0.2161 -0.0000 -0.9764
vn -0.1442 -0.0000 -0.9896
vn -0.8383 0.0001 -0.5452
vn -0.8366 -0.0000 -0.5478
vn -0.8638 -0.0000 -0.5038
vn -0.8913 0.0001 -0.4534
vn -0.9322 -0.0000 -0.3621
vn -0.9526 0.0002 -0.3042
vn -0.9774 -0.0001 -0.2114
vn -0.9891 0.0002 -0.1471
vn -0.9985 -0.0001 -0.0553
vn -0.9953 -0.0001 0.0972
vn -0.9995 -0.0000 0.0329
vn -0.9999 0.0002 0.0137
vn -0.9850 0.0003 0.1724
vn -0.9686 -0.0000 0.2486
vn -0.9457 0.0003 0.3251
vn -0.9207 -0.0000 0.3904
vn -0.8827 0.0002 0.4698
vn -0.8521 -0.0002 0.5234
vn -0.6482 -0.0002 0.7615
vn -0.7591 -0.0000 0.6510
vn -0.7267 -0.0000 0.6869
vn -0.7978 0.0002 0.6029
vn -0.6920 0.0001 0.7219
vn -0.5625 0.0002 0.8268
vn -0.5109 -0.0003 0.8597
vn -0.4172 0.0002 0.9088
vn -0.3594 -0.0003 0.9332
vn -0.2604 0.0003 0.9655
vn -0.1977 -0.0004 0.9803
vn -0.0963 0.0004 0.9954
vn -0.0304 -0.0002 0.9995
vn 0.0705 0.0001 0.9975
vn 0.1378 -0.0002 0.9905
vn 0.2354 0.0001 0.9719
vn 0.3020 -0.0002 0.9533
vn 0.5828 -0.0001 0.8126
vn 0.4578 -0.0002 0.8890
vn 0.5210 -0.0000 0.8536
vn 0.3937 0.0001 0.9193
vn 0.5408 0.0002 0.8412
vn 0.6750 0.0004 0.7378
vn 0.6645 -0.0000 0.7473
vn 0.7351 0.0003 0.6779
vn 0.7478 0.0004 0.6639
vn 0.7627 -0.0000 0.6467
vn -0.0000 -1.0000 -0.0000
vn -0.0000 1.0000 -0.0000
vn 0.7563 -0.0000 -0.6543
vn 0.7013 -0.0000 -0.7129
vn 0.8067 -0.0000 -0.5910
vn 0.8909 -0.0000 -0.4543
vn 0.9247 -0.0000 -0.3808
vn 0.9737 -0.0000 -0.2279
vn 0.9889 -0.0000 -0.1485
vn 0.9999 -0.0000 0.0118
vn 0.9957 -0.0000 0.0925
vn 0.9681 -0.0000 0.2507
vn 0.9446 -0.0000 0.3281
vn 0.8799 -0.0000 0.4751
vn 0.8387 -0.0000 0.5447
vn 0.7407 -0.0000 0.6719
vn 0.6839 -0.0000 0.7295
vn 0.5583 -0.0000 0.8296
vn 0.4895 -0.0000 0.8720
vn 0.3436 -0.0000 0.9391
vn 0.2666 -0.0000 0.9638
vn 0.1088 -0.0000 0.9941
vn 0.0282 -0.0000 0.9996
vn -0.1322 -0.0000 0.9912
vn -0.2119 -0.0000 0.9773
vn -0.3656 -0.0000 0.9308
vn -0.4396 -0.0000 0.8982
vn -0.5103 -0.0000 0.8600
vn 0.6102 -0.0000 -0.7922
vn -0.6102 -0.0000 0.7922
vn -0.6955 -0.0000 -0.7186
vn -0.7360 -0.0000 -0.6770
vn -0.6524 -0.0000 -0.7579
vn -0.5601 -0.0000 -0.8284
vn -0.5109 -0.0000 -0.8597
vn -0.4601 -0.0000 -0.8879
vn 0.3809 -0.0000 0.9246
vn 0.3810 -0.0000 0.9246
vn -0.3810 -0.0000 -0.9246
vn -0.6566 -0.0000 -0.7543
vn -0.7142 -0.0000 -0.7000
vn -0.5945 -0.0000 -0.8041
vn -0.4602 -0.0000 -0.8878
vn -0.3882 -0.0000 -0.9216
vn -0.2379 -0.0000 -0.9713
vn -0.1599 -0.0000 -0.9871
vn -0.0022 -0.0000 -1.0000
vn 0.0773 -0.0000 -0.9970
vn 0.2336 -0.0000 -0.9723
vn 0.3102 -0.0000 -0.9507
vn 0.4562 -0.0000 -0.8899
vn 0.5256 -0.0000 -0.8508
vn 0.6532 -0.0000 -0.7572
vn 0.7113 -0.0000 -0.7029
vn 0.8133 -0.0000 -0.5819
vn 0.8570 -0.0000 -0.5154
vn 0.9275 -0.0000 -0.3737
vn 0.9543 -0.0000 -0.2988
vn 0.9895 -0.0000 -0.1445
vn 0.9979 -0.0000 -0.0654
vn 0.9999 -0.0000 0.0138
vn -0.9912 -0.0000 -0.1324
vn 0.9912 -0.0000 0.1324
vn 0.7018 0.0001 0.7123
vn 0.7362 -0.0002 0.6768
vn 0.7403 -0.0000 0.6722
vn 0.6534 -0.0004 0.7570
vn 0.5711 -0.0000 0.8209
vn 0.5092 -0.0003 0.8606
vn 0.4239 0.0001 0.9057
vn 0.3490 -0.0003 0.9371
vn 0.2645 0.0005 0.9644
vn 0.1778 -0.0003 0.9841
vn 0.0972 0.0001 0.9953
vn -0.0060 -0.0004 1.0000
vn -0.0004 0.0003 1.0000
vn 0.0251 -0.0000 0.9997
vn -0.1036 -0.0006 0.9946
vn -0.1854 -0.0004 0.9827
vn -0.1577 -0.0001 0.9875
vn -0.2753 -0.0001 0.9613
vn -0.3458 -0.0001 0.9383
vn -0.4034 -0.0000 0.9150
vn -0.2936 -0.0000 0.9559
vn -0.5339 -0.0001 0.8456
vn -0.5333 -0.0000 0.8459
vn -0.6522 0.0001 0.7580
vn -0.6991 -0.0002 0.7150
vn -0.7769 0.0002 0.6296
vn -0.8170 -0.0003 0.5766
vn -0.8768 0.0003 0.4809
vn -0.9079 -0.0004 0.4191
vn -0.9485 0.0004 0.3169
vn -0.9688 -0.0002 0.2478
vn -0.9898 0.0001 0.1426
vn -0.9977 -0.0002 0.0683
vn -0.9993 0.0001 -0.0362
vn -0.9935 -0.0002 -0.1135
vn -0.9769 0.0002 -0.2138
vn -0.9566 -0.0003 -0.2915
vn -0.9230 0.0002 -0.3849
vn -0.8881 -0.0003 -0.4597
vn -0.8616 -0.0001 -0.5076
vn -0.8366 -0.0007 -0.5479
vn -0.8818 -0.0000 -0.4717
vn -0.8225 -0.0002 -0.5687
vn -0.8076 -0.0001 -0.5897
vn -0.8000 -0.0000 -0.6000
vn 0.4648 -0.0000 -0.8854
vn 0.3988 -0.0000 -0.9170
vn 0.5286 -0.0000 -0.8489
vn 0.6467 -0.0000 -0.7627
vn 0.7011 -0.0000 -0.7131
vn 0.7976 -0.0000 -0.6032
vn 0.8397 -0.0000 -0.5430
vn 0.9100 -0.0000 -0.4147
vn 0.9380 -0.0000 -0.3467
vn 0.9785 -0.0000 -0.2062
vn 0.9910 -0.0000 -0.1337
vn 0.9999 -0.0000 0.0122
vn 0.9963 -0.0000 0.0857
vn 0.9732 -0.0000 0.2301
vn 0.9536 -0.0000 0.3010
vn 0.9291 -0.0000 0.3699
vn 0.9989 -0.0000 -0.0462
vn 0.9997 -0.0000 0.0253
vn 0.9930 -0.0000 -0.1178
vn 0.9661 -0.0000 -0.2582
vn 0.9451 -0.0000 -0.3269
vn 0.8888 -0.0000 -0.4583
vn 0.8536 -0.0000 -0.5209
vn 0.7706 -0.0000 -0.6373
vn 0.7229 -0.0000 -0.6910
vn 0.6170 -0.0000 -0.7870
vn 0.5589 -0.0000 -0.8292
vn 0.4982 -0.0000 -0.8671
vn -0.3032 -0.0000 -0.9529
vn -0.2419 -0.0000 -0.9703
vn -0.3635 -0.0000 -0.9316
vn -0.4790 -0.0000 -0.8778
vn -0.5341 -0.0000 -0.8454
vn -0.6373 -0.0000 -0.7706
vn -0.6853 -0.0000 -0.7283
vn -0.7303 -0.0000 -0.6832
vn -0.5109 -0.0000 -0.8596
vn -0.6954 -0.0000 -0.7186
vn -0.6591 -0.0000 0.7520
vn -0.7112 -0.0000 0.7030
vn -0.6034 -0.0000 0.7974
vn -0.4836 -0.0000 0.8753
vn -0.4195 -0.0000 0.9078
vn -0.2858 -0.0000 0.9583
vn -0.2162 -0.0000 0.9763
vn -0.0749 -0.0000 0.9972
vn -0.0030 -0.0000 1.0000
vn 0.1395 -0.0000 0.9902
vn 0.2103 -0.0000 0.9776
vn 0.2796 -0.0000 0.9601
vn -0.4595 -0.0000 0.8882
vn -0.5218 -0.0000 0.8531
vn -0.3945 -0.0000 0.9189
vn -0.2595 -0.0000 0.9657
vn -0.1894 -0.0000 0.9819
vn -0.0475 -0.0000 0.9989
vn 0.0243 -0.0000 0.9997
vn 0.1666 -0.0000 0.9860
vn 0.2370 -0.0000 0.9715
vn 0.3730 -0.0000 0.9278
vn 0.4387 -0.0000 0.8986
vn 0.5018 -0.0000 0.8650
vn 0.9808 -0.0000 0.1948
vn 0.9644 -0.0000 0.2644
vn 0.9923 -0.0000 0.1239
vn 0.9998 -0.0000 -0.0188
vn 0.9959 -0.0000 -0.0906
vn 0.9728 -0.0000 -0.2316
vn 0.9537 -0.0000 -0.3009
vn 0.9010 -0.0000 -0.4338
vn 0.8675 -0.0000 -0.4974
vn 0.7878 -0.0000 -0.6159
vn 0.7415 -0.0000 -0.6709
vn 0.6917 -0.0000 -0.7222
s 1
usemtl material358
f 3977//1488 3979//1489 3978//1489
f 3977//1488 3980//1490 3979//1489
f 3976//1491 3981//1492 3980//1490
f 3976//1491 3980//1490 3977//1488
f 3975//1493 3982//1494 3981//1492
f 3975//1493 3981//1492 3976//1491
f 3974//1495 3973//1495 3982//1494
f 3974//1495 3982//1494 3975//1493
f 3986//1496 3988//1497 3987//1497
f 3986//1496 3989//1498 3988//1497
f 3985//1499 3990//1500 3989//1498
f 3985//1499 3989//1498 3986//1496
f 3984//1501 3983//1501 3990//1500
f 3984//1501 3990//1500 3985//1499
f 4017//1502 4019//1503 4016//1504
f 4018//1505 4019//1503 4017//1502
f 4015//1506 4020//1507 4019//1503
f 4015//1506 4019//1503 4018//1505
f 4005//1508 4015//1506 4004//1509
f 4005//1508 4021//1510 4020//1507
f 4005//1508 4020//1507 4015//1506
f 4006//1511 4022//1512 4021//1510
f 4006//1511 4021//1510 4005//1508
f 4007//1513 4023//1514 4022//1512
f 4007//1513 4022//1512 4006//1511
f 4008//1515 4024//1516 4023//1514
f 4008//1515 4023//1514 4007//1513
f 4009//1517 4025//1518 4024//1516
f 4009//1517 4024//1516 4008//1515
f 4010//1519 4026//1520 4025//1518
f 4010//1519 4025//1518 4009//1517
f 4011//1521 4027//1522 4026//1520
f 4011//1521 4026//1520 4010//1519
f 4012//1523 4028//1524 4027//1522
f 4012//1523 4027//1522 4011//1521
f 4013//1525 4028//1524 4012//1523
f 4014//1526 4029//1527 4028//1524
f 4014//1526 4028//1524 4013//1525
f 4000//1528 4030//1529 4029//1527
f 4000//1528 4029//1527 4014//1526
f 4003//1530 4000//1528 4014//1526
f 4001//1531 4030//1529 4000//1528
f 4002//1532 4030//1529 4001//1531
f 4002//1532 4031//1533 4030//1529
f 3999//1534 4031//1533 4002//1532
f 3994//1535 3999//1534 3993//1536
f 3994//1535 4031//1533 3999//1534
f 3994//1535 4032//1537 4031//1533
f 3995//1538 4032//1537 3994//1535
f 3995//1538 4033//1539 4032//1537
f 3996//1540 4033//1539 3995//1538
f 3996//1540 4034//1541 4033//1539
f 3997//1542 4034//1541 3996//1540
f 3997//1542 4035//1543 4034//1541
f 3998//1544 4035//1543 3997//1542
f 3998//1544 3991//1545 4035//1543
f 3992//1546 3991//1545 3998//1544
f 4042//1500 4036//1501 4037//1499
f 4042//1500 4041//1501 4036//1501
f 4043//1498 4037//1499 4038//1496
f 4043//1498 4042//1500 4037//1499
f 4040//1497 4038//1496 4039//1497
f 4040//1497 4043//1498 4038//1496
f 4058//1547 4044//1548 4045//1549
f 4058//1547 4057//1548 4044//1548
f 4059//1550 4045//1549 4046//1551
f 4059//1550 4058//1547 4045//1549
f 4060//1552 4046//1551 4047//1553
f 4060//1552 4059//1550 4046//1551
f 4061//1554 4047//1553 4048//1555
f 4061//1554 4060//1552 4047//1553
f 4062//1556 4048//1555 4049//1557
f 4062//1556 4061//1554 4048//1555
f 4063//1558 4049//1557 4050//1559
f 4063//1558 4062//1556 4049//1557
f 4064//1560 4050//1559 4051//1561
f 4064//1560 4063//1558 4050//1559
f 4065//1562 4051//1561 4052//1563
f 4065//1562 4064//1560 4051//1561
f 4066//1564 4052//1563 4053//1565
f 4066//1564 4065//1562 4052//1563
f 4067//1566 4053//1565 4054//1567
f 4067//1566 4066//1564 4053//1565
f 4056//1568 4054//1567 4055//1568
f 4056//1568 4067//1566 4054//1567
f 4093//1569 4094//1570 4095//1571
f 4092//1572 4095//1571 4096//1573
f 4092//1572 4096//1573 4097//1574
f 4092//1572 4093//1569 4095//1571
f 4107//1575 4097//1574 4098//1576
f 4091//1577 4097//1574 4107//1575
f 4091//1577 4092//1572 4097//1574
f 4090//1578 4107//1575 4106//1579
f 4090//1578 4091//1577 4107//1575
f 4089//1580 4106//1579 4105//1581
f 4089//1580 4090//1578 4106//1579
f 4088//1582 4105//1581 4104//1583
f 4088//1582 4089//1580 4105//1581
f 4087//1584 4104//1583 4103//1585
f 4087//1584 4088//1582 4104//1583
f 4086//1586 4103//1585 4102//1587
f 4086//1586 4087//1584 4103//1585
f 4085//1588 4102//1587 4101//1589
f 4085//1588 4086//1586 4102//1587
f 4084//1590 4101//1589 4100//1591
f 4084//1590 4085//1588 4101//1589
f 4108//1592 4100//1591 4099//1593
f 4083//1594 4084//1590 4100//1591
f 4083//1594 4100//1591 4108//1592
f 4082//1595 4083//1594 4108//1592
f 4082//1595 4108//1592 4109//1596
f 4081//1597 4109//1596 4110//1598
f 4081//1597 4082//1595 4109//1596
f 4080//1599 4081//1597 4110//1598
f 4080//1599 4110//1598 4111//1600
f 4072//1601 4112//1602 4073//1603
f 4079//1604 4080//1599 4111//1600
f 4079//1604 4111//1600 4112//1602
f 4078//1605 4112//1602 4072//1601
f 4078//1605 4079//1604 4112//1602
f 4077//1606 4072//1601 4071//1607
f 4077//1606 4078//1605 4072//1601
f 4076//1608 4071//1607 4070//1609
f 4076//1608 4077//1606 4071//1607
f 4075//1610 4070//1609 4069//1611
f 4075//1610 4076//1608 4070//1609
f 4074//1612 4069//1611 4068//1613
f 4074//1612 4075//1610 4069//1611
f 4120//1614 4113//1615 4114//1616
f 4120//1614 4119//1615 4113//1615
f 4121//1617 4114//1616 4115//1618
f 4121//1617 4120//1614 4114//1616
f 4122//1619 4115//1618 4116//1620
f 4122//1619 4121//1617 4115//1618
f 4118//1621 4116//1620 4117//1621
f 4118//1621 4122//1619 4116//1620
f 4126//1622 4125//1623 4133//1623
f 4126//1622 4133//1623 4134//1624
f 4127//1625 4134//1624 4135//1626
f 4127//1625 4126//1622 4134//1624
f 4128//1627 4135//1626 4136//1628
f 4128//1627 4127//1625 4135//1626
f 4129//1629 4136//1628 4137//1630
f 4129//1629 4128//1627 4136//1628
f 4130//1631 4137//1630 4138//1632
f 4130//1631 4129//1629 4137//1630
f 4131//1633 4138//1632 4139//1634
f 4131//1633 4130//1631 4138//1632
f 4132//1635 4139//1634 4140//1636
f 4132//1635 4131//1633 4139//1634
f 4124//1637 4140//1636 4123//1637
f 4124//1637 4132//1635 4140//1636
f 4148//1638 4142//1639 4141//1639
f 4148//1638 4141//1639 4143//1640
f 4149//1641 4143//1640 4144//1642
f 4149//1641 4148//1638 4143//1640
f 4150//1643 4144//1642 4145//1644
f 4150//1643 4149//1641 4144//1642
f 4147//1645 4145//1644 4146//1645
f 4147//1645 4150//1643 4145//1644
f 4152//1646 4151//1647 4157//1648
f 4195//1649 4157//1648 4156//1650
f 4195//1649 4152//1646 4157//1648
f 4194//1651 4156//1650 4155//1652
f 4194//1651 4195//1649 4156//1650
f 4193//1653 4155//1652 4154//1654
f 4193//1653 4194//1651 4155//1652
f 4158//1655 4154//1654 4153//1656
f 4192//1657 4193//1653 4154//1654
f 4192//1657 4154//1654 4158//1655
f 4191//1658 4158//1655 4159//1659
f 4191//1658 4192//1657 4158//1655
f 4190//1660 4159//1659 4160//1661
f 4190//1660 4191//1658 4159//1659
f 4189//1662 4160//1661 4161//1663
f 4189//1662 4190//1660 4160//1661
f 4172//1664 4162//1665 4163//1666
f 4188//1667 4161//1663 4162//1665
f 4188//1667 4189//1662 4161//1663
f 4187//1668 4162//1665 4172//1664
f 4187//1668 4188//1667 4162//1665
f 4186//1669 4172//1664 4171//1670
f 4186//1669 4187//1668 4172//1664
f 4185//1671 4171//1670 4170//1672
f 4185//1671 4186//1669 4171//1670
f 4184//1673 4170//1672 4169//1674
f 4184//1673 4185//1671 4170//1672
f 4183//1675 4184//1673 4169//1674
f 4183//1675 4169//1674 4168//1676
f 4182//1677 4183//1675 4168//1676
f 4182//1677 4168//1676 4167//1678
f 4181//1679 4167//1678 4166//1680
f 4181//1679 4182//1677 4167//1678
f 4173//1681 4165//1682 4164//1683
f 4180//1684 4166//1680 4165//1682
f 4180//1684 4181//1679 4166//1680
f 4179//1685 4165//1682 4173//1681
f 4179//1685 4180//1684 4165//1682
f 4178//1686 4173//1681 4174//1687
f 4178//1686 4179//1685 4173//1681
f 4178//1686 4174//1687 4175//1688
f 4177//1689 4175//1688 4176//1690
f 4177//1689 4178//1686 4175//1688
f 4323//1691 4205//1691 4206//1691
f 4324//1691 4323//1691 4206//1691
f 4324//1691 4206//1691 4207//1691
f 4322//1691 4204//1691 4205//1691
f 4322//1691 4205//1691 4323//1691
f 4325//1691 4324//1691 4207//1691
f 4325//1691 4207//1691 4208//1691
f 4325//1691 4208//1691 4209//1691
f 4321//1691 4203//1691 4204//1691
f 4321//1691 4204//1691 4322//1691
f 4326//1691 4209//1691 4210//1691
f 4326//1691 4325//1691 4209//1691
f 4320//1691 4201//1691 4202//1691
f 4320//1691 4202//1691 4203//1691
f 4320//1691 4203//1691 4321//1691
f 4296//1691 4297//1691 4298//1691
f 4296//1691 4298//1691 4299//1691
f 4296//1691 4299//1691 4300//1691
f 4296//1691 4300//1691 4301//1691
f 4296//1691 4301//1691 4302//1691
f 4296//1691 4302//1691 4303//1691
f 4296//1691 4303//1691 4304//1691
f 4296//1691 4304//1691 4305//1691
f 4296//1691 4305//1691 4306//1691
f 4296//1691 4306//1691 4307//1691
f 4296//1691 4307//1691 4308//1691
f 4296//1691 4308//1691 4196//1691
f 4295//1691 4196//1691 4197//1691
f 4295//1691 4296//1691 4196//1691
f 4294//1691 4197//1691 4198//1691
f 4294//1691 4295//1691 4197//1691
f 4327//1691 4326//1691 4210//1691
f 4309//1691 4199//1691 4200//1691
f 4309//1691 4200//1691 4201//1691
f 4309//1691 4201//1691 4320//1691
f 4211//1691 4327//1691 4210//1691
f 4293//1691 4198//1691 4199//1691
f 4293//1691 4294//1691 4198//1691
f 4361//1691 4293//1691 4199//1691
f 4361//1691 4199//1691 4309//1691
f 4361//1691 4292//1691 4293//1691
f 4291//1691 4292//1691 4361//1691
f 4328//1691 4327//1691 4211//1691
f 4212//1691 4328//1691 4211//1691
f 4372//1691 4291//1691 4361//1691
f 4372//1691 4289//1691 4290//1691
f 4372//1691 4290//1691 4291//1691
f 4329//1691 4212//1691 4213//1691
f 4329//1691 4213//1691 4214//1691
f 4329//1691 4328//1691 4212//1691
f 4371//1691 4289//1691 4372//1691
f 4371//1691 4288//1691 4289//1691
f 4319//1691 4214//1691 4215//1691
f 4319//1691 4329//1691 4214//1691
f 4319//1691 4215//1691 4216//1691
f 4360//1691 4309//1691 4310//1691
f 4360//1691 4361//1691 4309//1691
f 4233//1691 4219//1691 4220//1691
f 4233//1691 4220//1691 4221//1691
f 4233//1691 4221//1691 4222//1691
f 4233//1691 4222//1691 4223//1691
f 4233//1691 4223//1691 4224//1691
f 4233//1691 4224//1691 4225//1691
f 4233//1691 4225//1691 4226//1691
f 4233//1691 4226//1691 4227//1691
f 4233//1691 4227//1691 4228//1691
f 4233//1691 4228//1691 4229//1691
f 4233//1691 4229//1691 4230//1691
f 4233//1691 4230//1691 4231//1691
f 4233//1691 4231//1691 4232//1691
f 4234//1691 4218//1691 4219//1691
f 4234//1691 4219//1691 4233//1691
f 4235//1691 4217//1691 4218//1691
f 4235//1691 4218//1691 4234//1691
f 4370//1691 4288//1691 4371//1691
f 4370//1691 4287//1691 4288//1691
f 4236//1691 4216//1691 4217//1691
f 4236//1691 4330//1691 4319//1691
f 4236//1691 4217//1691 4235//1691
f 4236//1691 4319//1691 4216//1691
f 4237//1691 4330//1691 4236//1691
f 4238//1691 4330//1691 4237//1691
f 4239//1691 4330//1691 4238//1691
f 4337//1691 4318//1691 4319//1691
f 4337//1691 4319//1691 4330//1691
f 4331//1691 4330//1691 4239//1691
f 4240//1691 4331//1691 4239//1691
f 4369//1691 4287//1691 4370//1691
f 4286//1691 4287//1691 4369//1691
f 4241//1691 4331//1691 4240//1691
f 4332//1691 4331//1691 4241//1691
f 4368//1691 4286//1691 4369//1691
f 4242//1691 4332//1691 4241//1691
f 4285//1691 4286//1691 4368//1691
f 4333//1691 4332//1691 4242//1691
f 4243//1691 4333//1691 4242//1691
f 4284//1691 4368//1691 4367//1691
f 4284//1691 4285//1691 4368//1691
f 4334//1691 4333//1691 4243//1691
f 4345//1691 4318//1691 4337//1691
f 4345//1691 4310//1691 4311//1691
f 4345//1691 4311//1691 4312//1691
f 4345//1691 4312//1691 4313//1691
f 4345//1691 4313//1691 4314//1691
f 4345//1691 4314//1691 4315//1691
f 4345//1691 4315//1691 4316//1691
f 4345//1691 4316//1691 4317//1691
f 4345//1691 4317//1691 4318//1691
f 4345//1691 4360//1691 4310//1691
f 4345//1691 4337//1691 4338//1691
f 4345//1691 4338//1691 4339//1691
f 4345//1691 4339//1691 4340//1691
f 4345//1691 4340//1691 4341//1691
f 4345//1691 4341//1691 4342//1691
f 4345//1691 4342//1691 4343//1691
f 4345//1691 4343//1691 4344//1691
f 4345//1691 4352//1691 4353//1691
f 4345//1691 4353//1691 4354//1691
f 4345//1691 4354//1691 4355//1691
f 4345//1691 4355//1691 4356//1691
f 4345//1691 4356//1691 4357//1691
f 4345//1691 4357//1691 4358//1691
f 4345//1691 4358//1691 4359//1691
f 4345//1691 4359//1691 4360//1691
f 4244//1691 4334//1691 4243//1691
f 4283//1691 4284//1691 4367//1691
f 4283//1691 4367//1691 4366//1691
f 4335//1691 4334//1691 4244//1691
f 4245//1691 4335//1691 4244//1691
f 4336//1691 4335//1691 4245//1691
f 4282//1691 4366//1691 4365//1691
f 4282//1691 4283//1691 4366//1691
f 4246//1691 4336//1691 4245//1691
f 4281//1691 4282//1691 4365//1691
f 4281//1691 4365//1691 4364//1691
f 4247//1691 4336//1691 4246//1691
f 4247//1691 4347//1691 4336//1691
f 4280//1691 4281//1691 4364//1691
f 4280//1691 4364//1691 4363//1691
f 4346//1691 4352//1691 4345//1691
f 4346//1691 4362//1691 4352//1691
f 4279//1691 4280//1691 4363//1691
f 4248//1691 4347//1691 4247//1691
f 4248//1691 4348//1691 4347//1691
f 4278//1691 4363//1691 4362//1691
f 4278//1691 4279//1691 4363//1691
f 4249//1691 4349//1691 4348//1691
f 4249//1691 4348//1691 4248//1691
f 4277//1691 4278//1691 4362//1691
f 4250//1691 4350//1691 4349//1691
f 4250//1691 4349//1691 4249//1691
f 4276//1691 4277//1691 4362//1691
f 4251//1691 4351//1691 4350//1691
f 4251//1691 4350//1691 4250//1691
f 4252//1691 4351//1691 4251//1691
f 4253//1691 4346//1691 4351//1691
f 4253//1691 4351//1691 4252//1691
f 4254//1691 4346//1691 4253//1691
f 4255//1691 4346//1691 4254//1691
f 4256//1691 4362//1691 4346//1691
f 4256//1691 4276//1691 4362//1691
f 4256//1691 4275//1691 4276//1691
f 4256//1691 4346//1691 4255//1691
f 4257//1691 4274//1691 4275//1691
f 4257//1691 4275//1691 4256//1691
f 4258//1691 4274//1691 4257//1691
f 4259//1691 4274//1691 4258//1691
f 4259//1691 4273//1691 4274//1691
f 4265//1691 4259//1691 4260//1691
f 4265//1691 4260//1691 4261//1691
f 4265//1691 4261//1691 4262//1691
f 4265//1691 4262//1691 4263//1691
f 4265//1691 4263//1691 4264//1691
f 4265//1691 4266//1691 4267//1691
f 4265//1691 4267//1691 4268//1691
f 4265//1691 4268//1691 4269//1691
f 4265//1691 4269//1691 4270//1691
f 4265//1691 4270//1691 4271//1691
f 4265//1691 4271//1691 4272//1691
f 4265//1691 4272//1691 4273//1691
f 4265//1691 4273//1691 4259//1691
f 4378//1692 4374//1692 4373//1692
f 4378//1692 4375//1692 4374//1692
f 4378//1692 4376//1692 4375//1692
f 4378//1692 4377//1692 4376//1692
f 4378//1692 4380//1692 4379//1692
f 4378//1692 4381//1692 4380//1692
f 4378//1692 4382//1692 4381//1692
f 4378//1692 4383//1692 4382//1692
f 4378//1692 4384//1692 4383//1692
f 4378//1692 4385//1692 4384//1692
f 4378//1692 4386//1692 4385//1692
f 4378//1692 4387//1692 4386//1692
f 4378//1692 4388//1692 4387//1692
f 4378//1692 4389//1692 4388//1692
f 4378//1692 4390//1692 4389//1692
f 4378//1692 4391//1692 4390//1692
f 4378//1692 4392//1692 4391//1692
f 4378//1692 4393//1692 4392//1692
f 4378//1692 4394//1692 4393//1692
f 4378//1692 4395//1692 4394//1692
f 4378//1692 4396//1692 4395//1692
f 4378//1692 4397//1692 4396//1692
f 4378//1692 4398//1692 4397//1692
f 4378//1692 4399//1692 4398//1692
f 4378//1692 4400//1692 4399//1692
f 4378//1692 4401//1692 4400//1692
f 4378//1692 4402//1692 4401//1692
f 4378//1692 4403//1692 4402//1692
f 4378//1692 4404//1692 4403//1692
f 4378//1692 4405//1692 4404//1692
f 4378//1692 4406//1692 4405//1692
f 4378//1692 4407//1692 4406//1692
f 4378//1692 4408//1692 4407//1692
f 4378//1692 4409//1692 4408//1692
f 4378//1692 4410//1692 4409//1692
f 4378//1692 4373//1692 4410//1692
f 4412//1693 4411//1694 4425//1694
f 4412//1693 4425//1694 4426//1695
f 4413//1696 4426//1695 4427//1697
f 4413//1696 4412//1693 4426//1695
f 4414//1698 4427//1697 4428//1699
f 4414//1698 4413//1696 4427//1697
f 4415//1700 4428//1699 4429//1701
f 4415//1700 4414//1698 4428//1699
f 4416//1702 4429//1701 4430//1703
f 4416//1702 4415//1700 4429//1701
f 4417//1704 4430//1703 4431//1705
f 4417//1704 4416//1702 4430//1703
f 4418//1706 4431//1705 4432//1707
f 4418//1706 4417//1704 4431//1705
f 4419//1708 4432//1707 4433//1709
f 4419//1708 4418//1706 4432//1707
f 4420//1710 4433//1709 4434//1711
f 4420//1710 4419//1708 4433//1709
f 4421//1712 4434//1711 4435//1713
f 4421//1712 4420//1710 4434//1711
f 4422//1714 4435//1713 4436//1715
f 4422//1714 4421//1712 4435//1713
f 4423//1716 4436//1715 4437//1717
f 4423//1716 4422//1714 4436//1715
f 4424//1718 4437//1717 4438//1718
f 4424//1718 4423//1716 4437//1717
f 4440//1719 4439//1719 4441//1719
f 4440//1719 4441//1719 4442//1719
f 4445//1720 4443//1720 4444//1720
f 4445//1720 4446//1720 4443//1720
f 4472//1692 4471//1692 4474//1692
f 4475//1692 4472//1692 4474//1692
f 4476//1692 4472//1692 4475//1692
f 4473//1692 4472//1692 4476//1692
f 4477//1692 4473//1692 4476//1692
f 4478//1692 4473//1692 4477//1692
f 4468//1692 4473//1692 4478//1692
f 4479//1692 4468//1692 4478//1692
f 4464//1692 4470//1692 4469//1692
f 4464//1692 4465//1692 4470//1692
f 4466//1692 4470//1692 4465//1692
f 4463//1692 4464//1692 4469//1692
f 4467//1692 4470//1692 4466//1692
f 4462//1692 4469//1692 4468//1692
f 4462//1692 4463//1692 4469//1692
f 4461//1692 4468//1692 4479//1692
f 4461//1692 4462//1692 4468//1692
f 4447//1692 4479//1692 4460//1692
f 4447//1692 4461//1692 4479//1692
f 4450//1692 4448//1692 4447//1692
f 4450//1692 4449//1692 4448//1692
f 4450//1692 4452//1692 4451//1692
f 4450//1692 4453//1692 4452//1692
f 4450//1692 4454//1692 4453//1692
f 4450//1692 4455//1692 4454//1692
f 4450//1692 4456//1692 4455//1692
f 4450//1692 4457//1692 4456//1692
f 4450//1692 4458//1692 4457//1692
f 4450//1692 4459//1692 4458//1692
f 4450//1692 4460//1692 4459//1692
f 4450//1692 4447//1692 4460//1692
f 4486//1721 4481//1722 4480//1722
f 4486//1721 4480//1722 4482//1723
f 4487//1724 4482//1723 4483//1725
f 4487//1724 4486//1721 4482//1723
f 4485//1726 4483//1725 4484//1726
f 4485//1726 4487//1724 4483//1725
f 4489//1727 4488//1727 4490//1728
f 4489//1727 4490//1728 4491//1728
f 4494//1729 4492//1729 4493//1729
f 4494//1729 4495//1729 4492//1729
f 4516//1692 4515//1692 4519//1692
f 4516//1692 4519//1692 4520//1692
f 4516//1692 4520//1692 4521//1692
f 4522//1692 4516//1692 4521//1692
f 4523//1692 4516//1692 4522//1692
f 4517//1692 4523//1692 4524//1692
f 4517//1692 4516//1692 4523//1692
f 4525//1692 4517//1692 4524//1692
f 4511//1692 4512//1692 4518//1692
f 4513//1692 4518//1692 4512//1692
f 4510//1692 4518//1692 4517//1692
f 4510//1692 4511//1692 4518//1692
f 4514//1692 4518//1692 4513//1692
f 4509//1692 4510//1692 4517//1692
f 4508//1692 4517//1692 4525//1692
f 4508//1692 4509//1692 4517//1692
f 4496//1692 4525//1692 4526//1692
f 4496//1692 4508//1692 4525//1692
f 4499//1692 4497//1692 4496//1692
f 4499//1692 4498//1692 4497//1692
f 4499//1692 4501//1692 4500//1692
f 4499//1692 4502//1692 4501//1692
f 4499//1692 4503//1692 4502//1692
f 4499//1692 4504//1692 4503//1692
f 4499//1692 4505//1692 4504//1692
f 4499//1692 4506//1692 4505//1692
f 4499//1692 4507//1692 4506//1692
f 4499//1692 4527//1692 4507//1692
f 4499//1692 4528//1692 4527//1692
f 4499//1692 4526//1692 4528//1692
f 4499//1692 4496//1692 4526//1692
f 4543//1730 4530//1731 4529//1731
f 4543//1730 4529//1731 4531//1732
f 4544//1733 4531//1732 4532//1734
f 4544//1733 4543//1730 4531//1732
f 4545//1735 4532//1734 4533//1736
f 4545//1735 4544//1733 4532//1734
f 4546//1737 4533//1736 4534//1738
f 4546//1737 4545//1735 4533//1736
f 4547//1739 4534//1738 4535//1740
f 4547//1739 4546//1737 4534//1738
f 4548//1741 4535//1740 4536//1742
f 4548//1741 4547//1739 4535//1740
f 4549//1743 4536//1742 4537//1744
f 4549//1743 4548//1741 4536//1742
f 4550//1745 4537//1744 4538//1746
f 4550//1745 4549//1743 4537//1744
f 4551//1747 4538//1746 4539//1748
f 4551//1747 4550//1745 4538//1746
f 4552//1749 4539//1748 4540//1750
f 4552//1749 4551//1747 4539//1748
f 4542//1751 4540//1750 4541//1751
f 4542//1751 4552//1749 4540//1750
f 4554//1752 4553//1752 4555//1752
f 4554//1752 4555//1752 4556//1752
f 4559//1753 4557//1753 4558//1753
f 4559//1753 4560//1753 4557//1753
f 4574//1692 4573//1692 4577//1692
f 4574//1692 4577//1692 4578//1692
f 4579//1692 4574//1692 4578//1692
f 4580//1692 4574//1692 4579//1692
f 4575//1692 4580//1692 4581//1692
f 4575//1692 4574//1692 4580//1692
f 4582//1692 4575//1692 4581//1692
f 4570//1692 4576//1692 4569//1692
f 4568//1692 4569//1692 4576//1692
f 4571//1692 4576//1692 4570//1692
f 4567//1692 4576//1692 4575//1692
f 4567//1692 4568//1692 4576//1692
f 4572//1692 4576//1692 4571//1692
f 4566//1692 4567//1692 4575//1692
f 4565//1692 4575//1692 4582//1692
f 4565//1692 4566//1692 4575//1692
f 4561//1692 4582//1692 4583//1692
f 4561//1692 4565//1692 4582//1692
f 4584//1692 4562//1692 4561//1692
f 4584//1692 4563//1692 4562//1692
f 4584//1692 4564//1692 4563//1692
f 4584//1692 4586//1692 4585//1692
f 4584//1692 4587//1692 4586//1692
f 4584//1692 4588//1692 4587//1692
f 4584//1692 4589//1692 4588//1692
f 4584//1692 4590//1692 4589//1692
f 4584//1692 4591//1692 4590//1692
f 4584//1692 4592//1692 4591//1692
f 4584//1692 4593//1692 4592//1692
f 4584//1692 4583//1692 4593//1692
f 4584//1692 4561//1692 4583//1692
f 4616//1754 4621//1755 4615//1756
f 4616//1754 4622//1757 4621//1755
f 4617//1758 4623//1759 4622//1757
f 4617//1758 4622//1757 4616//1754
f 4618//1760 4624//1761 4623//1759
f 4618//1760 4623//1759 4617//1758
f 4619//1762 4625//1763 4624//1761
f 4619//1762 4624//1761 4618//1760
f 4620//1764 4626//1765 4625//1763
f 4620//1764 4625//1763 4619//1762
f 4611//1766 4626//1765 4620//1764
f 4614//1767 4611//1766 4620//1764
f 4612//1768 4627//1769 4626//1765
f 4612//1768 4626//1765 4611//1766
f 4613//1770 4627//1769 4612//1768
f 4610//1771 4628//1772 4627//1769
f 4610//1771 4627//1769 4613//1770
f 4600//1773 4610//1771 4599//1774
f 4600//1773 4629//1775 4628//1772
f 4600//1773 4628//1772 4610//1771
f 4601//1776 4629//1775 4600//1773
f 4602//1777 4630//1778 4629//1775
f 4602//1777 4629//1775 4601//1776
f 4603//1779 4631//1780 4630//1778
f 4603//1779 4630//1778 4602//1777
f 4604//1781 4631//1780 4603//1779
f 4604//1781 4632//1782 4631//1780
f 4605//1783 4632//1782 4604//1781
f 4605//1783 4633//1784 4632//1782
f 4606//1785 4633//1784 4605//1783
f 4606//1785 4634//1786 4633//1784
f 4607//1787 4634//1786 4606//1785
f 4607//1787 4635//1788 4634//1786
f 4608//1789 4635//1788 4607//1787
f 4608//1789 4636//1790 4635//1788
f 4609//1791 4636//1790 4608//1789
f 4609//1791 4637//1792 4636//1790
f 4594//1793 4637//1792 4609//1791
f 4594//1793 4638//1794 4637//1792
f 4598//1795 4594//1793 4609//1791
f 4595//1796 4638//1794 4594//1793
f 4596//1797 4638//1794 4595//1796
f 4597//1798 4638//1794 4596//1797
f 4643//1691 4639//1691 4640//1691
f 4643//1691 4640//1691 4641//1691
f 4643//1691 4641//1691 4642//1691
f 4643//1691 4644//1691 4645//1691
f 4643//1691 4645//1691 4646//1691
f 4643//1691 4646//1691 4647//1691
f 4643//1691 4647//1691 4648//1691
f 4643//1691 4648//1691 4649//1691
f 4643//1691 4649//1691 4650//1691
f 4643//1691 4650//1691 4651//1691
f 4643//1691 4651//1691 4652//1691
f 4643//1691 4652//1691 4653//1691
f 4643//1691 4653//1691 4654//1691
f 4643//1691 4654//1691 4655//1691
f 4643//1691 4655//1691 4656//1691
f 4643//1691 4656//1691 4657//1691
f 4643//1691 4657//1691 4658//1691
f 4643//1691 4658//1691 4659//1691
f 4643//1691 4659//1691 4660//1691
f 4643//1691 4660//1691 4661//1691
f 4643//1691 4661//1691 4662//1691
f 4643//1691 4662//1691 4663//1691
f 4643//1691 4663//1691 4664//1691
f 4643//1691 4664//1691 4665//1691
f 4643//1691 4665//1691 4666//1691
f 4643//1691 4666//1691 4667//1691
f 4643//1691 4667//1691 4668//1691
f 4643//1691 4668//1691 4669//1691
f 4643//1691 4669//1691 4670//1691
f 4643//1691 4670//1691 4671//1691
f 4643//1691 4671//1691 4672//1691
f 4643//1691 4672//1691 4639//1691
f 4674//1719 4673//1719 4675//1719
f 4674//1719 4675//1719 4676//1719
f 4688//1799 4678//1800 4677//1800
f 4688//1799 4677//1800 4679//1801
f 4689//1802 4679//1801 4680//1803
f 4689//1802 4688//1799 4679//1801
f 4690//1804 4680//1803 4681//1805
f 4690//1804 4689//1802 4680//1803
f 4691//1806 4681//1805 4682//1807
f 4691//1806 4690//1804 4681//1805
f 4692//1808 4682//1807 4683//1809
f 4692//1808 4691//1806 4682//1807
f 4693//1810 4683//1809 4684//1811
f 4693//1810 4692//1808 4683//1809
f 4694//1812 4684//1811 4685//1813
f 4694//1812 4693//1810 4684//1811
f 4687//1814 4685//1813 4686//1814
f 4687//1814 4694//1812 4685//1813
f 4696//1720 4695//1720 4697//1720
f 4696//1720 4697//1720 4698//1720
f 4718//1692 4722//1692 4725//1692
f 4726//1692 4724//1692 4723//1692
f 4726//1692 4725//1692 4724//1692
f 4726//1692 4718//1692 4725//1692
f 4711//1692 4710//1692 4713//1692
f 4712//1692 4713//1692 4701//1692
f 4712//1692 4711//1692 4713//1692
f 4709//1692 4712//1692 4701//1692
f 4706//1692 4702//1692 4701//1692
f 4706//1692 4703//1692 4702//1692
f 4706//1692 4704//1692 4703//1692
f 4706//1692 4705//1692 4704//1692
f 4706//1692 4708//1692 4707//1692
f 4706//1692 4699//1692 4708//1692
f 4706//1692 4715//1692 4714//1692
f 4706//1692 4716//1692 4715//1692
f 4706//1692 4717//1692 4716//1692
f 4706//1692 4713//1692 4717//1692
f 4706//1692 4719//1692 4718//1692
f 4706//1692 4720//1692 4719//1692
f 4706//1692 4721//1692 4720//1692
f 4706//1692 4714//1692 4721//1692
f 4706//1692 4728//1692 4727//1692
f 4706//1692 4729//1692 4728//1692
f 4706//1692 4730//1692 4729//1692
f 4706//1692 4731//1692 4730//1692
f 4706//1692 4732//1692 4731//1692
f 4706//1692 4733//1692 4732//1692
f 4706//1692 4734//1692 4733//1692
f 4706//1692 4726//1692 4734//1692
f 4706//1692 4718//1692 4726//1692
f 4706//1692 4727//1692 4699//1692
f 4706//1692 4701//1692 4713//1692
f 4738//1692 4727//1692 4735//1692
f 4737//1692 4727//1692 4738//1692
f 4736//1692 4727//1692 4737//1692
f 4736//1692 4699//1692 4727//1692
f 4740//1692 4699//1692 4736//1692
f 4739//1692 4699//1692 4740//1692
f 4700//1692 4699//1692 4739//1692
f 4742//1753 4741//1753 4743//1753
f 4742//1753 4743//1753 4744//1753
f 4746//1752 4745//1752 4747//1752
f 4746//1752 4747//1752 4748//1752
f 4750//1728 4749//1728 4751//1728
f 4750//1728 4751//1728 4752//1728
f 4754//1729 4753//1729 4755//1729
f 4754//1729 4755//1729 4756//1729
f 4770//1815 4758//1816 4757//1816
f 4770//1815 4759//1817 4758//1816
f 4769//1818 4760//1819 4759//1817
f 4769//1818 4759//1817 4770//1815
f 4768//1820 4761//1821 4760//1819
f 4768//1820 4760//1819 4769//1818
f 4767//1822 4762//1823 4761//1821
f 4767//1822 4761//1821 4768//1820
f 4766//1824 4763//1825 4762//1823
f 4766//1824 4762//1823 4767//1822
f 4765//1826 4764//1826 4763//1825
f 4765//1826 4763//1825 4766//1824
f 4774//1827 4776//1828 4775//1828
f 4774//1827 4777//1829 4776//1828
f 4773//1830 4778//1831 4777//1829
f 4773//1830 4777//1829 4774//1827
f 4772//1832 4779//1833 4778//1831
f 4772//1832 4778//1831 4773//1830
f 4771//1834 4780//1834 4779//1833
f 4771//1834 4779//1833 4772//1832
f 4783//1835 4785//1726 4784//1726
f 4783//1835 4786//1724 4785//1726
f 4782//1723 4787//1836 4786//1724
f 4782//1723 4786//1724 4783//1835
f 4781//1722 4788//1722 4787//1836
f 4781//1722 4787//1836 4782//1723
f 4802//1837 4790//1838 4789//1838
f 4802//1837 4791//1839 4790//1838
f 4801//1840 4792//1841 4791//1839
f 4801//1840 4791//1839 4802//1837
f 4800//1842 4793//1843 4792//1841
f 4800//1842 4792//1841 4801//1840
f 4799//1844 4794//1845 4793//1843
f 4799//1844 4793//1843 4800//1842
f 4798//1846 4795//1847 4794//1845
f 4798//1846 4794//1845 4799//1844
f 4797//1848 4796//1848 4795//1847
f 4797//1848 4795//1847 4798//1846
f 4816//1849 4804//1850 4803//1850
f 4816//1849 4805//1851 4804//1850
f 4815//1852 4806//1853 4805//1851
f 4815//1852 4805//1851 4816//1849
f 4814//1854 4807//1855 4806//1853
f 4814//1854 4806//1853 4815//1852
f 4813//1856 4808//1857 4807//1855
f 4813//1856 4807//1855 4814//1854
f 4812//1858 4809//1859 4808//1857
f 4812//1858 4808//1857 4813//1856
f 4811//1860 4810//1860 4809//1859
f 4811//1860 4809//1859 4812//1858
f 4830//1861 4818//1862 4817//1862
f 4830//1861 4819//1863 4818//1862
f 4829//1864 4820//1865 4819//1863
f 4829//1864 4819//1863 4830//1861
f 4828//1866 4821//1867 4820//1865
f 4828//1866 4820//1865 4829//1864
f 4827//1868 4822//1869 4821//1867
f 4827//1868 4821//1867 4828//1866
f 4826//1870 4823//1871 4822//1869
f 4826//1870 4822//1869 4827//1868
f 4825//1872 4824//1872 4823//1871
f 4825//1872 4823//1871 4826//1870
o empty_30
v 0.123695 -0.129939 0.084064
v 0.121293 -0.129939 0.084064
v 0.123695 -0.153957 0.084064
v 0.121293 -0.153957 0.084064
v 0.123695 -0.153957 0.084064
v 0.121293 -0.153957 0.084064
v 0.123695 -0.153957 0.004003
v 0.121293 -0.153957 0.004003
v 0.123695 -0.153957 0.004003
v 0.121293 -0.153957 0.004003
v 0.123695 -0.129939 0.004003
v 0.121293 -0.129939 0.004003
v 0.123695 -0.129939 0.004003
v 0.121293 -0.129939 0.004003
v 0.123695 -0.117930 0.024804
v 0.121293 -0.117930 0.024804
v 0.123695 -0.117930 0.024804
v 0.121293 -0.117930 0.024804
v 0.123695 -0.117930 0.063264
v 0.121293 -0.117930 0.063264
v 0.123695 -0.117930 0.063264
v 0.121293 -0.117930 0.063264
v 0.123695 -0.129939 0.084064
v 0.121293 -0.129939 0.084064
v 0.123695 -0.117930 0.063264
v 0.123695 -0.129939 0.084064
v 0.123695 -0.117930 0.024804
v 0.123695 -0.129939 0.004003
v 0.123695 -0.153957 0.004003
v 0.123695 -0.153957 0.084064
v 0.121293 -0.129939 0.084064
v 0.121293 -0.153957 0.084064
v 0.121293 -0.117930 0.063264
v 0.121293 -0.117930 0.024804
v 0.121293 -0.129939 0.004003
v 0.121293 -0.153957 0.004003
vn -0.0000 -0.0000 1.0000
vn -0.0000 -1.0000 -0.0000
vn -0.0000 -0.0000 -1.0000
vn -0.0000 0.8660 -0.5000
vn -0.0000 1.0000 -0.0000
vn -0.0000 0.8660 0.5000
vn 1.0000 -0.0000 -0.0000
vn -1.0000 -0.0000 -0.0000
s 1
usemtl material385
f 4831//1873 4834//1873 4833//1873
f 4831//1873 4832//1873 4834//1873
f 4835//1874 4838//1874 4837//1874
f 4835//1874 4836//1874 4838//1874
f 4839//1875 4842//1875 4841//1875
f 4839//1875 4840//1875 4842//1875
f 4843//1876 4846//1876 4845//1876
f 4843//1876 4844//1876 4846//1876
f 4847//1877 4850//1877 4849//1877
f 4847//1877 4848//1877 4850//1877
f 4851//1878 4854//1878 4853//1878
f 4851//1878 4852//1878 4854//1878
f 4859//1879 4858//1879 4857//1879
f 4860//1879 4855//1879 4856//1879
f 4860//1879 4857//1879 4855//1879
f 4860//1879 4859//1879 4857//1879
f 4866//1880 4864//1880 4865//1880
f 4862//1880 4861//1880 4863//1880
f 4862//1880 4863//1880 4864//1880
f 4862//1880 4864//1880 4866//1880
o empty_31
v 0.123695 -0.089908 0.084064
v 0.121293 -0.089908 0.084064
v 0.123695 -0.113927 0.084064
v 0.121293 -0.113927 0.084064
v 0.123695 -0.113927 0.084064
v 0.121293 -0.113927 0.084064
v 0.123695 -0.113927 0.004003
v 0.121293 -0.113927 0.004003
v 0.123695 -0.113927 0.004003
v 0.121293 -0.113927 0.004003
v 0.123695 -0.089908 0.004003
v 0.121293 -0.089908 0.004003
v 0.123695 -0.089908 0.004003
v 0.121293 -0.089908 0.004003
v 0.123695 -0.077899 0.024804
v 0.121293 -0.077899 0.024804
v 0.123695 -0.077899 0.024804
v 0.121293 -0.077899 0.024804
v 0.123695 -0.077899 0.063264
v 0.121293 -0.077899 0.063264
v 0.123695 -0.077899 0.063264
v 0.121293 -0.077899 0.063264
v 0.123695 -0.089908 0.084064
v 0.121293 -0.089908 0.084064
v 0.123695 -0.077899 0.063264
v 0.123695 -0.089908 0.084064
v 0.123695 -0.077899 0.024804
v 0.123695 -0.089908 0.004003
v 0.123695 -0.113927 0.004003
v 0.123695 -0.113927 0.084064
v 0.121293 -0.089908 0.084064
v 0.121293 -0.113927 0.084064
v 0.121293 -0.077899 0.063264
v 0.121293 -0.077899 0.024804
v 0.121293 -0.089908 0.004003
v 0.121293 -0.113927 0.004003
vn -0.0000 -0.0000 1.0000
vn -0.0000 -1.0000 -0.0000
vn -0.0000 -0.0000 -1.0000
vn -0.0000 0.8660 -0.5000
vn -0.0000 1.0000 -0.0000
vn -0.0000 0.8660 0.5000
vn 1.0000 -0.0000 -0.0000
vn -1.0000 -0.0000 -0.0000
s 1
usemtl material386
f 4867//1881 4870//1881 4869//1881
f 4867//1881 4868//1881 4870//1881
f 4871//1882 4874//1882 4873//1882
f 4871//1882 4872//1882 4874//1882
f 4875//1883 4878//1883 4877//1883
f 4875//1883 4876//1883 4878//1883
f 4879//1884 4882//1884 4881//1884
f 4879//1884 4880//1884 4882//1884
f 4883//1885 4886//1885 4885//1885
f 4883//1885 4884//1885 4886//1885
f 4887//1886 4890//1886 4889//1886
f 4887//1886 4888//1886 4890//1886
f 4895//1887 4894//1887 4893//1887
f 4896//1887 4891//1887 4892//1887
f 4896//1887 4893//1887 4891//1887
f 4896//1887 4895//1887 4893//1887
f 4902//1888 4900//1888 4901//1888
f 4898//1888 4897//1888 4899//1888
f 4898//1888 4899//1888 4900//1888
f 4898//1888 4900//1888 4902//1888
o empty_32
v 0.123695 -0.049878 0.084064
v 0.121293 -0.049878 0.084064
v 0.123695 -0.073896 0.084064
v 0.121293 -0.073896 0.084064
v 0.123695 -0.073896 0.084064
v 0.121293 -0.073896 0.084064
v 0.123695 -0.073896 0.004003
v 0.121293 -0.073896 0.004003
v 0.123695 -0.073896 0.004003
v 0.121293 -0.073896 0.004003
v 0.123695 -0.049878 0.004003
v 0.121293 -0.049878 0.004003
v 0.123695 -0.049878 0.004003
v 0.121293 -0.049878 0.004003
v 0.123695 -0.037868 0.024804
v 0.121293 -0.037868 0.024804
v 0.123695 -0.037868 0.024804
v 0.121293 -0.037868 0.024804
v 0.123695 -0.037868 0.063264
v 0.121293 -0.037868 0.063264
v 0.123695 -0.037868 0.063264
v 0.121293 -0.037868 0.063264
v 0.123695 -0.049878 0.084064
v 0.121293 -0.049878 0.084064
v 0.123695 -0.037868 0.063264
v 0.123695 -0.049878 0.084064
v 0.123695 -0.037868 0.024804
v 0.123695 -0.049878 0.004003
v 0.123695 -0.073896 0.004003
v 0.123695 -0.073896 0.084064
v 0.121293 -0.049878 0.084064
v 0.121293 -0.073896 0.084064
v 0.121293 -0.037868 0.063264
v 0.121293 -0.037868 0.024804
v 0.121293 -0.049878 0.004003
v 0.121293 -0.073896 0.004003
vn -0.0000 -0.0000 1.0000
vn -0.0000 -1.0000 -0.0000
vn -0.0000 -0.0000 -1.0000
vn -0.0000 0.8660 -0.5000
vn -0.0000 1.0000 -0.0000
vn -0.0000 0.8660 0.5000
vn 1.0000 -0.0000 -0.0000
vn -1.0000 -0.0000 -0.0000
s 1
usemtl material387
f 4903//1889 4906//1889 4905//1889
f 4903//1889 4904//1889 4906//1889
f 4907//1890 4910//1890 4909//1890
f 4907//1890 4908//1890 4910//1890
f 4911//1891 4914//1891 4913//1891
f 4911//1891 4912//1891 4914//1891
f 4915//1892 4918//1892 4917//1892
f 4915//1892 4916//1892 4918//1892
f 4919//1893 4922//1893 4921//1893
f 4919//1893 4920//1893 4922//1893
f 4923//1894 4926//1894 4925//1894
f 4923//1894 4924//1894 4926//1894
f 4931//1895 4930//1895 4929//1895
f 4932//1895 4927//1895 4928//1895
f 4932//1895 4929//1895 4927//1895
f 4932//1895 4931//1895 4929//1895
f 4938//1896 4936//1896 4937//1896
f 4934//1896 4933//1896 4935//1896
f 4934//1896 4935//1896 4936//1896
f 4934//1896 4936//1896 4938//1896
o empty_33
v 0.123695 -0.009847 0.084064
v 0.121293 -0.009847 0.084064
v 0.123695 -0.033865 0.084064
v 0.121293 -0.033865 0.084064
v 0.123695 -0.033865 0.084064
v 0.121293 -0.033865 0.084064
v 0.123695 -0.033865 0.004003
v 0.121293 -0.033865 0.004003
v 0.123695 -0.033865 0.004003
v 0.121293 -0.033865 0.004003
v 0.123695 -0.009847 0.004003
v 0.121293 -0.009847 0.004003
v 0.123695 -0.009847 0.004003
v 0.121293 -0.009847 0.004003
v 0.123695 0.002162 0.024804
v 0.121293 0.002162 0.024804
v 0.123695 0.002162 0.024804
v 0.121293 0.002162 0.024804
v 0.123695 0.002162 0.063264
v 0.121293 0.002162 0.063264
v 0.123695 0.002162 0.063264
v 0.121293 0.002162 0.063264
v 0.123695 -0.009847 0.084064
v 0.121293 -0.009847 0.084064
v 0.123695 0.002162 0.063264
v 0.123695 -0.009847 0.084064
v 0.123695 0.002162 0.024804
v 0.123695 -0.009847 0.004003
v 0.123695 -0.033865 0.004003
v 0.123695 -0.033865 0.084064
v 0.121293 -0.009847 0.084064
v 0.121293 -0.033865 0.084064
v 0.121293 0.002162 0.063264
v 0.121293 0.002162 0.024804
v 0.121293 -0.009847 0.004003
v 0.121293 -0.033865 0.004003
vn -0.0000 -0.0000 1.0000
vn -0.0000 -1.0000 -0.0000
vn -0.0000 -0.0000 -1.0000
vn -0.0000 0.8660 -0.5000
vn -0.0000 1.0000 -0.0000
vn -0.0000 0.8660 0.5000
vn 1.0000 -0.0000 -0.0000
vn -1.0000 -0.0000 -0.0000
s 1
usemtl material388
f 4939//1897 4942//1897 4941//1897
f 4939//1897 4940//1897 4942//1897
f 4943//1898 4946//1898 4945//1898
f 4943//1898 4944//1898 4946//1898
f 4947//1899 4950//1899 4949//1899
f 4947//1899 4948//1899 4950//1899
f 4951//1900 4954//1900 4953//1900
f 4951//1900 4952//1900 4954//1900
f 4955//1901 4958//1901 4957//1901
f 4955//1901 4956//1901 4958//1901
f 4959//1902 4962//1902 4961//1902
f 4959//1902 4960//1902 4962//1902
f 4967//1903 4966//1903 4965//1903
f 4968//1903 4963//1903 4964//1903
f 4968//1903 4965//1903 4963//1903
f 4968//1903 4967//1903 4965//1903
f 4974//1904 4972//1904 4973//1904
f 4970//1904 4969//1904 4971//1904
f 4970//1904 4971//1904 4972//1904
f 4970//1904 4972//1904 4974//1904
o empty_34
v 0.123695 0.030184 0.084064
v 0.121293 0.030184 0.084064
v 0.123695 0.006165 0.084064
v 0.121293 0.006165 0.084064
v 0.123695 0.006165 0.084064
v 0.121293 0.006165 0.084064
v 0.123695 0.006165 0.004003
v 0.121293 0.006165 0.004003
v 0.123695 0.006165 0.004003
v 0.121293 0.006165 0.004003
v 0.123695 0.030184 0.004003
v 0.121293 0.030184 0.004003
v 0.123695 0.030184 0.004003
v 0.121293 0.030184 0.004003
v 0.123695 0.042193 0.024804
v 0.121293 0.042193 0.024804
v 0.123695 0.042193 0.024804
v 0.121293 0.042193 0.024804
v 0.123695 0.042193 0.063264
v 0.121293 0.042193 0.063264
v 0.123695 0.042193 0.063264
v 0.121293 0.042193 0.063264
v 0.123695 0.030184 0.084064
v 0.121293 0.030184 0.084064
v 0.123695 0.042193 0.063264
v 0.123695 0.030184 0.084064
v 0.123695 0.042193 0.024804
v 0.123695 0.030184 0.004003
v 0.123695 0.006165 0.004003
v 0.123695 0.006165 0.084064
v 0.121293 0.030184 0.084064
v 0.121293 0.006165 0.084064
v 0.121293 0.042193 0.063264
v 0.121293 0.042193 0.024804
v 0.121293 0.030184 0.004003
v 0.121293 0.006165 0.004003
vn -0.0000 -0.0000 1.0000
vn -0.0000 -1.0000 -0.0000
vn -0.0000 -0.0000 -1.0000
vn -0.0000 0.8660 -0.5000
vn -0.0000 1.0000 -0.0000
vn -0.0000 0.8660 0.5000
vn 1.0000 -0.0000 -0.0000
vn -1.0000 -0.0000 -0.0000
s 1
usemtl material389
f 4975//1905 4978//1905 4977//1905
f 4975//1905 4976//1905 4978//1905
f 4979//1906 4982//1906 4981//1906
f 4979//1906 4980//1906 4982//1906
f 4983//1907 4986//1907 4985//1907
f 4983//1907 4984//1907 4986//1907
f 4987//1908 4990//1908 4989//1908
f 4987//1908 4988//1908 4990//1908
f 4991//1909 4994//1909 4993//1909
f 4991//1909 4992//1909 4994//1909
f 4995//1910 4998//1910 4997//1910
f 4995//1910 4996//1910 4998//1910
f 5003//1911 5002//1911 5001//1911
f 5004//1911 4999//1911 5000//1911
f 5004//1911 5001//1911 4999//1911
f 5004//1911 5003//1911 5001//1911
f 5010//1912 5008//1912 5009//1912
f 5006//1912 5005//1912 5007//1912
f 5006//1912 5007//1912 5008//1912
f 5006//1912 5008//1912 5010//1912
o empty_35
v 0.123695 0.070214 0.084064
v 0.121293 0.070214 0.084064
v 0.123695 0.046196 0.084064
v 0.121293 0.046196 0.084064
v 0.123695 0.046196 0.084064
v 0.121293 0.046196 0.084064
v 0.123695 0.046196 0.004003
v 0.121293 0.046196 0.004003
v 0.123695 0.046196 0.004003
v 0.121293 0.046196 0.004003
v 0.123695 0.070214 0.004003
v 0.121293 0.070214 0.004003
v 0.123695 0.070214 0.004003
v 0.121293 0.070214 0.004003
v 0.123695 0.082223 0.024804
v 0.121293 0.082223 0.024804
v 0.123695 0.082223 0.024804
v 0.121293 0.082223 0.024804
v 0.123695 0.082223 0.063264
v 0.121293 0.082223 0.063264
v 0.123695 0.082223 0.063264
v 0.121293 0.082223 0.063264
v 0.123695 0.070214 0.084064
v 0.121293 0.070214 0.084064
v 0.123695 0.082223 0.063264
v 0.123695 0.070214 0.084064
v 0.123695 0.082223 0.024804
v 0.123695 0.070214 0.004003
v 0.123695 0.046196 0.004003
v 0.123695 0.046196 0.084064
v 0.121293 0.070214 0.084064
v 0.121293 0.046196 0.084064
v 0.121293 0.082223 0.063264
v 0.121293 0.082223 0.024804
v 0.121293 0.070214 0.004003
v 0.121293 0.046196 0.004003
vn -0.0000 -0.0000 1.0000
vn -0.0000 -1.0000 -0.0000
vn -0.0000 -0.0000 -1.0000
vn -0.0000 0.8660 -0.5000
vn -0.0000 1.0000 -0.0000
vn -0.0000 0.8660 0.5000
vn 1.0000 -0.0000 -0.0000
vn -1.0000 -0.0000 -0.0000
s 1
usemtl material390
f 5011//1913 5014//1913 5013//1913
f 5011//1913 5012//1913 5014//1913
f 5015//1914 5018//1914 5017//1914
f 5015//1914 5016//1914 5018//1914
f 5019//1915 5022//1915 5021//1915
f 5019//1915 5020//1915 5022//1915
f 5023//1916 5026//1916 5025//1916
f 5023//1916 5024//1916 5026//1916
f 5027//1917 5030//1917 5029//1917
f 5027//1917 5028//1917 5030//1917
f 5031//1918 5034//1918 5033//1918
f 5031//1918 5032//1918 5034//1918
f 5039//1919 5038//1919 5037//1919
f 5040//1919 5035//1919 5036//1919
f 5040//1919 5037//1919 5035//1919
f 5040//1919 5039//1919 5037//1919
f 5046//1920 5044//1920 5045//1920
f 5042//1920 5041//1920 5043//1920
f 5042//1920 5043//1920 5044//1920
f 5042//1920 5044//1920 5046//1920
o empty_36
v 0.123695 0.110245 0.084064
v 0.121293 0.110245 0.084064
v 0.123695 0.086226 0.084064
v 0.121293 0.086226 0.084064
v 0.123695 0.086226 0.084064
v 0.121293 0.086226 0.084064
v 0.123695 0.086226 0.004003
v 0.121293 0.086226 0.004003
v 0.123695 0.086226 0.004003
v 0.121293 0.086226 0.004003
v 0.123695 0.110245 0.004003
v 0.121293 0.110245 0.004003
v 0.123695 0.110245 0.004003
v 0.121293 0.110245 0.004003
v 0.123695 0.122254 0.024804
v 0.121293 0.122254 0.024804
v 0.123695 0.122254 0.024804
v 0.121293 0.122254 0.024804
v 0.123695 0.122254 0.063264
v 0.121293 0.122254 0.063264
v 0.123695 0.122254 0.063264
v 0.121293 0.122254 0.063264
v 0.123695 0.110245 0.084064
v 0.121293 0.110245 0.084064
v 0.123695 0.122254 0.063264
v 0.123695 0.110245 0.084064
v 0.123695 0.122254 0.024804
v 0.123695 0.110245 0.004003
v 0.123695 0.086226 0.004003
v 0.123695 0.086226 0.084064
v 0.121293 0.110245 0.084064
v 0.121293 0.086226 0.084064
v 0.121293 0.122254 0.063264
v 0.121293 0.122254 0.024804
v 0.121293 0.110245 0.004003
v 0.121293 0.086226 0.004003
vn -0.0000 -0.0000 1.0000
vn -0.0000 -1.0000 -0.0000
vn -0.0000 -0.0000 -1.0000
vn -0.0000 0.8660 -0.5000
vn -0.0000 1.0000 -0.0000
vn -0.0000 0.8660 0.5000
vn 1.0000 -0.0000 -0.0000
vn -1.0000 -0.0000 -0.0000
s 1
usemtl material391
f 5047//1921 5050//1921 5049//1921
f 5047//1921 5048//1921 5050//1921
f 5051//1922 5054//1922 5053//1922
f 5051//1922 5052//1922 5054//1922
f 5055//1923 5058//1923 5057//1923
f 5055//1923 5056//1923 5058//1923
f 5059//1924 5062//1924 5061//1924
f 5059//1924 5060//1924 5062//1924
f 5063//1925 5066//1925 5065//1925
f 5063//1925 5064//1925 5066//1925
f 5067//1926 5070//1926 5069//1926
f 5067//1926 5068//1926 5070//1926
f 5075//1927 5074//1927 5073//1927
f 5076//1927 5071//1927 5072//1927
f 5076//1927 5073//1927 5071//1927
f 5076//1927 5075//1927 5073//1927
f 5082//1928 5080//1928 5081//1928
f 5078//1928 5077//1928 5079//1928
f 5078//1928 5079//1928 5080//1928
f 5078//1928 5080//1928 5082//1928
o empty_37
v 0.123695 0.150275 0.084064
v 0.121293 0.150275 0.084064
v 0.123695 0.126257 0.084064
v 0.121293 0.126257 0.084064
v 0.123695 0.126257 0.084064
v 0.121293 0.126257 0.084064
v 0.123695 0.126257 0.004003
v 0.121293 0.126257 0.004003
v 0.123695 0.126257 0.004003
v 0.121293 0.126257 0.004003
v 0.123695 0.150275 0.004003
v 0.121293 0.150275 0.004003
v 0.123695 0.150275 0.004003
v 0.121293 0.150275 0.004003
v 0.123695 0.162285 0.024804
v 0.121293 0.162285 0.024804
v 0.123695 0.162285 0.024804
v 0.121293 0.162285 0.024804
v 0.123695 0.162285 0.063264
v 0.121293 0.162285 0.063264
v 0.123695 0.162285 0.063264
v 0.121293 0.162285 0.063264
v 0.123695 0.150275 0.084064
v 0.121293 0.150275 0.084064
v 0.123695 0.162285 0.063264
v 0.123695 0.150275 0.084064
v 0.123695 0.162285 0.024804
v 0.123695 0.150275 0.004003
v 0.123695 0.126257 0.004003
v 0.123695 0.126257 0.084064
v 0.121293 0.150275 0.084064
v 0.121293 0.126257 0.084064
v 0.121293 0.162285 0.063264
v 0.121293 0.162285 0.024804
v 0.121293 0.150275 0.004003
v 0.121293 0.126257 0.004003
vn -0.0000 -0.0000 1.0000
vn -0.0000 -1.0000 -0.0000
vn -0.0000 -0.0000 -1.0000
vn -0.0000 0.8660 -0.5000
vn -0.0000 1.0000 -0.0000
vn -0.0000 0.8660 0.5000
vn 1.0000 -0.0000 -0.0000
vn -1.0000 -0.0000 -0.0000
s 1
usemtl material392
f 5083//1929 5086//1929 5085//1929
f 5083//1929 5084//1929 5086//1929
f 5087//1930 5090//1930 5089//1930
f 5087//1930 5088//1930 5090//1930
f 5091//1931 5094//1931 5093//1931
f 5091//1931 5092//1931 5094//1931
f 5095//1932 5098//1932 5097//1932
f 5095//1932 5096//1932 5098//1932
f 5099//1933 5102//1933 5101//1933
f 5099//1933 5100//1933 5102//1933
f 5103//1934 5106//1934 5105//1934
f 5103//1934 5104//1934 5106//1934
f 5111//1935 5110//1935 5109//1935
f 5112//1935 5107//1935 5108//1935
f 5112//1935 5109//1935 5107//1935
f 5112//1935 5111//1935 5109//1935
f 5118//1936 5116//1936 5117//1936
f 5114//1936 5113//1936 5115//1936
f 5114//1936 5115//1936 5116//1936
f 5114//1936 5116//1936 5118//1936
o empty_38
v 0.123695 0.190306 0.084064
v 0.121293 0.190306 0.084064
v 0.123695 0.166288 0.084064
v 0.121293 0.166288 0.084064
v 0.123695 0.166288 0.084064
v 0.121293 0.166288 0.084064
v 0.123695 0.166288 0.004003
v 0.121293 0.166288 0.004003
v 0.123695 0.166288 0.004003
v 0.121293 0.166288 0.004003
v 0.123695 0.190306 0.004003
v 0.121293 0.190306 0.004003
v 0.123695 0.190306 0.004003
v 0.121293 0.190306 0.004003
v 0.123695 0.202315 0.024804
v 0.121293 0.202315 0.024804
v 0.123695 0.202315 0.024804
v 0.121293 0.202315 0.024804
v 0.123695 0.202315 0.063264
v 0.121293 0.202315 0.063264
v 0.123695 0.202315 0.063264
v 0.121293 0.202315 0.063264
v 0.123695 0.190306 0.084064
v 0.121293 0.190306 0.084064
v 0.123695 0.202315 0.063264
v 0.123695 0.190306 0.084064
v 0.123695 0.202315 0.024804
v 0.123695 0.190306 0.004003
v 0.123695 0.166288 0.004003
v 0.123695 0.166288 0.084064
v 0.121293 0.190306 0.084064
v 0.121293 0.166288 0.084064
v 0.121293 0.202315 0.063264
v 0.121293 0.202315 0.024804
v 0.121293 0.190306 0.004003
v 0.121293 0.166288 0.004003
vn -0.0000 -0.0000 1.0000
vn -0.0000 -1.0000 -0.0000
vn -0.0000 -0.0000 -1.0000
vn -0.0000 0.8660 -0.5000
vn -0.0000 1.0000 -0.0000
vn -0.0000 0.8660 0.5000
vn 1.0000 -0.0000 -0.0000
vn -1.0000 -0.0000 -0.0000
s 1
usemtl material393
f 5119//1937 5122//1937 5121//1937
f 5119//1937 5120//1937 5122//1937
f 5123//1938 5126//1938 5125//1938
f 5123//1938 5124//1938 5126//1938
f 5127//1939 5130//1939 5129//1939
f 5127//1939 5128//1939 5130//1939
f 5131//1940 5134//1940 5133//1940
f 5131//1940 5132//1940 5134//1940
f 5135//1941 5138//1941 5137//1941
f 5135//1941 5136//1941 5138//1941
f 5139//1942 5142//1942 5141//1942
f 5139//1942 5140//1942 5142//1942
f 5147//1943 5146//1943 5145//1943
f 5148//1943 5143//1943 5144//1943
f 5148//1943 5145//1943 5143//1943
f 5148//1943 5147//1943 5145//1943
f 5154//1944 5152//1944 5153//1944
f 5150//1944 5149//1944 5151//1944
f 5150//1944 5151//1944 5152//1944
f 5150//1944 5152//1944 5154//1944
o empty_39
v 0.123695 -0.129939 -0.004003
v 0.121293 -0.129939 -0.004003
v 0.123695 -0.153957 -0.004003
v 0.121293 -0.153957 -0.004003
v 0.123695 -0.153957 -0.004003
v 0.121293 -0.153957 -0.004003
v 0.123695 -0.153957 -0.084064
v 0.121293 -0.153957 -0.084064
v 0.123695 -0.153957 -0.084064
v 0.121293 -0.153957 -0.084064
v 0.123695 -0.129939 -0.084064
v 0.121293 -0.129939 -0.084064
v 0.123695 -0.129939 -0.084064
v 0.121293 -0.129939 -0.084064
v 0.123695 -0.117930 -0.063264
v 0.121293 -0.117930 -0.063264
v 0.123695 -0.117930 -0.063264
v 0.121293 -0.117930 -0.063264
v 0.123695 -0.117930 -0.024804
v 0.121293 -0.117930 -0.024804
v 0.123695 -0.117930 -0.024804
v 0.121293 -0.117930 -0.024804
v 0.123695 -0.129939 -0.004003
v 0.121293 -0.129939 -0.004003
v 0.123695 -0.117930 -0.024804
v 0.123695 -0.129939 -0.004003
v 0.123695 -0.117930 -0.063264
v 0.123695 -0.129939 -0.084064
v 0.123695 -0.153957 -0.084064
v 0.123695 -0.153957 -0.004003
v 0.121293 -0.129939 -0.004003
v 0.121293 -0.153957 -0.004003
v 0.121293 -0.117930 -0.024804
v 0.121293 -0.117930 -0.063264
v 0.121293 -0.129939 -0.084064
v 0.121293 -0.153957 -0.084064
vn -0.0000 -0.0000 1.0000
vn -0.0000 -1.0000 -0.0000
vn -0.0000 -0.0000 -1.0000
vn -0.0000 0.8660 -0.5000
vn -0.0000 1.0000 -0.0000
vn -0.0000 0.8660 0.5000
vn 1.0000 -0.0000 -0.0000
vn -1.0000 -0.0000 -0.0000
s 1
usemtl material394
f 5155//1945 5158//1945 5157//1945
f 5155//1945 5156//1945 5158//1945
f 5159//1946 5162//1946 5161//1946
f 5159//1946 5160//1946 5162//1946
f 5163//1947 5166//1947 5165//1947
f 5163//1947 5164//1947 5166//1947
f 5167//1948 5170//1948 5169//1948
f 5167//1948 5168//1948 5170//1948
f 5171//1949 5174//1949 5173//1949
f 5171//1949 5172//1949 5174//1949
f 5175//1950 5178//1950 5177//1950
f 5175//1950 5176//1950 5178//1950
f 5183//1951 5182//1951 5181//1951
f 5184//1951 5179//1951 5180//1951
f 5184//1951 5181//1951 5179//1951
f 5184//1951 5183//1951 5181//1951
f 5190//1952 5188//1952 5189//1952
f 5186//1952 5185//1952 5187//1952
f 5186//1952 5187//1952 5188//1952
f 5186//1952 5188//1952 5190//1952
o empty_4
v 0.097274 -0.203595 0.105280
v 0.097274 -0.203595 0.101277
v 0.097274 -0.053681 0.105280
v 0.097274 -0.053681 0.101277
v -0.097274 0.216726 0.105280
v -0.097274 0.216726 0.101277
v -0.097274 -0.203595 0.105280
v -0.097274 -0.203595 0.101277
v -0.097274 -0.203595 0.105280
v -0.097274 -0.203595 0.101277
v 0.097274 -0.203595 0.105280
v 0.097274 -0.203595 0.101277
v 0.097274 0.216726 0.105280
v 0.097274 0.216726 0.101277
v 0.097274 0.066812 0.101277
v 0.097274 0.066812 0.105280
v 0.097274 0.216726 0.105280
v 0.097274 0.216726 0.101277
v -0.097274 0.216726 0.105280
v -0.097274 0.216726 0.101277
v -0.097274 -0.203595 0.105280
v 0.097274 -0.203595 0.105280
v -0.097274 0.216726 0.105280
v 0.097274 0.216726 0.105280
v 0.097274 0.066812 0.105280
v 0.089268 0.066812 0.105280
v 0.089268 -0.053681 0.105280
v 0.097274 -0.053681 0.105280
v 0.089268 -0.053681 0.101277
v 0.097274 -0.053681 0.101277
v 0.097274 -0.203595 0.101277
v -0.097274 -0.203595 0.101277
v -0.097274 0.216726 0.101277
v 0.097274 0.216726 0.101277
v 0.097274 0.066812 0.101277
v 0.089268 0.066812 0.101277
v 0.089268 -0.053681 0.101277
v 0.089268 -0.053681 0.105280
v 0.097274 -0.053681 0.101277
v 0.097274 -0.053681 0.105280
v 0.089268 0.066812 0.101277
v 0.089268 0.066812 0.105280
v 0.089268 -0.053681 0.101277
v 0.089268 -0.053681 0.105280
v 0.097274 0.066812 0.101277
v 0.097274 0.066812 0.105280
v 0.089268 0.066812 0.101277
v 0.089268 0.066812 0.105280
vn 1.0000 -0.0000 -0.0000
vn -1.0000 -0.0000 -0.0000
vn -0.0000 -1.0000 -0.0000
vn -0.0000 1.0000 -0.0000
vn -0.0000 -0.0000 1.0000
vn -0.0000 -0.0000 -1.0000
s 1
usemtl material359
f 5191//1953 5194//1953 5193//1953
f 5191//1953 5192//1953 5194//1953
f 5195//1954 5198//1954 5197//1954
f 5195//1954 5196//1954 5198//1954
f 5199//1955 5202//1955 5201//1955
f 5199//1955 5200//1955 5202//1955
f 5206//1953 5204//1953 5203//1953
f 5206//1953 5205//1953 5204//1953
f 5207//1956 5210//1956 5209//1956
f 5207//1956 5208//1956 5210//1956
f 5216//1957 5215//1957 5214//1957
f 5213//1957 5216//1957 5214//1957
f 5212//1957 5218//1957 5217//1957
f 5211//1957 5217//1957 5216//1957
f 5211//1957 5216//1957 5213//1957
f 5211//1957 5212//1957 5217//1957
f 5226//1958 5224//1958 5225//1958
f 5223//1958 5224//1958 5226//1958
f 5221//1958 5219//1958 5220//1958
f 5222//1958 5226//1958 5219//1958
f 5222//1958 5223//1958 5226//1958
f 5222//1958 5219//1958 5221//1958
f 5230//1956 5227//1956 5228//1956
f 5230//1956 5229//1956 5227//1956
f 5234//1953 5231//1953 5232//1953
f 5234//1953 5233//1953 5231//1953
f 5238//1955 5235//1955 5236//1955
f 5238//1955 5237//1955 5235//1955
o empty_40
v 0.123695 -0.089908 -0.004003
v 0.121293 -0.089908 -0.004003
v 0.123695 -0.113927 -0.004003
v 0.121293 -0.113927 -0.004003
v 0.123695 -0.113927 -0.004003
v 0.121293 -0.113927 -0.004003
v 0.123695 -0.113927 -0.084064
v 0.121293 -0.113927 -0.084064
v 0.123695 -0.113927 -0.084064
v 0.121293 -0.113927 -0.084064
v 0.123695 -0.089908 -0.084064
v 0.121293 -0.089908 -0.084064
v 0.123695 -0.089908 -0.084064
v 0.121293 -0.089908 -0.084064
v 0.123695 -0.077899 -0.063264
v 0.121293 -0.077899 -0.063264
v 0.123695 -0.077899 -0.063264
v 0.121293 -0.077899 -0.063264
v 0.123695 -0.077899 -0.024804
v 0.121293 -0.077899 -0.024804
v 0.123695 -0.077899 -0.024804
v 0.121293 -0.077899 -0.024804
v 0.123695 -0.089908 -0.004003
v 0.121293 -0.089908 -0.004003
v 0.123695 -0.077899 -0.024804
v 0.123695 -0.089908 -0.004003
v 0.123695 -0.077899 -0.063264
v 0.123695 -0.089908 -0.084064
v 0.123695 -0.113927 -0.084064
v 0.123695 -0.113927 -0.004003
v 0.121293 -0.089908 -0.004003
v 0.121293 -0.113927 -0.004003
v 0.121293 -0.077899 -0.024804
v 0.121293 -0.077899 -0.063264
v 0.121293 -0.089908 -0.084064
v 0.121293 -0.113927 -0.084064
vn -0.0000 -0.0000 1.0000
vn -0.0000 -1.0000 -0.0000
vn -0.0000 -0.0000 -1.0000
vn -0.0000 0.8660 -0.5000
vn -0.0000 1.0000 -0.0000
vn -0.0000 0.8660 0.5000
vn 1.0000 -0.0000 -0.0000
vn -1.0000 -0.0000 -0.0000
s 1
usemtl material395
f 5239//1959 5242//1959 5241//1959
f 5239//1959 5240//1959 5242//1959
f 5243//1960 5246//1960 5245//1960
f 5243//1960 5244//1960 5246//1960
f 5247//1961 5250//1961 5249//1961
f 5247//1961 5248//1961 5250//1961
f 5251//1962 5254//1962 5253//1962
f 5251//1962 5252//1962 5254//1962
f 5255//1963 5258//1963 5257//1963
f 5255//1963 5256//1963 5258//1963
f 5259//1964 5262//1964 5261//1964
f 5259//1964 5260//1964 5262//1964
f 5267//1965 5266//1965 5265//1965
f 5268//1965 5263//1965 5264//1965
f 5268//1965 5265//1965 5263//1965
f 5268//1965 5267//1965 5265//1965
f 5274//1966 5272//1966 5273//1966
f 5270//1966 5269//1966 5271//1966
f 5270//1966 5271//1966 5272//1966
f 5270//1966 5272//1966 5274//1966
o empty_41
v 0.123695 -0.049878 -0.004003
v 0.121293 -0.049878 -0.004003
v 0.123695 -0.073896 -0.004003
v 0.121293 -0.073896 -0.004003
v 0.123695 -0.073896 -0.004003
v 0.121293 -0.073896 -0.004003
v 0.123695 -0.073896 -0.084064
v 0.121293 -0.073896 -0.084064
v 0.123695 -0.073896 -0.084064
v 0.121293 -0.073896 -0.084064
v 0.123695 -0.049878 -0.084064
v 0.121293 -0.049878 -0.084064
v 0.123695 -0.049878 -0.084064
v 0.121293 -0.049878 -0.084064
v 0.123695 -0.037868 -0.063264
v 0.121293 -0.037868 -0.063264
v 0.123695 -0.037868 -0.063264
v 0.121293 -0.037868 -0.063264
v 0.123695 -0.037868 -0.024804
v 0.121293 -0.037868 -0.024804
v 0.123695 -0.037868 -0.024804
v 0.121293 -0.037868 -0.024804
v 0.123695 -0.049878 -0.004003
v 0.121293 -0.049878 -0.004003
v 0.123695 -0.037868 -0.024804
v 0.123695 -0.049878 -0.004003
v 0.123695 -0.037868 -0.063264
v 0.123695 -0.049878 -0.084064
v 0.123695 -0.073896 -0.084064
v 0.123695 -0.073896 -0.004003
v 0.121293 -0.049878 -0.004003
v 0.121293 -0.073896 -0.004003
v 0.121293 -0.037868 -0.024804
v 0.121293 -0.037868 -0.063264
v 0.121293 -0.049878 -0.084064
v 0.121293 -0.073896 -0.084064
vn -0.0000 -0.0000 1.0000
vn -0.0000 -1.0000 -0.0000
vn -0.0000 -0.0000 -1.0000
vn -0.0000 0.8660 -0.5000
vn -0.0000 1.0000 -0.0000
vn -0.0000 0.8660 0.5000
vn 1.0000 -0.0000 -0.0000
vn -1.0000 -0.0000 -0.0000
s 1
usemtl material396
f 5275//1967 5278//1967 5277//1967
f 5275//1967 5276//1967 5278//1967
f 5279//1968 5282//1968 5281//1968
f 5279//1968 5280//1968 5282//1968
f 5283//1969 5286//1969 5285//1969
f 5283//1969 5284//1969 5286//1969
f 5287//1970 5290//1970 5289//1970
f 5287//1970 5288//1970 5290//1970
f 5291//1971 5294//1971 5293//1971
f 5291//1971 5292//1971 5294//1971
f 5295//1972 5298//1972 5297//1972
f 5295//1972 5296//1972 5298//1972
f 5303//1973 5302//1973 5301//1973
f 5304//1973 5299//1973 5300//1973
f 5304//1973 5301//1973 5299//1973
f 5304//1973 5303//1973 5301//1973
f 5310//1974 5308//1974 5309//1974
f 5306//1974 5305//1974 5307//1974
f 5306//1974 5307//1974 5308//1974
f 5306//1974 5308//1974 5310//1974
o empty_42
v 0.123695 -0.009847 -0.004003
v 0.121293 -0.009847 -0.004003
v 0.123695 -0.033865 -0.004003
v 0.121293 -0.033865 -0.004003
v 0.123695 -0.033865 -0.004003
v 0.121293 -0.033865 -0.004003
v 0.123695 -0.033865 -0.084064
v 0.121293 -0.033865 -0.084064
v 0.123695 -0.033865 -0.084064
v 0.121293 -0.033865 -0.084064
v 0.123695 -0.009847 -0.084064
v 0.121293 -0.009847 -0.084064
v 0.123695 -0.009847 -0.084064
v 0.121293 -0.009847 -0.084064
v 0.123695 0.002162 -0.063264
v 0.121293 0.002162 -0.063264
v 0.123695 0.002162 -0.063264
v 0.121293 0.002162 -0.063264
v 0.123695 0.002162 -0.024804
v 0.121293 0.002162 -0.024804
v 0.123695 0.002162 -0.024804
v 0.121293 0.002162 -0.024804
v 0.123695 -0.009847 -0.004003
v 0.121293 -0.009847 -0.004003
v 0.123695 0.002162 -0.024804
v 0.123695 -0.009847 -0.004003
v 0.123695 0.002162 -0.063264
v 0.123695 -0.009847 -0.084064
v 0.123695 -0.033865 -0.084064
v 0.123695 -0.033865 -0.004003
v 0.121293 -0.009847 -0.004003
v 0.121293 -0.033865 -0.004003
v 0.121293 0.002162 -0.024804
v 0.121293 0.002162 -0.063264
v 0.121293 -0.009847 -0.084064
v 0.121293 -0.033865 -0.084064
vn -0.0000 -0.0000 1.0000
vn -0.0000 -1.0000 -0.0000
vn -0.0000 -0.0000 -1.0000
vn -0.0000 0.8660 -0.5000
vn -0.0000 1.0000 -0.0000
vn -0.0000 0.8660 0.5000
vn 1.0000 -0.0000 -0.0000
vn -1.0000 -0.0000 -0.0000
s 1
usemtl material397
f 5311//1975 5314//1975 5313//1975
f 5311//1975 5312//1975 5314//1975
f 5315//1976 5318//1976 5317//1976
f 5315//1976 5316//1976 5318//1976
f 5319//1977 5322//1977 5321//1977
f 5319//1977 5320//1977 5322//1977
f 5323//1978 5326//1978 5325//1978
f 5323//1978 5324//1978 5326//1978
f 5327//1979 5330//1979 5329//1979
f 5327//1979 5328//1979 5330//1979
f 5331//1980 5334//1980 5333//1980
f 5331//1980 5332//1980 5334//1980
f 5339//1981 5338//1981 5337//1981
f 5340//1981 5335//1981 5336//1981
f 5340//1981 5337//1981 5335//1981
f 5340//1981 5339//1981 5337//1981
f 5346//1982 5344//1982 5345//1982
f 5342//1982 5341//1982 5343//1982
f 5342//1982 5343//1982 5344//1982
f 5342//1982 5344//1982 5346//1982
o empty_43
v 0.123695 0.030184 -0.004003
v 0.121293 0.030184 -0.004003
v 0.123695 0.006165 -0.004003
v 0.121293 0.006165 -0.004003
v 0.123695 0.006165 -0.004003
v 0.121293 0.006165 -0.004003
v 0.123695 0.006165 -0.084064
v 0.121293 0.006165 -0.084064
v 0.123695 0.006165 -0.084064
v 0.121293 0.006165 -0.084064
v 0.123695 0.030184 -0.084064
v 0.121293 0.030184 -0.084064
v 0.123695 0.030184 -0.084064
v 0.121293 0.030184 -0.084064
v 0.123695 0.042193 -0.063264
v 0.121293 0.042193 -0.063264
v 0.123695 0.042193 -0.063264
v 0.121293 0.042193 -0.063264
v 0.123695 0.042193 -0.024804
v 0.121293 0.042193 -0.024804
v 0.123695 0.042193 -0.024804
v 0.121293 0.042193 -0.024804
v 0.123695 0.030184 -0.004003
v 0.121293 0.030184 -0.004003
v 0.123695 0.042193 -0.024804
v 0.123695 0.030184 -0.004003
v 0.123695 0.042193 -0.063264
v 0.123695 0.030184 -0.084064
v 0.123695 0.006165 -0.084064
v 0.123695 0.006165 -0.004003
v 0.121293 0.030184 -0.004003
v 0.121293 0.006165 -0.004003
v 0.121293 0.042193 -0.024804
v 0.121293 0.042193 -0.063264
v 0.121293 0.030184 -0.084064
v 0.121293 0.006165 -0.084064
vn -0.0000 -0.0000 1.0000
vn -0.0000 -1.0000 -0.0000
vn -0.0000 -0.0000 -1.0000
vn -0.0000 0.8660 -0.5000
vn -0.0000 1.0000 -0.0000
vn -0.0000 0.8660 0.5000
vn 1.0000 -0.0000 -0.0000
vn -1.0000 -0.0000 -0.0000
s 1
usemtl material398
f 5347//1983 5350//1983 5349//1983
f 5347//1983 5348//1983 5350//1983
f 5351//1984 5354//1984 5353//1984
f 5351//1984 5352//1984 5354//1984
f 5355//1985 5358//1985 5357//1985
f 5355//1985 5356//1985 5358//1985
f 5359//1986 5362//1986 5361//1986
f 5359//1986 5360//1986 5362//1986
f 5363//1987 5366//1987 5365//1987
f 5363//1987 5364//1987 5366//1987
f 5367//1988 5370//1988 5369//1988
f 5367//1988 5368//1988 5370//1988
f 5375//1989 5374//1989 5373//1989
f 5376//1989 5371//1989 5372//1989
f 5376//1989 5373//1989 5371//1989
f 5376//1989 5375//1989 5373//1989
f 5382//1990 5380//1990 5381//1990
f 5378//1990 5377//1990 5379//1990
f 5378//1990 5379//1990 5380//1990
f 5378//1990 5380//1990 5382//1990
o empty_44
v 0.123695 0.070214 -0.004003
v 0.121293 0.070214 -0.004003
v 0.123695 0.046196 -0.004003
v 0.121293 0.046196 -0.004003
v 0.123695 0.046196 -0.004003
v 0.121293 0.046196 -0.004003
v 0.123695 0.046196 -0.084064
v 0.121293 0.046196 -0.084064
v 0.123695 0.046196 -0.084064
v 0.121293 0.046196 -0.084064
v 0.123695 0.070214 -0.084064
v 0.121293 0.070214 -0.084064
v 0.123695 0.070214 -0.084064
v 0.121293 0.070214 -0.084064
v 0.123695 0.082223 -0.063264
v 0.121293 0.082223 -0.063264
v 0.123695 0.082223 -0.063264
v 0.121293 0.082223 -0.063264
v 0.123695 0.082223 -0.024804
v 0.121293 0.082223 -0.024804
v 0.123695 0.082223 -0.024804
v 0.121293 0.082223 -0.024804
v 0.123695 0.070214 -0.004003
v 0.121293 0.070214 -0.004003
v 0.123695 0.082223 -0.024804
v 0.123695 0.070214 -0.004003
v 0.123695 0.082223 -0.063264
v 0.123695 0.070214 -0.084064
v 0.123695 0.046196 -0.084064
v 0.123695 0.046196 -0.004003
v 0.121293 0.070214 -0.004003
v 0.121293 0.046196 -0.004003
v 0.121293 0.082223 -0.024804
v 0.121293 0.082223 -0.063264
v 0.121293 0.070214 -0.084064
v 0.121293 0.046196 -0.084064
vn -0.0000 -0.0000 1.0000
vn -0.0000 -1.0000 -0.0000
vn -0.0000 -0.0000 -1.0000
vn -0.0000 0.8660 -0.5000
vn -0.0000 1.0000 -0.0000
vn -0.0000 0.8660 0.5000
vn 1.0000 -0.0000 -0.0000
vn -1.0000 -0.0000 -0.0000
s 1
usemtl material399
f 5383//1991 5386//1991 5385//1991
f 5383//1991 5384//1991 5386//1991
f 5387//1992 5390//1992 5389//1992
f 5387//1992 5388//1992 5390//1992
f 5391//1993 5394//1993 5393//1993
f 5391//1993 5392//1993 5394//1993
f 5395//1994 5398//1994 5397//1994
f 5395//1994 5396//1994 5398//1994
f 5399//1995 5402//1995 5401//1995
f 5399//1995 5400//1995 5402//1995
f 5403//1996 5406//1996 5405//1996
f 5403//1996 5404//1996 5406//1996
f 5411//1997 5410//1997 5409//1997
f 5412//1997 5407//1997 5408//1997
f 5412//1997 5409//1997 5407//1997
f 5412//1997 5411//1997 5409//1997
f 5418//1998 5416//1998 5417//1998
f 5414//1998 5413//1998 5415//1998
f 5414//1998 5415//1998 5416//1998
f 5414//1998 5416//1998 5418//1998
o empty_45
v 0.123695 0.110245 -0.004003
v 0.121293 0.110245 -0.004003
v 0.123695 0.086226 -0.004003
v 0.121293 0.086226 -0.004003
v 0.123695 0.086226 -0.004003
v 0.121293 0.086226 -0.004003
v 0.123695 0.086226 -0.084064
v 0.121293 0.086226 -0.084064
v 0.123695 0.086226 -0.084064
v 0.121293 0.086226 -0.084064
v 0.123695 0.110245 -0.084064
v 0.121293 0.110245 -0.084064
v 0.123695 0.110245 -0.084064
v 0.121293 0.110245 -0.084064
v 0.123695 0.122254 -0.063264
v 0.121293 0.122254 -0.063264
v 0.123695 0.122254 -0.063264
v 0.121293 0.122254 -0.063264
v 0.123695 0.122254 -0.024804
v 0.121293 0.122254 -0.024804
v 0.123695 0.122254 -0.024804
v 0.121293 0.122254 -0.024804
v 0.123695 0.110245 -0.004003
v 0.121293 0.110245 -0.004003
v 0.123695 0.122254 -0.024804
v 0.123695 0.110245 -0.004003
v 0.123695 0.122254 -0.063264
v 0.123695 0.110245 -0.084064
v 0.123695 0.086226 -0.084064
v 0.123695 0.086226 -0.004003
v 0.121293 0.110245 -0.004003
v 0.121293 0.086226 -0.004003
v 0.121293 0.122254 -0.024804
v 0.121293 0.122254 -0.063264
v 0.121293 0.110245 -0.084064
v 0.121293 0.086226 -0.084064
vn -0.0000 -0.0000 1.0000
vn -0.0000 -1.0000 -0.0000
vn -0.0000 -0.0000 -1.0000
vn -0.0000 0.8660 -0.5000
vn -0.0000 1.0000 -0.0000
vn -0.0000 0.8660 0.5000
vn 1.0000 -0.0000 -0.0000
vn -1.0000 -0.0000 -0.0000
s 1
usemtl material400
f 5419//1999 5422//1999 5421//1999
f 5419//1999 5420//1999 5422//1999
f 5423//2000 5426//2000 5425//2000
f 5423//2000 5424//2000 5426//2000
f 5427//2001 5430//2001 5429//2001
f 5427//2001 5428//2001 5430//2001
f 5431//2002 5434//2002 5433//2002
f 5431//2002 5432//2002 5434//2002
f 5435//2003 5438//2003 5437//2003
f 5435//2003 5436//2003 5438//2003
f 5439//2004 5442//2004 5441//2004
f 5439//2004 5440//2004 5442//2004
f 5447//2005 5446//2005 5445//2005
f 5448//2005 5443//2005 5444//2005
f 5448//2005 5445//2005 5443//2005
f 5448//2005 5447//2005 5445//2005
f 5454//2006 5452//2006 5453//2006
f 5450//2006 5449//2006 5451//2006
f 5450//2006 5451//2006 5452//2006
f 5450//2006 5452//2006 5454//2006
o empty_46
v 0.123695 0.150275 -0.004003
v 0.121293 0.150275 -0.004003
v 0.123695 0.126257 -0.004003
v 0.121293 0.126257 -0.004003
v 0.123695 0.126257 -0.004003
v 0.121293 0.126257 -0.004003
v 0.123695 0.126257 -0.084064
v 0.121293 0.126257 -0.084064
v 0.123695 0.126257 -0.084064
v 0.121293 0.126257 -0.084064
v 0.123695 0.150275 -0.084064
v 0.121293 0.150275 -0.084064
v 0.123695 0.150275 -0.084064
v 0.121293 0.150275 -0.084064
v 0.123695 0.162285 -0.063264
v 0.121293 0.162285 -0.063264
v 0.123695 0.162285 -0.063264
v 0.121293 0.162285 -0.063264
v 0.123695 0.162285 -0.024804
v 0.121293 0.162285 -0.024804
v 0.123695 0.162285 -0.024804
v 0.121293 0.162285 -0.024804
v 0.123695 0.150275 -0.004003
v 0.121293 0.150275 -0.004003
v 0.123695 0.162285 -0.024804
v 0.123695 0.150275 -0.004003
v 0.123695 0.162285 -0.063264
v 0.123695 0.150275 -0.084064
v 0.123695 0.126257 -0.084064
v 0.123695 0.126257 -0.004003
v 0.121293 0.150275 -0.004003
v 0.121293 0.126257 -0.004003
v 0.121293 0.162285 -0.024804
v 0.121293 0.162285 -0.063264
v 0.121293 0.150275 -0.084064
v 0.121293 0.126257 -0.084064
vn -0.0000 -0.0000 1.0000
vn -0.0000 -1.0000 -0.0000
vn -0.0000 -0.0000 -1.0000
vn -0.0000 0.8660 -0.5000
vn -0.0000 1.0000 -0.0000
vn -0.0000 0.8660 0.5000
vn 1.0000 -0.0000 -0.0000
vn -1.0000 -0.0000 -0.0000
s 1
usemtl material401
f 5455//2007 5458//2007 5457//2007
f 5455//2007 5456//2007 5458//2007
f 5459//2008 5462//2008 5461//2008
f 5459//2008 5460//2008 5462//2008
f 5463//2009 5466//2009 5465//2009
f 5463//2009 5464//2009 5466//2009
f 5467//2010 5470//2010 5469//2010
f 5467//2010 5468//2010 5470//2010
f 5471//2011 5474//2011 5473//2011
f 5471//2011 5472//2011 5474//2011
f 5475//2012 5478//2012 5477//2012
f 5475//2012 5476//2012 5478//2012
f 5483//2013 5482//2013 5481//2013
f 5484//2013 5479//2013 5480//2013
f 5484//2013 5481//2013 5479//2013
f 5484//2013 5483//2013 5481//2013
f 5490//2014 5488//2014 5489//2014
f 5486//2014 5485//2014 5487//2014
f 5486//2014 5487//2014 5488//2014
f 5486//2014 5488//2014 5490//2014
o empty_47
v 0.123695 0.190306 -0.004003
v 0.121293 0.190306 -0.004003
v 0.123695 0.166288 -0.004003
v 0.121293 0.166288 -0.004003
v 0.123695 0.166288 -0.004003
v 0.121293 0.166288 -0.004003
v 0.123695 0.166288 -0.084064
v 0.121293 0.166288 -0.084064
v 0.123695 0.166288 -0.084064
v 0.121293 0.166288 -0.084064
v 0.123695 0.190306 -0.084064
v 0.121293 0.190306 -0.084064
v 0.123695 0.190306 -0.084064
v 0.121293 0.190306 -0.084064
v 0.123695 0.202315 -0.063264
v 0.121293 0.202315 -0.063264
v 0.123695 0.202315 -0.063264
v 0.121293 0.202315 -0.063264
v 0.123695 0.202315 -0.024804
v 0.121293 0.202315 -0.024804
v 0.123695 0.202315 -0.024804
v 0.121293 0.202315 -0.024804
v 0.123695 0.190306 -0.004003
v 0.121293 0.190306 -0.004003
v 0.123695 0.202315 -0.024804
v 0.123695 0.190306 -0.004003
v 0.123695 0.202315 -0.063264
v 0.123695 0.190306 -0.084064
v 0.123695 0.166288 -0.084064
v 0.123695 0.166288 -0.004003
v 0.121293 0.190306 -0.004003
v 0.121293 0.166288 -0.004003
v 0.121293 0.202315 -0.024804
v 0.121293 0.202315 -0.063264
v 0.121293 0.190306 -0.084064
v 0.121293 0.166288 -0.084064
vn -0.0000 -0.0000 1.0000
vn -0.0000 -1.0000 -0.0000
vn -0.0000 -0.0000 -1.0000
vn -0.0000 0.8660 -0.5000
vn -0.0000 1.0000 -0.0000
vn -0.0000 0.8660 0.5000
vn 1.0000 -0.0000 -0.0000
vn -1.0000 -0.0000 -0.0000
s 1
usemtl material402
f 5491//2015 5494//2015 5493//2015
f 5491//2015 5492//2015 5494//2015
f 5495//2016 5498//2016 5497//2016
f 5495//2016 5496//2016 5498//2016
f 5499//2017 5502//2017 5501//2017
f 5499//2017 5500//2017 5502//2017
f 5503//2018 5506//2018 5505//2018
f 5503//2018 5504//2018 5506//2018
f 5507//2019 5510//2019 5509//2019
f 5507//2019 5508//2019 5510//2019
f 5511//2020 5514//2020 5513//2020
f 5511//2020 5512//2020 5514//2020
f 5519//2021 5518//2021 5517//2021
f 5520//2021 5515//2021 5516//2021
f 5520//2021 5517//2021 5515//2021
f 5520//2021 5519//2021 5517//2021
f 5526//2022 5524//2022 5525//2022
f 5522//2022 5521//2022 5523//2022
f 5522//2022 5523//2022 5524//2022
f 5522//2022 5524//2022 5526//2022
o empty_48
v 0.104680 0.216826 -0.118090
v 0.100677 0.216826 -0.118090
v 0.104680 0.066912 -0.118090
v 0.100677 0.066912 -0.118090
v 0.104680 -0.203495 -0.312639
v 0.100677 -0.203495 -0.312639
v 0.104680 0.216826 -0.312639
v 0.100677 0.216826 -0.312639
v 0.104680 0.216826 -0.312639
v 0.100677 0.216826 -0.312639
v 0.104680 0.216826 -0.118090
v 0.100677 0.216826 -0.118090
v 0.104680 -0.203495 -0.118090
v 0.100677 -0.203495 -0.118090
v 0.100677 -0.053580 -0.118090
v 0.104680 -0.053580 -0.118090
v 0.104680 -0.203495 -0.118090
v 0.100677 -0.203495 -0.118090
v 0.104680 -0.203495 -0.312639
v 0.100677 -0.203495 -0.312639
v 0.104680 0.216826 -0.312639
v 0.104680 0.216826 -0.118090
v 0.104680 -0.203495 -0.312639
v 0.104680 -0.203495 -0.118090
v 0.104680 -0.053580 -0.118090
v 0.104680 -0.053580 -0.126096
v 0.104680 0.066912 -0.126096
v 0.104680 0.066912 -0.118090
v 0.100677 0.066912 -0.126096
v 0.100677 0.066912 -0.118090
v 0.100677 0.216826 -0.118090
v 0.100677 0.216826 -0.312639
v 0.100677 -0.203495 -0.312639
v 0.100677 -0.203495 -0.118090
v 0.100677 -0.053580 -0.118090
v 0.100677 -0.053580 -0.126096
v 0.100677 0.066912 -0.126096
v 0.104680 0.066912 -0.126096
v 0.100677 0.066912 -0.118090
v 0.104680 0.066912 -0.118090
v 0.100677 -0.053580 -0.126096
v 0.104680 -0.053580 -0.126096
v 0.100677 0.066912 -0.126096
v 0.104680 0.066912 -0.126096
v 0.100677 -0.053580 -0.118090
v 0.104680 -0.053580 -0.118090
v 0.100677 -0.053580 -0.126096
v 0.104680 -0.053580 -0.126096
vn -0.0000 -0.0000 1.0000
vn -0.0000 -0.0000 -1.0000
vn -0.0000 1.0000 -0.0000
vn -0.0000 -1.0000 -0.0000
vn 1.0000 -0.0000 -0.0000
vn -1.0000 -0.0000 -0.0000
s 1
usemtl material403
f 5527//2023 5530//2023 5529//2023
f 5527//2023 5528//2023 5530//2023
f 5531//2024 5534//2024 5533//2024
f 5531//2024 5532//2024 5534//2024
f 5535//2025 5538//2025 5537//2025
f 5535//2025 5536//2025 5538//2025
f 5542//2023 5540//2023 5539//2023
f 5542//2023 5541//2023 5540//2023
f 5543//2026 5546//2026 5545//2026
f 5543//2026 5544//2026 5546//2026
f 5552//2027 5551//2027 5550//2027
f 5549//2027 5552//2027 5550//2027
f 5548//2027 5554//2027 5553//2027
f 5547//2027 5553//2027 5552//2027
f 5547//2027 5552//2027 5549//2027
f 5547//2027 5548//2027 5553//2027
f 5562//2028 5560//2028 5561//2028
f 5559//2028 5560//2028 5562//2028
f 5557//2028 5555//2028 5556//2028
f 5558//2028 5562//2028 5555//2028
f 5558//2028 5559//2028 5562//2028
f 5558//2028 5555//2028 5557//2028
f 5566//2026 5563//2026 5564//2026
f 5566//2026 5565//2026 5563//2026
f 5570//2023 5567//2023 5568//2023
f 5570//2023 5569//2023 5567//2023
f 5574//2025 5571//2025 5572//2025
f 5574//2025 5573//2025 5571//2025
o empty_49
v 0.107082 0.182800 -0.212563
v 0.104680 0.182800 -0.212563
v 0.107082 0.206819 -0.212563
v 0.104680 0.206819 -0.212563
v 0.107082 0.206819 -0.212563
v 0.104680 0.206819 -0.212563
v 0.107082 0.206819 -0.132501
v 0.104680 0.206819 -0.132501
v 0.107082 0.206819 -0.132501
v 0.104680 0.206819 -0.132501
v 0.107082 0.182800 -0.132501
v 0.104680 0.182800 -0.132501
v 0.107082 0.182800 -0.132501
v 0.104680 0.182800 -0.132501
v 0.107082 0.170791 -0.153302
v 0.104680 0.170791 -0.153302
v 0.107082 0.170791 -0.153302
v 0.104680 0.170791 -0.153302
v 0.107082 0.170791 -0.191762
v 0.104680 0.170791 -0.191762
v 0.107082 0.170791 -0.191762
v 0.104680 0.170791 -0.191762
v 0.107082 0.182800 -0.212563
v 0.104680 0.182800 -0.212563
v 0.107082 0.170791 -0.191762
v 0.107082 0.182800 -0.212563
v 0.107082 0.170791 -0.153302
v 0.107082 0.182800 -0.132501
v 0.107082 0.206819 -0.132501
v 0.107082 0.206819 -0.212563
v 0.104680 0.182800 -0.212563
v 0.104680 0.206819 -0.212563
v 0.104680 0.170791 -0.191762
v 0.104680 0.170791 -0.153302
v 0.104680 0.182800 -0.132501
v 0.104680 0.206819 -0.132501
vn -0.0000 -0.0000 -1.0000
vn -0.0000 1.0000 -0.0000
vn -0.0000 -0.0000 1.0000
vn -0.0000 -0.8660 0.5000
vn -0.0000 -1.0000 -0.0000
vn -0.0000 -0.8660 -0.5000
vn 1.0000 -0.0000 -0.0000
vn -1.0000 -0.0000 -0.0000
s 1
usemtl material404
f 5575//2029 5578//2029 5577//2029
f 5575//2029 5576//2029 5578//2029
f 5579//2030 5582//2030 5581//2030
f 5579//2030 5580//2030 5582//2030
f 5583//2031 5586//2031 5585//2031
f 5583//2031 5584//2031 5586//2031
f 5587//2032 5590//2032 5589//2032
f 5587//2032 5588//2032 5590//2032
f 5591//2033 5594//2033 5593//2033
f 5591//2033 5592//2033 5594//2033
f 5595//2034 5598//2034 5597//2034
f 5595//2034 5596//2034 5598//2034
f 5603//2035 5602//2035 5601//2035
f 5604//2035 5599//2035 5600//2035
f 5604//2035 5601//2035 5599//2035
f 5604//2035 5603//2035 5601//2035
f 5610//2036 5608//2036 5609//2036
f 5606//2036 5605//2036 5607//2036
f 5606//2036 5607//2036 5608//2036
f 5606//2036 5608//2036 5610//2036
o empty_5
v 0.002802 -0.169569 0.107682
v 0.002802 -0.169569 0.105280
v 0.002802 -0.193587 0.107682
v 0.002802 -0.193587 0.105280
v 0.002802 -0.193587 0.107682
v 0.002802 -0.193587 0.105280
v 0.082863 -0.193587 0.107682
v 0.082863 -0.193587 0.105280
v 0.082863 -0.193587 0.107682
v 0.082863 -0.193587 0.105280
v 0.082863 -0.169569 0.107682
v 0.082863 -0.169569 0.105280
v 0.082863 -0.169569 0.107682
v 0.082863 -0.169569 0.105280
v 0.062063 -0.157560 0.107682
v 0.062063 -0.157560 0.105280
v 0.062063 -0.157560 0.107682
v 0.062063 -0.157560 0.105280
v 0.023603 -0.157560 0.107682
v 0.023603 -0.157560 0.105280
v 0.023603 -0.157560 0.107682
v 0.023603 -0.157560 0.105280
v 0.002802 -0.169569 0.107682
v 0.002802 -0.169569 0.105280
v 0.023603 -0.157560 0.107682
v 0.002802 -0.169569 0.107682
v 0.062063 -0.157560 0.107682
v 0.082863 -0.169569 0.107682
v 0.082863 -0.193587 0.107682
v 0.002802 -0.193587 0.107682
v 0.002802 -0.169569 0.105280
v 0.002802 -0.193587 0.105280
v 0.023603 -0.157560 0.105280
v 0.062063 -0.157560 0.105280
v 0.082863 -0.169569 0.105280
v 0.082863 -0.193587 0.105280
vn -1.0000 -0.0000 -0.0000
vn -0.0000 -1.0000 -0.0000
vn 1.0000 -0.0000 -0.0000
vn 0.5000 0.8660 -0.0000
vn -0.0000 1.0000 -0.0000
vn -0.5000 0.8660 -0.0000
vn -0.0000 -0.0000 1.0000
vn -0.0000 -0.0000 -1.0000
s 1
usemtl material360
f 5611//2037 5614//2037 5613//2037
f 5611//2037 5612//2037 5614//2037
f 5615//2038 5618//2038 5617//2038
f 5615//2038 5616//2038 5618//2038
f 5619//2039 5622//2039 5621//2039
f 5619//2039 5620//2039 5622//2039
f 5623//2040 5626//2040 5625//2040
f 5623//2040 5624//2040 5626//2040
f 5627//2041 5630//2041 5629//2041
f 5627//2041 5628//2041 5630//2041
f 5631//2042 5634//2042 5633//2042
f 5631//2042 5632//2042 5634//2042
f 5639//2043 5638//2043 5637//2043
f 5640//2043 5635//2043 5636//2043
f 5640//2043 5637//2043 5635//2043
f 5640//2043 5639//2043 5637//2043
f 5646//2044 5644//2044 5645//2044
f 5642//2044 5641//2044 5643//2044
f 5642//2044 5643//2044 5644//2044
f 5642//2044 5644//2044 5646//2044
o empty_50
v 0.107082 0.182800 -0.300630
v 0.104680 0.182800 -0.300630
v 0.107082 0.206819 -0.300630
v 0.104680 0.206819 -0.300630
v 0.107082 0.206819 -0.300630
v 0.104680 0.206819 -0.300630
v 0.107082 0.206819 -0.220569
v 0.104680 0.206819 -0.220569
v 0.107082 0.206819 -0.220569
v 0.104680 0.206819 -0.220569
v 0.107082 0.182800 -0.220569
v 0.104680 0.182800 -0.220569
v 0.107082 0.182800 -0.220569
v 0.104680 0.182800 -0.220569
v 0.107082 0.170791 -0.241369
v 0.104680 0.170791 -0.241369
v 0.107082 0.170791 -0.241369
v 0.104680 0.170791 -0.241369
v 0.107082 0.170791 -0.279829
v 0.104680 0.170791 -0.279829
v 0.107082 0.170791 -0.279829
v 0.104680 0.170791 -0.279829
v 0.107082 0.182800 -0.300630
v 0.104680 0.182800 -0.300630
v 0.107082 0.170791 -0.279829
v 0.107082 0.182800 -0.300630
v 0.107082 0.170791 -0.241369
v 0.107082 0.182800 -0.220569
v 0.107082 0.206819 -0.220569
v 0.107082 0.206819 -0.300630
v 0.104680 0.182800 -0.300630
v 0.104680 0.206819 -0.300630
v 0.104680 0.170791 -0.279829
v 0.104680 0.170791 -0.241369
v 0.104680 0.182800 -0.220569
v 0.104680 0.206819 -0.220569
vn -0.0000 -0.0000 -1.0000
vn -0.0000 1.0000 -0.0000
vn -0.0000 -0.0000 1.0000
vn -0.0000 -0.8660 0.5000
vn -0.0000 -1.0000 -0.0000
vn -0.0000 -0.8660 -0.5000
vn 1.0000 -0.0000 -0.0000
vn -1.0000 -0.0000 -0.0000
s 1
usemtl material405
f 5647//2045 5650//2045 5649//2045
f 5647//2045 5648//2045 5650//2045
f 5651//2046 5654//2046 5653//2046
f 5651//2046 5652//2046 5654//2046
f 5655//2047 5658//2047 5657//2047
f 5655//2047 5656//2047 5658//2047
f 5659//2048 5662//2048 5661//2048
f 5659//2048 5660//2048 5662//2048
f 5663//2049 5666//2049 5665//2049
f 5663//2049 5664//2049 5666//2049
f 5667//2050 5670//2050 5669//2050
f 5667//2050 5668//2050 5670//2050
f 5675//2051 5674//2051 5673//2051
f 5676//2051 5671//2051 5672//2051
f 5676//2051 5673//2051 5671//2051
f 5676//2051 5675//2051 5673//2051
f 5682//2052 5680//2052 5681//2052
f 5678//2052 5677//2052 5679//2052
f 5678//2052 5679//2052 5680//2052
f 5678//2052 5680//2052 5682//2052
o empty_51
v 0.107082 0.142770 -0.212563
v 0.104680 0.142770 -0.212563
v 0.107082 0.166788 -0.212563
v 0.104680 0.166788 -0.212563
v 0.107082 0.166788 -0.212563
v 0.104680 0.166788 -0.212563
v 0.107082 0.166788 -0.132501
v 0.104680 0.166788 -0.132501
v 0.107082 0.166788 -0.132501
v 0.104680 0.166788 -0.132501
v 0.107082 0.142770 -0.132501
v 0.104680 0.142770 -0.132501
v 0.107082 0.142770 -0.132501
v 0.104680 0.142770 -0.132501
v 0.107082 0.130760 -0.153302
v 0.104680 0.130760 -0.153302
v 0.107082 0.130760 -0.153302
v 0.104680 0.130760 -0.153302
v 0.107082 0.130760 -0.191762
v 0.104680 0.130760 -0.191762
v 0.107082 0.130760 -0.191762
v 0.104680 0.130760 -0.191762
v 0.107082 0.142770 -0.212563
v 0.104680 0.142770 -0.212563
v 0.107082 0.130760 -0.191762
v 0.107082 0.142770 -0.212563
v 0.107082 0.130760 -0.153302
v 0.107082 0.142770 -0.132501
v 0.107082 0.166788 -0.132501
v 0.107082 0.166788 -0.212563
v 0.104680 0.142770 -0.212563
v 0.104680 0.166788 -0.212563
v 0.104680 0.130760 -0.191762
v 0.104680 0.130760 -0.153302
v 0.104680 0.142770 -0.132501
v 0.104680 0.166788 -0.132501
vn -0.0000 -0.0000 -1.0000
vn -0.0000 1.0000 -0.0000
vn -0.0000 -0.0000 1.0000
vn -0.0000 -0.8660 0.5000
vn -0.0000 -1.0000 -0.0000
vn -0.0000 -0.8660 -0.5000
vn 1.0000 -0.0000 -0.0000
vn -1.0000 -0.0000 -0.0000
s 1
usemtl material406
f 5683//2053 5686//2053 5685//2053
f 5683//2053 5684//2053 5686//2053
f 5687//2054 5690//2054 5689//2054
f 5687//2054 5688//2054 5690//2054
f 5691//2055 5694//2055 5693//2055
f 5691//2055 5692//2055 5694//2055
f 5695//2056 5698//2056 5697//2056
f 5695//2056 5696//2056 5698//2056
f 5699//2057 5702//2057 5701//2057
f 5699//2057 5700//2057 5702//2057
f 5703//2058 5706//2058 5705//2058
f 5703//2058 5704//2058 5706//2058
f 5711//2059 5710//2059 5709//2059
f 5712//2059 5707//2059 5708//2059
f 5712//2059 5709//2059 5707//2059
f 5712//2059 5711//2059 5709//2059
f 5718//2060 5716//2060 5717//2060
f 5714//2060 5713//2060 5715//2060
f 5714//2060 5715//2060 5716//2060
f 5714//2060 5716//2060 5718//2060
o empty_52
v 0.107082 0.102739 -0.212563
v 0.104680 0.102739 -0.212563
v 0.107082 0.126757 -0.212563
v 0.104680 0.126757 -0.212563
v 0.107082 0.126757 -0.212563
v 0.104680 0.126757 -0.212563
v 0.107082 0.126757 -0.132501
v 0.104680 0.126757 -0.132501
v 0.107082 0.126757 -0.132501
v 0.104680 0.126757 -0.132501
v 0.107082 0.102739 -0.132501
v 0.104680 0.102739 -0.132501
v 0.107082 0.102739 -0.132501
v 0.104680 0.102739 -0.132501
v 0.107082 0.090730 -0.153302
v 0.104680 0.090730 -0.153302
v 0.107082 0.090730 -0.153302
v 0.104680 0.090730 -0.153302
v 0.107082 0.090730 -0.191762
v 0.104680 0.090730 -0.191762
v 0.107082 0.090730 -0.191762
v 0.104680 0.090730 -0.191762
v 0.107082 0.102739 -0.212563
v 0.104680 0.102739 -0.212563
v 0.107082 0.090730 -0.191762
v 0.107082 0.102739 -0.212563
v 0.107082 0.090730 -0.153302
v 0.107082 0.102739 -0.132501
v 0.107082 0.126757 -0.132501
v 0.107082 0.126757 -0.212563
v 0.104680 0.102739 -0.212563
v 0.104680 0.126757 -0.212563
v 0.104680 0.090730 -0.191762
v 0.104680 0.090730 -0.153302
v 0.104680 0.102739 -0.132501
v 0.104680 0.126757 -0.132501
vn -0.0000 -0.0000 -1.0000
vn -0.0000 1.0000 -0.0000
vn -0.0000 -0.0000 1.0000
vn -0.0000 -0.8660 0.5000
vn -0.0000 -1.0000 -0.0000
vn -0.0000 -0.8660 -0.5000
vn 1.0000 -0.0000 -0.0000
vn -1.0000 -0.0000 -0.0000
s 1
usemtl material407
f 5719//2061 5722//2061 5721//2061
f 5719//2061 5720//2061 5722//2061
f 5723//2062 5726//2062 5725//2062
f 5723//2062 5724//2062 5726//2062
f 5727//2063 5730//2063 5729//2063
f 5727//2063 5728//2063 5730//2063
f 5731//2064 5734//2064 5733//2064
f 5731//2064 5732//2064 5734//2064
f 5735//2065 5738//2065 5737//2065
f 5735//2065 5736//2065 5738//2065
f 5739//2066 5742//2066 5741//2066
f 5739//2066 5740//2066 5742//2066
f 5747//2067 5746//2067 5745//2067
f 5748//2067 5743//2067 5744//2067
f 5748//2067 5745//2067 5743//2067
f 5748//2067 5747//2067 5745//2067
f 5754//2068 5752//2068 5753//2068
f 5750//2068 5749//2068 5751//2068
f 5750//2068 5751//2068 5752//2068
f 5750//2068 5752//2068 5754//2068
o empty_53
v 0.107082 0.062708 -0.212563
v 0.104680 0.062708 -0.212563
v 0.107082 0.086727 -0.212563
v 0.104680 0.086727 -0.212563
v 0.107082 0.086727 -0.212563
v 0.104680 0.086727 -0.212563
v 0.107082 0.086727 -0.132501
v 0.104680 0.086727 -0.132501
v 0.107082 0.086727 -0.132501
v 0.104680 0.086727 -0.132501
v 0.107082 0.062708 -0.132501
v 0.104680 0.062708 -0.132501
v 0.107082 0.062708 -0.132501
v 0.104680 0.062708 -0.132501
v 0.107082 0.050699 -0.153302
v 0.104680 0.050699 -0.153302
v 0.107082 0.050699 -0.153302
v 0.104680 0.050699 -0.153302
v 0.107082 0.050699 -0.191762
v 0.104680 0.050699 -0.191762
v 0.107082 0.050699 -0.191762
v 0.104680 0.050699 -0.191762
v 0.107082 0.062708 -0.212563
v 0.104680 0.062708 -0.212563
v 0.107082 0.050699 -0.191762
v 0.107082 0.062708 -0.212563
v 0.107082 0.050699 -0.153302
v 0.107082 0.062708 -0.132501
v 0.107082 0.086727 -0.132501
v 0.107082 0.086727 -0.212563
v 0.104680 0.062708 -0.212563
v 0.104680 0.086727 -0.212563
v 0.104680 0.050699 -0.191762
v 0.104680 0.050699 -0.153302
v 0.104680 0.062708 -0.132501
v 0.104680 0.086727 -0.132501
vn -0.0000 -0.0000 -1.0000
vn -0.0000 1.0000 -0.0000
vn -0.0000 -0.0000 1.0000
vn -0.0000 -0.8660 0.5000
vn -0.0000 -1.0000 -0.0000
vn -0.0000 -0.8660 -0.5000
vn 1.0000 -0.0000 -0.0000
vn -1.0000 -0.0000 -0.0000
s 1
usemtl material408
f 5755//2069 5758//2069 5757//2069
f 5755//2069 5756//2069 5758//2069
f 5759//2070 5762//2070 5761//2070
f 5759//2070 5760//2070 5762//2070
f 5763//2071 5766//2071 5765//2071
f 5763//2071 5764//2071 5766//2071
f 5767//2072 5770//2072 5769//2072
f 5767//2072 5768//2072 5770//2072
f 5771//2073 5774//2073 5773//2073
f 5771//2073 5772//2073 5774//2073
f 5775//2074 5778//2074 5777//2074
f 5775//2074 5776//2074 5778//2074
f 5783//2075 5782//2075 5781//2075
f 5784//2075 5779//2075 5780//2075
f 5784//2075 5781//2075 5779//2075
f 5784//2075 5783//2075 5781//2075
f 5790//2076 5788//2076 5789//2076
f 5786//2076 5785//2076 5787//2076
f 5786//2076 5787//2076 5788//2076
f 5786//2076 5788//2076 5790//2076
o empty_54
v 0.107082 0.022678 -0.212563
v 0.104680 0.022678 -0.212563
v 0.107082 0.046696 -0.212563
v 0.104680 0.046696 -0.212563
v 0.107082 0.046696 -0.212563
v 0.104680 0.046696 -0.212563
v 0.107082 0.046696 -0.132501
v 0.104680 0.046696 -0.132501
v 0.107082 0.046696 -0.132501
v 0.104680 0.046696 -0.132501
v 0.107082 0.022678 -0.132501
v 0.104680 0.022678 -0.132501
v 0.107082 0.022678 -0.132501
v 0.104680 0.022678 -0.132501
v 0.107082 0.010669 -0.153302
v 0.104680 0.010669 -0.153302
v 0.107082 0.010669 -0.153302
v 0.104680 0.010669 -0.153302
v 0.107082 0.010669 -0.191762
v 0.104680 0.010669 -0.191762
v 0.107082 0.010669 -0.191762
v 0.104680 0.010669 -0.191762
v 0.107082 0.022678 -0.212563
v 0.104680 0.022678 -0.212563
v 0.107082 0.010669 -0.191762
v 0.107082 0.022678 -0.212563
v 0.107082 0.010669 -0.153302
v 0.107082 0.022678 -0.132501
v 0.107082 0.046696 -0.132501
v 0.107082 0.046696 -0.212563
v 0.104680 0.022678 -0.212563
v 0.104680 0.046696 -0.212563
v 0.104680 0.010669 -0.191762
v 0.104680 0.010669 -0.153302
v 0.104680 0.022678 -0.132501
v 0.104680 0.046696 -0.132501
vn -0.0000 -0.0000 -1.0000
vn -0.0000 1.0000 -0.0000
vn -0.0000 -0.0000 1.0000
vn -0.0000 -0.8660 0.5000
vn -0.0000 -1.0000 -0.0000
vn -0.0000 -0.8660 -0.5000
vn 1.0000 -0.0000 -0.0000
vn -1.0000 -0.0000 -0.0000
s 1
usemtl material409
f 5791//2077 5794//2077 5793//2077
f 5791//2077 5792//2077 5794//2077
f 5795//2078 5798//2078 5797//2078
f 5795//2078 5796//2078 5798//2078
f 5799//2079 5802//2079 5801//2079
f 5799//2079 5800//2079 5802//2079
f 5803//2080 5806//2080 5805//2080
f 5803//2080 5804//2080 5806//2080
f 5807//2081 5810//2081 5809//2081
f 5807//2081 5808//2081 5810//2081
f 5811//2082 5814//2082 5813//2082
f 5811//2082 5812//2082 5814//2082
f 5819//2083 5818//2083 5817//2083
f 5820//2083 5815//2083 5816//2083
f 5820//2083 5817//2083 5815//2083
f 5820//2083 5819//2083 5817//2083
f 5826//2084 5824//2084 5825//2084
f 5822//2084 5821//2084 5823//2084
f 5822//2084 5823//2084 5824//2084
f 5822//2084 5824//2084 5826//2084
o empty_55
v 0.107082 -0.017353 -0.212563
v 0.104680 -0.017353 -0.212563
v 0.107082 0.006666 -0.212563
v 0.104680 0.006666 -0.212563
v 0.107082 0.006666 -0.212563
v 0.104680 0.006666 -0.212563
v 0.107082 0.006666 -0.132501
v 0.104680 0.006666 -0.132501
v 0.107082 0.006666 -0.132501
v 0.104680 0.006666 -0.132501
v 0.107082 -0.017353 -0.132501
v 0.104680 -0.017353 -0.132501
v 0.107082 -0.017353 -0.132501
v 0.104680 -0.017353 -0.132501
v 0.107082 -0.029362 -0.153302
v 0.104680 -0.029362 -0.153302
v 0.107082 -0.029362 -0.153302
v 0.104680 -0.029362 -0.153302
v 0.107082 -0.029362 -0.191762
v 0.104680 -0.029362 -0.191762
v 0.107082 -0.029362 -0.191762
v 0.104680 -0.029362 -0.191762
v 0.107082 -0.017353 -0.212563
v 0.104680 -0.017353 -0.212563
v 0.107082 -0.029362 -0.191762
v 0.107082 -0.017353 -0.212563
v 0.107082 -0.029362 -0.153302
v 0.107082 -0.017353 -0.132501
v 0.107082 0.006666 -0.132501
v 0.107082 0.006666 -0.212563
v 0.104680 -0.017353 -0.212563
v 0.104680 0.006666 -0.212563
v 0.104680 -0.029362 -0.191762
v 0.104680 -0.029362 -0.153302
v 0.104680 -0.017353 -0.132501
v 0.104680 0.006666 -0.132501
vn -0.0000 -0.0000 -1.0000
vn -0.0000 1.0000 -0.0000
vn -0.0000 -0.0000 1.0000
vn -0.0000 -0.8660 0.5000
vn -0.0000 -1.0000 -0.0000
vn -0.0000 -0.8660 -0.5000
vn 1.0000 -0.0000 -0.0000
vn -1.0000 -0.0000 -0.0000
s 1
usemtl material410
f 5827//2085 5830//2085 5829//2085
f 5827//2085 5828//2085 5830//2085
f 5831//2086 5834//2086 5833//2086
f 5831//2086 5832//2086 5834//2086
f 5835//2087 5838//2087 5837//2087
f 5835//2087 5836//2087 5838//2087
f 5839//2088 5842//2088 5841//2088
f 5839//2088 5840//2088 5842//2088
f 5843//2089 5846//2089 5845//2089
f 5843//2089 5844//2089 5846//2089
f 5847//2090 5850//2090 5849//2090
f 5847//2090 5848//2090 5850//2090
f 5855//2091 5854//2091 5853//2091
f 5856//2091 5851//2091 5852//2091
f 5856//2091 5853//2091 5851//2091
f 5856//2091 5855//2091 5853//2091
f 5862//2092 5860//2092 5861//2092
f 5858//2092 5857//2092 5859//2092
f 5858//2092 5859//2092 5860//2092
f 5858//2092 5860//2092 5862//2092
o empty_56
v 0.107082 -0.057383 -0.212563
v 0.104680 -0.057383 -0.212563
v 0.107082 -0.033365 -0.212563
v 0.104680 -0.033365 -0.212563
v 0.107082 -0.033365 -0.212563
v 0.104680 -0.033365 -0.212563
v 0.107082 -0.033365 -0.132501
v 0.104680 -0.033365 -0.132501
v 0.107082 -0.033365 -0.132501
v 0.104680 -0.033365 -0.132501
v 0.107082 -0.057383 -0.132501
v 0.104680 -0.057383 -0.132501
v 0.107082 -0.057383 -0.132501
v 0.104680 -0.057383 -0.132501
v 0.107082 -0.069393 -0.153302
v 0.104680 -0.069393 -0.153302
v 0.107082 -0.069393 -0.153302
v 0.104680 -0.069393 -0.153302
v 0.107082 -0.069393 -0.191762
v 0.104680 -0.069393 -0.191762
v 0.107082 -0.069393 -0.191762
v 0.104680 -0.069393 -0.191762
v 0.107082 -0.057383 -0.212563
v 0.104680 -0.057383 -0.212563
v 0.107082 -0.069393 -0.191762
v 0.107082 -0.057383 -0.212563
v 0.107082 -0.069393 -0.153302
v 0.107082 -0.057383 -0.132501
v 0.107082 -0.033365 -0.132501
v 0.107082 -0.033365 -0.212563
v 0.104680 -0.057383 -0.212563
v 0.104680 -0.033365 -0.212563
v 0.104680 -0.069393 -0.191762
v 0.104680 -0.069393 -0.153302
v 0.104680 -0.057383 -0.132501
v 0.104680 -0.033365 -0.132501
vn -0.0000 -0.0000 -1.0000
vn -0.0000 1.0000 -0.0000
vn -0.0000 -0.0000 1.0000
vn -0.0000 -0.8660 0.5000
vn -0.0000 -1.0000 -0.0000
vn -0.0000 -0.8660 -0.5000
vn 1.0000 -0.0000 -0.0000
vn -1.0000 -0.0000 -0.0000
s 1
usemtl material411
f 5863//2093 5866//2093 5865//2093
f 5863//2093 5864//2093 5866//2093
f 5867//2094 5870//2094 5869//2094
f 5867//2094 5868//2094 5870//2094
f 5871//2095 5874//2095 5873//2095
f 5871//2095 5872//2095 5874//2095
f 5875//2096 5878//2096 5877//2096
f 5875//2096 5876//2096 5878//2096
f 5879//2097 5882//2097 5881//2097
f 5879//2097 5880//2097 5882//2097
f 5883//2098 5886//2098 5885//2098
f 5883//2098 5884//2098 5886//2098
f 5891//2099 5890//2099 5889//2099
f 5892//2099 5887//2099 5888//2099
f 5892//2099 5889//2099 5887//2099
f 5892//2099 5891//2099 5889//2099
f 5898//2100 5896//2100 5897//2100
f 5894//2100 5893//2100 5895//2100
f 5894//2100 5895//2100 5896//2100
f 5894//2100 5896//2100 5898//2100
o empty_57
v 0.107082 -0.097414 -0.212563
v 0.104680 -0.097414 -0.212563
v 0.107082 -0.073396 -0.212563
v 0.104680 -0.073396 -0.212563
v 0.107082 -0.073396 -0.212563
v 0.104680 -0.073396 -0.212563
v 0.107082 -0.073396 -0.132501
v 0.104680 -0.073396 -0.132501
v 0.107082 -0.073396 -0.132501
v 0.104680 -0.073396 -0.132501
v 0.107082 -0.097414 -0.132501
v 0.104680 -0.097414 -0.132501
v 0.107082 -0.097414 -0.132501
v 0.104680 -0.097414 -0.132501
v 0.107082 -0.109423 -0.153302
v 0.104680 -0.109423 -0.153302
v 0.107082 -0.109423 -0.153302
v 0.104680 -0.109423 -0.153302
v 0.107082 -0.109423 -0.191762
v 0.104680 -0.109423 -0.191762
v 0.107082 -0.109423 -0.191762
v 0.104680 -0.109423 -0.191762
v 0.107082 -0.097414 -0.212563
v 0.104680 -0.097414 -0.212563
v 0.107082 -0.109423 -0.191762
v 0.107082 -0.097414 -0.212563
v 0.107082 -0.109423 -0.153302
v 0.107082 -0.097414 -0.132501
v 0.107082 -0.073396 -0.132501
v 0.107082 -0.073396 -0.212563
v 0.104680 -0.097414 -0.212563
v 0.104680 -0.073396 -0.212563
v 0.104680 -0.109423 -0.191762
v 0.104680 -0.109423 -0.153302
v 0.104680 -0.097414 -0.132501
v 0.104680 -0.073396 -0.132501
vn -0.0000 -0.0000 -1.0000
vn -0.0000 1.0000 -0.0000
vn -0.0000 -0.0000 1.0000
vn -0.0000 -0.8660 0.5000
vn -0.0000 -1.0000 -0.0000
vn -0.0000 -0.8660 -0.5000
vn 1.0000 -0.0000 -0.0000
vn -1.0000 -0.0000 -0.0000
s 1
usemtl material412
f 5899//2101 5902//2101 5901//2101
f 5899//2101 5900//2101 5902//2101
f 5903//2102 5906//2102 5905//2102
f 5903//2102 5904//2102 5906//2102
f 5907//2103 5910//2103 5909//2103
f 5907//2103 5908//2103 5910//2103
f 5911//2104 5914//2104 5913//2104
f 5911//2104 5912//2104 5914//2104
f 5915//2105 5918//2105 5917//2105
f 5915//2105 5916//2105 5918//2105
f 5919//2106 5922//2106 5921//2106
f 5919//2106 5920//2106 5922//2106
f 5927//2107 5926//2107 5925//2107
f 5928//2107 5923//2107 5924//2107
f 5928//2107 5925//2107 5923//2107
f 5928//2107 5927//2107 5925//2107
f 5934//2108 5932//2108 5933//2108
f 5930//2108 5929//2108 5931//2108
f 5930//2108 5931//2108 5932//2108
f 5930//2108 5932//2108 5934//2108
o empty_58
v 0.107082 -0.137445 -0.212563
v 0.104680 -0.137445 -0.212563
v 0.107082 -0.113426 -0.212563
v 0.104680 -0.113426 -0.212563
v 0.107082 -0.113426 -0.212563
v 0.104680 -0.113426 -0.212563
v 0.107082 -0.113426 -0.132501
v 0.104680 -0.113426 -0.132501
v 0.107082 -0.113426 -0.132501
v 0.104680 -0.113426 -0.132501
v 0.107082 -0.137445 -0.132501
v 0.104680 -0.137445 -0.132501
v 0.107082 -0.137445 -0.132501
v 0.104680 -0.137445 -0.132501
v 0.107082 -0.149454 -0.153302
v 0.104680 -0.149454 -0.153302
v 0.107082 -0.149454 -0.153302
v 0.104680 -0.149454 -0.153302
v 0.107082 -0.149454 -0.191762
v 0.104680 -0.149454 -0.191762
v 0.107082 -0.149454 -0.191762
v 0.104680 -0.149454 -0.191762
v 0.107082 -0.137445 -0.212563
v 0.104680 -0.137445 -0.212563
v 0.107082 -0.149454 -0.191762
v 0.107082 -0.137445 -0.212563
v 0.107082 -0.149454 -0.153302
v 0.107082 -0.137445 -0.132501
v 0.107082 -0.113426 -0.132501
v 0.107082 -0.113426 -0.212563
v 0.104680 -0.137445 -0.212563
v 0.104680 -0.113426 -0.212563
v 0.104680 -0.149454 -0.191762
v 0.104680 -0.149454 -0.153302
v 0.104680 -0.137445 -0.132501
v 0.104680 -0.113426 -0.132501
vn -0.0000 -0.0000 -1.0000
vn -0.0000 1.0000 -0.0000
vn -0.0000 -0.0000 1.0000
vn -0.0000 -0.8660 0.5000
vn -0.0000 -1.0000 -0.0000
vn -0.0000 -0.8660 -0.5000
vn 1.0000 -0.0000 -0.0000
vn -1.0000 -0.0000 -0.0000
s 1
usemtl material413
f 5935//2109 5938//2109 5937//2109
f 5935//2109 5936//2109 5938//2109
f 5939//2110 5942//2110 5941//2110
f 5939//2110 5940//2110 5942//2110
f 5943//2111 5946//2111 5945//2111
f 5943//2111 5944//2111 5946//2111
f 5947//2112 5950//2112 5949//2112
f 5947//2112 5948//2112 5950//2112
f 5951//2113 5954//2113 5953//2113
f 5951//2113 5952//2113 5954//2113
f 5955//2114 5958//2114 5957//2114
f 5955//2114 5956//2114 5958//2114
f 5963//2115 5962//2115 5961//2115
f 5964//2115 5959//2115 5960//2115
f 5964//2115 5961//2115 5959//2115
f 5964//2115 5963//2115 5961//2115
f 5970//2116 5968//2116 5969//2116
f 5966//2116 5965//2116 5967//2116
f 5966//2116 5967//2116 5968//2116
f 5966//2116 5968//2116 5970//2116
o empty_59
v 0.107082 -0.177475 -0.212563
v 0.104680 -0.177475 -0.212563
v 0.107082 -0.153457 -0.212563
v 0.104680 -0.153457 -0.212563
v 0.107082 -0.153457 -0.212563
v 0.104680 -0.153457 -0.212563
v 0.107082 -0.153457 -0.132501
v 0.104680 -0.153457 -0.132501
v 0.107082 -0.153457 -0.132501
v 0.104680 -0.153457 -0.132501
v 0.107082 -0.177475 -0.132501
v 0.104680 -0.177475 -0.132501
v 0.107082 -0.177475 -0.132501
v 0.104680 -0.177475 -0.132501
v 0.107082 -0.189484 -0.153302
v 0.104680 -0.189484 -0.153302
v 0.107082 -0.189484 -0.153302
v 0.104680 -0.189484 -0.153302
v 0.107082 -0.189484 -0.191762
v 0.104680 -0.189484 -0.191762
v 0.107082 -0.189484 -0.191762
v 0.104680 -0.189484 -0.191762
v 0.107082 -0.177475 -0.212563
v 0.104680 -0.177475 -0.212563
v 0.107082 -0.189484 -0.191762
v 0.107082 -0.177475 -0.212563
v 0.107082 -0.189484 -0.153302
v 0.107082 -0.177475 -0.132501
v 0.107082 -0.153457 -0.132501
v 0.107082 -0.153457 -0.212563
v 0.104680 -0.177475 -0.212563
v 0.104680 -0.153457 -0.212563
v 0.104680 -0.189484 -0.191762
v 0.104680 -0.189484 -0.153302
v 0.104680 -0.177475 -0.132501
v 0.104680 -0.153457 -0.132501
vn -0.0000 -0.0000 -1.0000
vn -0.0000 1.0000 -0.0000
vn -0.0000 -0.0000 1.0000
vn -0.0000 -0.8660 0.5000
vn -0.0000 -1.0000 -0.0000
vn -0.0000 -0.8660 -0.5000
vn 1.0000 -0.0000 -0.0000
vn -1.0000 -0.0000 -0.0000
s 1
usemtl material414
f 5971//2117 5974//2117 5973//2117
f 5971//2117 5972//2117 5974//2117
f 5975//2118 5978//2118 5977//2118
f 5975//2118 5976//2118 5978//2118
f 5979//2119 5982//2119 5981//2119
f 5979//2119 5980//2119 5982//2119
f 5983//2120 5986//2120 5985//2120
f 5983//2120 5984//2120 5986//2120
f 5987//2121 5990//2121 5989//2121
f 5987//2121 5988//2121 5990//2121
f 5991//2122 5994//2122 5993//2122
f 5991//2122 5992//2122 5994//2122
f 5999//2123 5998//2123 5997//2123
f 6000//2123 5995//2123 5996//2123
f 6000//2123 5997//2123 5995//2123
f 6000//2123 5999//2123 5997//2123
f 6006//2124 6004//2124 6005//2124
f 6002//2124 6001//2124 6003//2124
f 6002//2124 6003//2124 6004//2124
f 6002//2124 6004//2124 6006//2124
o empty_6
v -0.085265 -0.169569 0.107682
v -0.085265 -0.169569 0.105280
v -0.085265 -0.193587 0.107682
v -0.085265 -0.193587 0.105280
v -0.085265 -0.193587 0.107682
v -0.085265 -0.193587 0.105280
v -0.005204 -0.193587 0.107682
v -0.005204 -0.193587 0.105280
v -0.005204 -0.193587 0.107682
v -0.005204 -0.193587 0.105280
v -0.005204 -0.169569 0.107682
v -0.005204 -0.169569 0.105280
v -0.005204 -0.169569 0.107682
v -0.005204 -0.169569 0.105280
v -0.026004 -0.157560 0.107682
v -0.026004 -0.157560 0.105280
v -0.026004 -0.157560 0.107682
v -0.026004 -0.157560 0.105280
v -0.064465 -0.157560 0.107682
v -0.064465 -0.157560 0.105280
v -0.064465 -0.157560 0.107682
v -0.064465 -0.157560 0.105280
v -0.085265 -0.169569 0.107682
v -0.085265 -0.169569 0.105280
v -0.064465 -0.157560 0.107682
v -0.085265 -0.169569 0.107682
v -0.026004 -0.157560 0.107682
v -0.005204 -0.169569 0.107682
v -0.005204 -0.193587 0.107682
v -0.085265 -0.193587 0.107682
v -0.085265 -0.169569 0.105280
v -0.085265 -0.193587 0.105280
v -0.064465 -0.157560 0.105280
v -0.026004 -0.157560 0.105280
v -0.005204 -0.169569 0.105280
v -0.005204 -0.193587 0.105280
vn -1.0000 -0.0000 -0.0000
vn -0.0000 -1.0000 -0.0000
vn 1.0000 -0.0000 -0.0000
vn 0.5000 0.8660 -0.0000
vn -0.0000 1.0000 -0.0000
vn -0.5000 0.8660 -0.0000
vn -0.0000 -0.0000 1.0000
vn -0.0000 -0.0000 -1.0000
s 1
usemtl material361
f 6007//2125 6010//2125 6009//2125
f 6007//2125 6008//2125 6010//2125
f 6011//2126 6014//2126 6013//2126
f 6011//2126 6012//2126 6014//2126
f 6015//2127 6018//2127 6017//2127
f 6015//2127 6016//2127 6018//2127
f 6019//2128 6022//2128 6021//2128
f 6019//2128 6020//2128 6022//2128
f 6023//2129 6026//2129 6025//2129
f 6023//2129 6024//2129 6026//2129
f 6027//2130 6030//2130 6029//2130
f 6027//2130 6028//2130 6030//2130
f 6035//2131 6034//2131 6033//2131
f 6036//2131 6031//2131 6032//2131
f 6036//2131 6033//2131 6031//2131
f 6036//2131 6035//2131 6033//2131
f 6042//2132 6040//2132 6041//2132
f 6038//2132 6037//2132 6039//2132
f 6038//2132 6039//2132 6040//2132
f 6038//2132 6040//2132 6042//2132
o empty_60
v 0.107082 0.142770 -0.300630
v 0.104680 0.142770 -0.300630
v 0.107082 0.166788 -0.300630
v 0.104680 0.166788 -0.300630
v 0.107082 0.166788 -0.300630
v 0.104680 0.166788 -0.300630
v 0.107082 0.166788 -0.220569
v 0.104680 0.166788 -0.220569
v 0.107082 0.166788 -0.220569
v 0.104680 0.166788 -0.220569
v 0.107082 0.142770 -0.220569
v 0.104680 0.142770 -0.220569
v 0.107082 0.142770 -0.220569
v 0.104680 0.142770 -0.220569
v 0.107082 0.130760 -0.241369
v 0.104680 0.130760 -0.241369
v 0.107082 0.130760 -0.241369
v 0.104680 0.130760 -0.241369
v 0.107082 0.130760 -0.279829
v 0.104680 0.130760 -0.279829
v 0.107082 0.130760 -0.279829
v 0.104680 0.130760 -0.279829
v 0.107082 0.142770 -0.300630
v 0.104680 0.142770 -0.300630
v 0.107082 0.130760 -0.279829
v 0.107082 0.142770 -0.300630
v 0.107082 0.130760 -0.241369
v 0.107082 0.142770 -0.220569
v 0.107082 0.166788 -0.220569
v 0.107082 0.166788 -0.300630
v 0.104680 0.142770 -0.300630
v 0.104680 0.166788 -0.300630
v 0.104680 0.130760 -0.279829
v 0.104680 0.130760 -0.241369
v 0.104680 0.142770 -0.220569
v 0.104680 0.166788 -0.220569
vn -0.0000 -0.0000 -1.0000
vn -0.0000 1.0000 -0.0000
vn -0.0000 -0.0000 1.0000
vn -0.0000 -0.8660 0.5000
vn -0.0000 -1.0000 -0.0000
vn -0.0000 -0.8660 -0.5000
vn 1.0000 -0.0000 -0.0000
vn -1.0000 -0.0000 -0.0000
s 1
usemtl material415
f 6043//2133 6046//2133 6045//2133
f 6043//2133 6044//2133 6046//2133
f 6047//2134 6050//2134 6049//2134
f 6047//2134 6048//2134 6050//2134
f 6051//2135 6054//2135 6053//2135
f 6051//2135 6052//2135 6054//2135
f 6055//2136 6058//2136 6057//2136
f 6055//2136 6056//2136 6058//2136
f 6059//2137 6062//2137 6061//2137
f 6059//2137 6060//2137 6062//2137
f 6063//2138 6066//2138 6065//2138
f 6063//2138 6064//2138 6066//2138
f 6071//2139 6070//2139 6069//2139
f 6072//2139 6067//2139 6068//2139
f 6072//2139 6069//2139 6067//2139
f 6072//2139 6071//2139 6069//2139
f 6078//2140 6076//2140 6077//2140
f 6074//2140 6073//2140 6075//2140
f 6074//2140 6075//2140 6076//2140
f 6074//2140 6076//2140 6078//2140
o empty_61
v 0.107082 0.102739 -0.300630
v 0.104680 0.102739 -0.300630
v 0.107082 0.126757 -0.300630
v 0.104680 0.126757 -0.300630
v 0.107082 0.126757 -0.300630
v 0.104680 0.126757 -0.300630
v 0.107082 0.126757 -0.220569
v 0.104680 0.126757 -0.220569
v 0.107082 0.126757 -0.220569
v 0.104680 0.126757 -0.220569
v 0.107082 0.102739 -0.220569
v 0.104680 0.102739 -0.220569
v 0.107082 0.102739 -0.220569
v 0.104680 0.102739 -0.220569
v 0.107082 0.090730 -0.241369
v 0.104680 0.090730 -0.241369
v 0.107082 0.090730 -0.241369
v 0.104680 0.090730 -0.241369
v 0.107082 0.090730 -0.279829
v 0.104680 0.090730 -0.279829
v 0.107082 0.090730 -0.279829
v 0.104680 0.090730 -0.279829
v 0.107082 0.102739 -0.300630
v 0.104680 0.102739 -0.300630
v 0.107082 0.090730 -0.279829
v 0.107082 0.102739 -0.300630
v 0.107082 0.090730 -0.241369
v 0.107082 0.102739 -0.220569
v 0.107082 0.126757 -0.220569
v 0.107082 0.126757 -0.300630
v 0.104680 0.102739 -0.300630
v 0.104680 0.126757 -0.300630
v 0.104680 0.090730 -0.279829
v 0.104680 0.090730 -0.241369
v 0.104680 0.102739 -0.220569
v 0.104680 0.126757 -0.220569
vn -0.0000 -0.0000 -1.0000
vn -0.0000 1.0000 -0.0000
vn -0.0000 -0.0000 1.0000
vn -0.0000 -0.8660 0.5000
vn -0.0000 -1.0000 -0.0000
vn -0.0000 -0.8660 -0.5000
vn 1.0000 -0.0000 -0.0000
vn -1.0000 -0.0000 -0.0000
s 1
usemtl material416
f 6079//2141 6082//2141 6081//2141
f 6079//2141 6080//2141 6082//2141
f 6083//2142 6086//2142 6085//2142
f 6083//2142 6084//2142 6086//2142
f 6087//2143 6090//2143 6089//2143
f 6087//2143 6088//2143 6090//2143
f 6091//2144 6094//2144 6093//2144
f 6091//2144 6092//2144 6094//2144
f 6095//2145 6098//2145 6097//2145
f 6095//2145 6096//2145 6098//2145
f 6099//2146 6102//2146 6101//2146
f 6099//2146 6100//2146 6102//2146
f 6107//2147 6106//2147 6105//2147
f 6108//2147 6103//2147 6104//2147
f 6108//2147 6105//2147 6103//2147
f 6108//2147 6107//2147 6105//2147
f 6114//2148 6112//2148 6113//2148
f 6110//2148 6109//2148 6111//2148
f 6110//2148 6111//2148 6112//2148
f 6110//2148 6112//2148 6114//2148
o empty_62
v 0.107082 0.062708 -0.300630
v 0.104680 0.062708 -0.300630
v 0.107082 0.086727 -0.300630
v 0.104680 0.086727 -0.300630
v 0.107082 0.086727 -0.300630
v 0.104680 0.086727 -0.300630
v 0.107082 0.086727 -0.220569
v 0.104680 0.086727 -0.220569
v 0.107082 0.086727 -0.220569
v 0.104680 0.086727 -0.220569
v 0.107082 0.062708 -0.220569
v 0.104680 0.062708 -0.220569
v 0.107082 0.062708 -0.220569
v 0.104680 0.062708 -0.220569
v 0.107082 0.050699 -0.241369
v 0.104680 0.050699 -0.241369
v 0.107082 0.050699 -0.241369
v 0.104680 0.050699 -0.241369
v 0.107082 0.050699 -0.279829
v 0.104680 0.050699 -0.279829
v 0.107082 0.050699 -0.279829
v 0.104680 0.050699 -0.279829
v 0.107082 0.062708 -0.300630
v 0.104680 0.062708 -0.300630
v 0.107082 0.050699 -0.279829
v 0.107082 0.062708 -0.300630
v 0.107082 0.050699 -0.241369
v 0.107082 0.062708 -0.220569
v 0.107082 0.086727 -0.220569
v 0.107082 0.086727 -0.300630
v 0.104680 0.062708 -0.300630
v 0.104680 0.086727 -0.300630
v 0.104680 0.050699 -0.279829
v 0.104680 0.050699 -0.241369
v 0.104680 0.062708 -0.220569
v 0.104680 0.086727 -0.220569
vn -0.0000 -0.0000 -1.0000
vn -0.0000 1.0000 -0.0000
vn -0.0000 -0.0000 1.0000
vn -0.0000 -0.8660 0.5000
vn -0.0000 -1.0000 -0.0000
vn -0.0000 -0.8660 -0.5000
vn 1.0000 -0.0000 -0.0000
vn -1.0000 -0.0000 -0.0000
s 1
usemtl material417
f 6115//2149 6118//2149 6117//2149
f 6115//2149 6116//2149 6118//2149
f 6119//2150 6122//2150 6121//2150
f 6119//2150 6120//2150 6122//2150
f 6123//2151 6126//2151 6125//2151
f 6123//2151 6124//2151 6126//2151
f 6127//2152 6130//2152 6129//2152
f 6127//2152 6128//2152 6130//2152
f 6131//2153 6134//2153 6133//2153
f 6131//2153 6132//2153 6134//2153
f 6135//2154 6138//2154 6137//2154
f 6135//2154 6136//2154 6138//2154
f 6143//2155 6142//2155 6141//2155
f 6144//2155 6139//2155 6140//2155
f 6144//2155 6141//2155 6139//2155
f 6144//2155 6143//2155 6141//2155
f 6150//2156 6148//2156 6149//2156
f 6146//2156 6145//2156 6147//2156
f 6146//2156 6147//2156 6148//2156
f 6146//2156 6148//2156 6150//2156
o empty_63
v 0.107082 0.022678 -0.300630
v 0.104680 0.022678 -0.300630
v 0.107082 0.046696 -0.300630
v 0.104680 0.046696 -0.300630
v 0.107082 0.046696 -0.300630
v 0.104680 0.046696 -0.300630
v 0.107082 0.046696 -0.220569
v 0.104680 0.046696 -0.220569
v 0.107082 0.046696 -0.220569
v 0.104680 0.046696 -0.220569
v 0.107082 0.022678 -0.220569
v 0.104680 0.022678 -0.220569
v 0.107082 0.022678 -0.220569
v 0.104680 0.022678 -0.220569
v 0.107082 0.010669 -0.241369
v 0.104680 0.010669 -0.241369
v 0.107082 0.010669 -0.241369
v 0.104680 0.010669 -0.241369
v 0.107082 0.010669 -0.279829
v 0.104680 0.010669 -0.279829
v 0.107082 0.010669 -0.279829
v 0.104680 0.010669 -0.279829
v 0.107082 0.022678 -0.300630
v 0.104680 0.022678 -0.300630
v 0.107082 0.010669 -0.279829
v 0.107082 0.022678 -0.300630
v 0.107082 0.010669 -0.241369
v 0.107082 0.022678 -0.220569
v 0.107082 0.046696 -0.220569
v 0.107082 0.046696 -0.300630
v 0.104680 0.022678 -0.300630
v 0.104680 0.046696 -0.300630
v 0.104680 0.010669 -0.279829
v 0.104680 0.010669 -0.241369
v 0.104680 0.022678 -0.220569
v 0.104680 0.046696 -0.220569
vn -0.0000 -0.0000 -1.0000
vn -0.0000 1.0000 -0.0000
vn -0.0000 -0.0000 1.0000
vn -0.0000 -0.8660 0.5000
vn -0.0000 -1.0000 -0.0000
vn -0.0000 -0.8660 -0.5000
vn 1.0000 -0.0000 -0.0000
vn -1.0000 -0.0000 -0.0000
s 1
usemtl material418
f 6151//2157 6154//2157 6153//2157
f 6151//2157 6152//2157 6154//2157
f 6155//2158 6158//2158 6157//2158
f 6155//2158 6156//2158 6158//2158
f 6159//2159 6162//2159 6161//2159
f 6159//2159 6160//2159 6162//2159
f 6163//2160 6166//2160 6165//2160
f 6163//2160 6164//2160 6166//2160
f 6167//2161 6170//2161 6169//2161
f 6167//2161 6168//2161 6170//2161
f 6171//2162 6174//2162 6173//2162
f 6171//2162 6172//2162 6174//2162
f 6179//2163 6178//2163 6177//2163
f 6180//2163 6175//2163 6176//2163
f 6180//2163 6177//2163 6175//2163
f 6180//2163 6179//2163 6177//2163
f 6186//2164 6184//2164 6185//2164
f 6182//2164 6181//2164 6183//2164
f 6182//2164 6183//2164 6184//2164
f 6182//2164 6184//2164 6186//2164
o empty_64
v 0.107082 -0.017353 -0.300630
v 0.104680 -0.017353 -0.300630
v 0.107082 0.006666 -0.300630
v 0.104680 0.006666 -0.300630
v 0.107082 0.006666 -0.300630
v 0.104680 0.006666 -0.300630
v 0.107082 0.006666 -0.220569
v 0.104680 0.006666 -0.220569
v 0.107082 0.006666 -0.220569
v 0.104680 0.006666 -0.220569
v 0.107082 -0.017353 -0.220569
v 0.104680 -0.017353 -0.220569
v 0.107082 -0.017353 -0.220569
v 0.104680 -0.017353 -0.220569
v 0.107082 -0.029362 -0.241369
v 0.104680 -0.029362 -0.241369
v 0.107082 -0.029362 -0.241369
v 0.104680 -0.029362 -0.241369
v 0.107082 -0.029362 -0.279829
v 0.104680 -0.029362 -0.279829
v 0.107082 -0.029362 -0.279829
v 0.104680 -0.029362 -0.279829
v 0.107082 -0.017353 -0.300630
v 0.104680 -0.017353 -0.300630
v 0.107082 -0.029362 -0.279829
v 0.107082 -0.017353 -0.300630
v 0.107082 -0.029362 -0.241369
v 0.107082 -0.017353 -0.220569
v 0.107082 0.006666 -0.220569
v 0.107082 0.006666 -0.300630
v 0.104680 -0.017353 -0.300630
v 0.104680 0.006666 -0.300630
v 0.104680 -0.029362 -0.279829
v 0.104680 -0.029362 -0.241369
v 0.104680 -0.017353 -0.220569
v 0.104680 0.006666 -0.220569
vn -0.0000 -0.0000 -1.0000
vn -0.0000 1.0000 -0.0000
vn -0.0000 -0.0000 1.0000
vn -0.0000 -0.8660 0.5000
vn -0.0000 -1.0000 -0.0000
vn -0.0000 -0.8660 -0.5000
vn 1.0000 -0.0000 -0.0000
vn -1.0000 -0.0000 -0.0000
s 1
usemtl material419
f 6187//2165 6190//2165 6189//2165
f 6187//2165 6188//2165 6190//2165
f 6191//2166 6194//2166 6193//2166
f 6191//2166 6192//2166 6194//2166
f 6195//2167 6198//2167 6197//2167
f 6195//2167 6196//2167 6198//2167
f 6199//2168 6202//2168 6201//2168
f 6199//2168 6200//2168 6202//2168
f 6203//2169 6206//2169 6205//2169
f 6203//2169 6204//2169 6206//2169
f 6207//2170 6210//2170 6209//2170
f 6207//2170 6208//2170 6210//2170
f 6215//2171 6214//2171 6213//2171
f 6216//2171 6211//2171 6212//2171
f 6216//2171 6213//2171 6211//2171
f 6216//2171 6215//2171 6213//2171
f 6222//2172 6220//2172 6221//2172
f 6218//2172 6217//2172 6219//2172
f 6218//2172 6219//2172 6220//2172
f 6218//2172 6220//2172 6222//2172
o empty_65
v 0.107082 -0.057383 -0.300630
v 0.104680 -0.057383 -0.300630
v 0.107082 -0.033365 -0.300630
v 0.104680 -0.033365 -0.300630
v 0.107082 -0.033365 -0.300630
v 0.104680 -0.033365 -0.300630
v 0.107082 -0.033365 -0.220569
v 0.104680 -0.033365 -0.220569
v 0.107082 -0.033365 -0.220569
v 0.104680 -0.033365 -0.220569
v 0.107082 -0.057383 -0.220569
v 0.104680 -0.057383 -0.220569
v 0.107082 -0.057383 -0.220569
v 0.104680 -0.057383 -0.220569
v 0.107082 -0.069393 -0.241369
v 0.104680 -0.069393 -0.241369
v 0.107082 -0.069393 -0.241369
v 0.104680 -0.069393 -0.241369
v 0.107082 -0.069393 -0.279829
v 0.104680 -0.069393 -0.279829
v 0.107082 -0.069393 -0.279829
v 0.104680 -0.069393 -0.279829
v 0.107082 -0.057383 -0.300630
v 0.104680 -0.057383 -0.300630
v 0.107082 -0.069393 -0.279829
v 0.107082 -0.057383 -0.300630
v 0.107082 -0.069393 -0.241369
v 0.107082 -0.057383 -0.220569
v 0.107082 -0.033365 -0.220569
v 0.107082 -0.033365 -0.300630
v 0.104680 -0.057383 -0.300630
v 0.104680 -0.033365 -0.300630
v 0.104680 -0.069393 -0.279829
v 0.104680 -0.069393 -0.241369
v 0.104680 -0.057383 -0.220569
v 0.104680 -0.033365 -0.220569
vn -0.0000 -0.0000 -1.0000
vn -0.0000 1.0000 -0.0000
vn -0.0000 -0.0000 1.0000
vn -0.0000 -0.8660 0.5000
vn -0.0000 -1.0000 -0.0000
vn -0.0000 -0.8660 -0.5000
vn 1.0000 -0.0000 -0.0000
vn -1.0000 -0.0000 -0.0000
s 1
usemtl material420
f 6223//2173 6226//2173 6225//2173
f 6223//2173 6224//2173 6226//2173
f 6227//2174 6230//2174 6229//2174
f 6227//2174 6228//2174 6230//2174
f 6231//2175 6234//2175 6233//2175
f 6231//2175 6232//2175 6234//2175
f 6235//2176 6238//2176 6237//2176
f 6235//2176 6236//2176 6238//2176
f 6239//2177 6242//2177 6241//2177
f 6239//2177 6240//2177 6242//2177
f 6243//2178 6246//2178 6245//2178
f 6243//2178 6244//2178 6246//2178
f 6251//2179 6250//2179 6249//2179
f 6252//2179 6247//2179 6248//2179
f 6252//2179 6249//2179 6247//2179
f 6252//2179 6251//2179 6249//2179
f 6258//2180 6256//2180 6257//2180
f 6254//2180 6253//2180 6255//2180
f 6254//2180 6255//2180 6256//2180
f 6254//2180 6256//2180 6258//2180
o empty_66
v 0.107082 -0.097414 -0.300630
v 0.104680 -0.097414 -0.300630
v 0.107082 -0.073396 -0.300630
v 0.104680 -0.073396 -0.300630
v 0.107082 -0.073396 -0.300630
v 0.104680 -0.073396 -0.300630
v 0.107082 -0.073396 -0.220569
v 0.104680 -0.073396 -0.220569
v 0.107082 -0.073396 -0.220569
v 0.104680 -0.073396 -0.220569
v 0.107082 -0.097414 -0.220569
v 0.104680 -0.097414 -0.220569
v 0.107082 -0.097414 -0.220569
v 0.104680 -0.097414 -0.220569
v 0.107082 -0.109423 -0.241369
v 0.104680 -0.109423 -0.241369
v 0.107082 -0.109423 -0.241369
v 0.104680 -0.109423 -0.241369
v 0.107082 -0.109423 -0.279829
v 0.104680 -0.109423 -0.279829
v 0.107082 -0.109423 -0.279829
v 0.104680 -0.109423 -0.279829
v 0.107082 -0.097414 -0.300630
v 0.104680 -0.097414 -0.300630
v 0.107082 -0.109423 -0.279829
v 0.107082 -0.097414 -0.300630
v 0.107082 -0.109423 -0.241369
v 0.107082 -0.097414 -0.220569
v 0.107082 -0.073396 -0.220569
v 0.107082 -0.073396 -0.300630
v 0.104680 -0.097414 -0.300630
v 0.104680 -0.073396 -0.300630
v 0.104680 -0.109423 -0.279829
v 0.104680 -0.109423 -0.241369
v 0.104680 -0.097414 -0.220569
v 0.104680 -0.073396 -0.220569
vn -0.0000 -0.0000 -1.0000
vn -0.0000 1.0000 -0.0000
vn -0.0000 -0.0000 1.0000
vn -0.0000 -0.8660 0.5000
vn -0.0000 -1.0000 -0.0000
vn -0.0000 -0.8660 -0.5000
vn 1.0000 -0.0000 -0.0000
vn -1.0000 -0.0000 -0.0000
s 1
usemtl material421
f 6259//2181 6262//2181 6261//2181
f 6259//2181 6260//2181 6262//2181
f 6263//2182 6266//2182 6265//2182
f 6263//2182 6264//2182 6266//2182
f 6267//2183 6270//2183 6269//2183
f 6267//2183 6268//2183 6270//2183
f 6271//2184 6274//2184 6273//2184
f 6271//2184 6272//2184 6274//2184
f 6275//2185 6278//2185 6277//2185
f 6275//2185 6276//2185 6278//2185
f 6279//2186 6282//2186 6281//2186
f 6279//2186 6280//2186 6282//2186
f 6287//2187 6286//2187 6285//2187
f 6288//2187 6283//2187 6284//2187
f 6288//2187 6285//2187 6283//2187
f 6288//2187 6287//2187 6285//2187
f 6294//2188 6292//2188 6293//2188
f 6290//2188 6289//2188 6291//2188
f 6290//2188 6291//2188 6292//2188
f 6290//2188 6292//2188 6294//2188
o empty_67
v 0.107082 -0.137445 -0.300630
v 0.104680 -0.137445 -0.300630
v 0.107082 -0.113426 -0.300630
v 0.104680 -0.113426 -0.300630
v 0.107082 -0.113426 -0.300630
v 0.104680 -0.113426 -0.300630
v 0.107082 -0.113426 -0.220569
v 0.104680 -0.113426 -0.220569
v 0.107082 -0.113426 -0.220569
v 0.104680 -0.113426 -0.220569
v 0.107082 -0.137445 -0.220569
v 0.104680 -0.137445 -0.220569
v 0.107082 -0.137445 -0.220569
v 0.104680 -0.137445 -0.220569
v 0.107082 -0.149454 -0.241369
v 0.104680 -0.149454 -0.241369
v 0.107082 -0.149454 -0.241369
v 0.104680 -0.149454 -0.241369
v 0.107082 -0.149454 -0.279829
v 0.104680 -0.149454 -0.279829
v 0.107082 -0.149454 -0.279829
v 0.104680 -0.149454 -0.279829
v 0.107082 -0.137445 -0.300630
v 0.104680 -0.137445 -0.300630
v 0.107082 -0.149454 -0.279829
v 0.107082 -0.137445 -0.300630
v 0.107082 -0.149454 -0.241369
v 0.107082 -0.137445 -0.220569
v 0.107082 -0.113426 -0.220569
v 0.107082 -0.113426 -0.300630
v 0.104680 -0.137445 -0.300630
v 0.104680 -0.113426 -0.300630
v 0.104680 -0.149454 -0.279829
v 0.104680 -0.149454 -0.241369
v 0.104680 -0.137445 -0.220569
v 0.104680 -0.113426 -0.220569
vn -0.0000 -0.0000 -1.0000
vn -0.0000 1.0000 -0.0000
vn -0.0000 -0.0000 1.0000
vn -0.0000 -0.8660 0.5000
vn -0.0000 -1.0000 -0.0000
vn -0.0000 -0.8660 -0.5000
vn 1.0000 -0.0000 -0.0000
vn -1.0000 -0.0000 -0.0000
s 1
usemtl material422
f 6295//2189 6298//2189 6297//2189
f 6295//2189 6296//2189 6298//2189
f 6299//2190 6302//2190 6301//2190
f 6299//2190 6300//2190 6302//2190
f 6303//2191 6306//2191 6305//2191
f 6303//2191 6304//2191 6306//2191
f 6307//2192 6310//2192 6309//2192
f 6307//2192 6308//2192 6310//2192
f 6311//2193 6314//2193 6313//2193
f 6311//2193 6312//2193 6314//2193
f 6315//2194 6318//2194 6317//2194
f 6315//2194 6316//2194 6318//2194
f 6323//2195 6322//2195 6321//2195
f 6324//2195 6319//2195 6320//2195
f 6324//2195 6321//2195 6319//2195
f 6324//2195 6323//2195 6321//2195
f 6330//2196 6328//2196 6329//2196
f 6326//2196 6325//2196 6327//2196
f 6326//2196 6327//2196 6328//2196
f 6326//2196 6328//2196 6330//2196
o empty_68
v 0.107082 -0.177475 -0.300630
v 0.104680 -0.177475 -0.300630
v 0.107082 -0.153457 -0.300630
v 0.104680 -0.153457 -0.300630
v 0.107082 -0.153457 -0.300630
v 0.104680 -0.153457 -0.300630
v 0.107082 -0.153457 -0.220569
v 0.104680 -0.153457 -0.220569
v 0.107082 -0.153457 -0.220569
v 0.104680 -0.153457 -0.220569
v 0.107082 -0.177475 -0.220569
v 0.104680 -0.177475 -0.220569
v 0.107082 -0.177475 -0.220569
v 0.104680 -0.177475 -0.220569
v 0.107082 -0.189484 -0.241369
v 0.104680 -0.189484 -0.241369
v 0.107082 -0.189484 -0.241369
v 0.104680 -0.189484 -0.241369
v 0.107082 -0.189484 -0.279829
v 0.104680 -0.189484 -0.279829
v 0.107082 -0.189484 -0.279829
v 0.104680 -0.189484 -0.279829
v 0.107082 -0.177475 -0.300630
v 0.104680 -0.177475 -0.300630
v 0.107082 -0.189484 -0.279829
v 0.107082 -0.177475 -0.300630
v 0.107082 -0.189484 -0.241369
v 0.107082 -0.177475 -0.220569
v 0.107082 -0.153457 -0.220569
v 0.107082 -0.153457 -0.300630
v 0.104680 -0.177475 -0.300630
v 0.104680 -0.153457 -0.300630
v 0.104680 -0.189484 -0.279829
v 0.104680 -0.189484 -0.241369
v 0.104680 -0.177475 -0.220569
v 0.104680 -0.153457 -0.220569
vn -0.0000 -0.0000 -1.0000
vn -0.0000 1.0000 -0.0000
vn -0.0000 -0.0000 1.0000
vn -0.0000 -0.8660 0.5000
vn -0.0000 -1.0000 -0.0000
vn -0.0000 -0.8660 -0.5000
vn 1.0000 -0.0000 -0.0000
vn -1.0000 -0.0000 -0.0000
s 1
usemtl material423
f 6331//2197 6334//2197 6333//2197
f 6331//2197 6332//2197 6334//2197
f 6335//2198 6338//2198 6337//2198
f 6335//2198 6336//2198 6338//2198
f 6339//2199 6342//2199 6341//2199
f 6339//2199 6340//2199 6342//2199
f 6343//2200 6346//2200 6345//2200
f 6343//2200 6344//2200 6346//2200
f 6347//2201 6350//2201 6349//2201
f 6347//2201 6348//2201 6350//2201
f 6351//2202 6354//2202 6353//2202
f 6351//2202 6352//2202 6354//2202
f 6359//2203 6358//2203 6357//2203
f 6360//2203 6355//2203 6356//2203
f 6360//2203 6357//2203 6355//2203
f 6360//2203 6359//2203 6357//2203
f 6366//2204 6364//2204 6365//2204
f 6362//2204 6361//2204 6363//2204
f 6362//2204 6363//2204 6364//2204
f 6362//2204 6364//2204 6366//2204
o empty_69
v 0.097274 0.215926 -0.105281
v 0.097274 0.215926 -0.101277
v 0.097274 0.066011 -0.105281
v 0.097274 0.066011 -0.101277
v -0.097274 -0.204396 -0.105280
v -0.097274 -0.204396 -0.101277
v -0.097274 0.215926 -0.105281
v -0.097274 0.215926 -0.101277
v -0.097274 0.215926 -0.105281
v -0.097274 0.215926 -0.101277
v 0.097274 0.215926 -0.105281
v 0.097274 0.215926 -0.101277
v 0.097274 -0.204396 -0.105280
v 0.097274 -0.204396 -0.101277
v 0.097274 -0.054481 -0.101277
v 0.097274 -0.054481 -0.105281
v 0.097274 -0.204396 -0.105280
v 0.097274 -0.204396 -0.101277
v -0.097274 -0.204396 -0.105280
v -0.097274 -0.204396 -0.101277
v -0.097274 0.215926 -0.105281
v 0.097274 0.215926 -0.105281
v -0.097274 -0.204396 -0.105280
v 0.097274 -0.204396 -0.105280
v 0.097274 -0.054481 -0.105281
v 0.089268 -0.054481 -0.105281
v 0.089268 0.066011 -0.105281
v 0.097274 0.066011 -0.105281
v 0.089268 0.066011 -0.101277
v 0.097274 0.066011 -0.101277
v 0.097274 0.215926 -0.101277
v -0.097274 0.215926 -0.101277
v -0.097274 -0.204396 -0.101277
v 0.097274 -0.204396 -0.101277
v 0.097274 -0.054481 -0.101277
v 0.089268 -0.054481 -0.101277
v 0.089268 0.066011 -0.101277
v 0.089268 0.066011 -0.105281
v 0.097274 0.066011 -0.101277
v 0.097274 0.066011 -0.105281
v 0.089268 -0.054481 -0.101277
v 0.089268 -0.054481 -0.105281
v 0.089268 0.066011 -0.101277
v 0.089268 0.066011 -0.105281
v 0.097274 -0.054481 -0.101277
v 0.097274 -0.054481 -0.105281
v 0.089268 -0.054481 -0.101277
v 0.089268 -0.054481 -0.105281
vn 1.0000 -0.0000 -0.0000
vn -1.0000 -0.0000 -0.0000
vn -0.0000 1.0000 -0.0000
vn -0.0000 -1.0000 -0.0000
vn -0.0000 -0.0000 -1.0000
vn -0.0000 -0.0000 1.0000
s 1
usemtl material424
f 6367//2205 6370//2205 6369//2205
f 6367//2205 6368//2205 6370//2205
f 6371//2206 6374//2206 6373//2206
f 6371//2206 6372//2206 6374//2206
f 6375//2207 6378//2207 6377//2207
f 6375//2207 6376//2207 6378//2207
f 6382//2205 6380//2205 6379//2205
f 6382//2205 6381//2205 6380//2205
f 6383//2208 6386//2208 6385//2208
f 6383//2208 6384//2208 6386//2208
f 6392//2209 6391//2209 6390//2209
f 6389//2209 6392//2209 6390//2209
f 6388//2209 6394//2209 6393//2209
f 6387//2209 6393//2209 6392//2209
f 6387//2209 6392//2209 6389//2209
f 6387//2209 6388//2209 6393//2209
f 6402//2210 6400//2210 6401//2210
f 6399//2210 6400//2210 6402//2210
f 6397//2210 6395//2210 6396//2210
f 6398//2210 6402//2210 6395//2210
f 6398//2210 6399//2210 6402//2210
f 6398//2210 6395//2210 6397//2210
f 6406//2208 6403//2208 6404//2208
f 6406//2208 6405//2208 6403//2208
f 6410//2205 6407//2205 6408//2205
f 6410//2205 6409//2205 6407//2205
f 6414//2207 6411//2207 6412//2207
f 6414//2207 6413//2207 6411//2207
o empty_7
v 0.002802 -0.129539 0.107682
v 0.002802 -0.129539 0.105280
v 0.002802 -0.153557 0.107682
v 0.002802 -0.153557 0.105280
v 0.002802 -0.153557 0.107682
v 0.002802 -0.153557 0.105280
v 0.082863 -0.153557 0.107682
v 0.082863 -0.153557 0.105280
v 0.082863 -0.153557 0.107682
v 0.082863 -0.153557 0.105280
v 0.082863 -0.129539 0.107682
v 0.082863 -0.129539 0.105280
v 0.082863 -0.129539 0.107682
v 0.082863 -0.129539 0.105280
v 0.062063 -0.117529 0.107682
v 0.062063 -0.117529 0.105280
v 0.062063 -0.117529 0.107682
v 0.062063 -0.117529 0.105280
v 0.023603 -0.117529 0.107682
v 0.023603 -0.117529 0.105280
v 0.023603 -0.117529 0.107682
v 0.023603 -0.117529 0.105280
v 0.002802 -0.129539 0.107682
v 0.002802 -0.129539 0.105280
v 0.023603 -0.117529 0.107682
v 0.002802 -0.129539 0.107682
v 0.062063 -0.117529 0.107682
v 0.082863 -0.129539 0.107682
v 0.082863 -0.153557 0.107682
v 0.002802 -0.153557 0.107682
v 0.002802 -0.129539 0.105280
v 0.002802 -0.153557 0.105280
v 0.023603 -0.117529 0.105280
v 0.062063 -0.117529 0.105280
v 0.082863 -0.129539 0.105280
v 0.082863 -0.153557 0.105280
vn -1.0000 -0.0000 -0.0000
vn -0.0000 -1.0000 -0.0000
vn 1.0000 -0.0000 -0.0000
vn 0.5000 0.8660 -0.0000
vn -0.0000 1.0000 -0.0000
vn -0.5000 0.8660 -0.0000
vn -0.0000 -0.0000 1.0000
vn -0.0000 -0.0000 -1.0000
s 1
usemtl material362
f 6415//2211 6418//2211 6417//2211
f 6415//2211 6416//2211 6418//2211
f 6419//2212 6422//2212 6421//2212
f 6419//2212 6420//2212 6422//2212
f 6423//2213 6426//2213 6425//2213
f 6423//2213 6424//2213 6426//2213
f 6427//2214 6430//2214 6429//2214
f 6427//2214 6428//2214 6430//2214
f 6431//2215 6434//2215 6433//2215
f 6431//2215 6432//2215 6434//2215
f 6435//2216 6438//2216 6437//2216
f 6435//2216 6436//2216 6438//2216
f 6443//2217 6442//2217 6441//2217
f 6444//2217 6439//2217 6440//2217
f 6444//2217 6441//2217 6439//2217
f 6444//2217 6443//2217 6441//2217
f 6450//2218 6448//2218 6449//2218
f 6446//2218 6445//2218 6447//2218
f 6446//2218 6447//2218 6448//2218
f 6446//2218 6448//2218 6450//2218
o empty_70
v 0.082863 -0.170370 -0.107682
v 0.082863 -0.170370 -0.105280
v 0.082863 -0.194388 -0.107682
v 0.082863 -0.194388 -0.105280
v 0.082863 -0.194388 -0.107682
v 0.082863 -0.194388 -0.105280
v 0.002802 -0.194388 -0.107682
v 0.002802 -0.194388 -0.105280
v 0.002802 -0.194388 -0.107682
v 0.002802 -0.194388 -0.105280
v 0.002802 -0.170370 -0.107682
v 0.002802 -0.170370 -0.105280
v 0.002802 -0.170370 -0.107682
v 0.002802 -0.170370 -0.105280
v 0.023603 -0.158361 -0.107682
v 0.023603 -0.158361 -0.105280
v 0.023603 -0.158361 -0.107682
v 0.023603 -0.158361 -0.105280
v 0.062063 -0.158361 -0.107682
v 0.062063 -0.158361 -0.105280
v 0.062063 -0.158361 -0.107682
v 0.062063 -0.158361 -0.105280
v 0.082863 -0.170370 -0.107682
v 0.082863 -0.170370 -0.105280
v 0.062063 -0.158361 -0.107682
v 0.082863 -0.170370 -0.107682
v 0.023603 -0.158361 -0.107682
v 0.002802 -0.170370 -0.107682
v 0.002802 -0.194388 -0.107682
v 0.082863 -0.194388 -0.107682
v 0.082863 -0.170370 -0.105280
v 0.082863 -0.194388 -0.105280
v 0.062063 -0.158361 -0.105280
v 0.023603 -0.158361 -0.105280
v 0.002802 -0.170370 -0.105280
v 0.002802 -0.194388 -0.105280
vn 1.0000 -0.0000 -0.0000
vn -0.0000 -1.0000 -0.0000
vn -1.0000 -0.0000 -0.0000
vn -0.5000 0.8660 -0.0000
vn -0.0000 1.0000 -0.0000
vn 0.5000 0.8660 -0.0000
vn -0.0000 -0.0000 -1.0000
vn -0.0000 -0.0000 1.0000
s 1
usemtl material425
f 6451//2219 6454//2219 6453//2219
f 6451//2219 6452//2219 6454//2219
f 6455//2220 6458//2220 6457//2220
f 6455//2220 6456//2220 6458//2220
f 6459//2221 6462//2221 6461//2221
f 6459//2221 6460//2221 6462//2221
f 6463//2222 6466//2222 6465//2222
f 6463//2222 6464//2222 6466//2222
f 6467//2223 6470//2223 6469//2223
f 6467//2223 6468//2223 6470//2223
f 6471//2224 6474//2224 6473//2224
f 6471//2224 6472//2224 6474//2224
f 6479//2225 6478//2225 6477//2225
f 6480//2225 6475//2225 6476//2225
f 6480//2225 6477//2225 6475//2225
f 6480//2225 6479//2225 6477//2225
f 6486//2226 6484//2226 6485//2226
f 6482//2226 6481//2226 6483//2226
f 6482//2226 6483//2226 6484//2226
f 6482//2226 6484//2226 6486//2226
o empty_71
v -0.005204 -0.170370 -0.107682
v -0.005204 -0.170370 -0.105280
v -0.005204 -0.194388 -0.107682
v -0.005204 -0.194388 -0.105280
v -0.005204 -0.194388 -0.107682
v -0.005204 -0.194388 -0.105280
v -0.085265 -0.194388 -0.107682
v -0.085265 -0.194388 -0.105280
v -0.085265 -0.194388 -0.107682
v -0.085265 -0.194388 -0.105280
v -0.085265 -0.170370 -0.107682
v -0.085265 -0.170370 -0.105280
v -0.085265 -0.170370 -0.107682
v -0.085265 -0.170370 -0.105280
v -0.064465 -0.158361 -0.107682
v -0.064465 -0.158361 -0.105280
v -0.064465 -0.158361 -0.107682
v -0.064465 -0.158361 -0.105280
v -0.026004 -0.158361 -0.107682
v -0.026004 -0.158361 -0.105280
v -0.026004 -0.158361 -0.107682
v -0.026004 -0.158361 -0.105280
v -0.005204 -0.170370 -0.107682
v -0.005204 -0.170370 -0.105280
v -0.026004 -0.158361 -0.107682
v -0.005204 -0.170370 -0.107682
v -0.064465 -0.158361 -0.107682
v -0.085265 -0.170370 -0.107682
v -0.085265 -0.194388 -0.107682
v -0.005204 -0.194388 -0.107682
v -0.005204 -0.170370 -0.105280
v -0.005204 -0.194388 -0.105280
v -0.026004 -0.158361 -0.105280
v -0.064465 -0.158361 -0.105280
v -0.085265 -0.170370 -0.105280
v -0.085265 -0.194388 -0.105280
vn 1.0000 -0.0000 -0.0000
vn -0.0000 -1.0000 -0.0000
vn -1.0000 -0.0000 -0.0000
vn -0.5000 0.8660 -0.0000
vn -0.0000 1.0000 -0.0000
vn 0.5000 0.8660 -0.0000
vn -0.0000 -0.0000 -1.0000
vn -0.0000 -0.0000 1.0000
s 1
usemtl material426
f 6487//2227 6490//2227 6489//2227
f 6487//2227 6488//2227 6490//2227
f 6491//2228 6494//2228 6493//2228
f 6491//2228 6492//2228 6494//2228
f 6495//2229 6498//2229 6497//2229
f 6495//2229 6496//2229 6498//2229
f 6499//2230 6502//2230 6501//2230
f 6499//2230 6500//2230 6502//2230
f 6503//2231 6506//2231 6505//2231
f 6503//2231 6504//2231 6506//2231
f 6507//2232 6510//2232 6509//2232
f 6507//2232 6508//2232 6510//2232
f 6515//2233 6514//2233 6513//2233
f 6516//2233 6511//2233 6512//2233
f 6516//2233 6513//2233 6511//2233
f 6516//2233 6515//2233 6513//2233
f 6522//2234 6520//2234 6521//2234
f 6518//2234 6517//2234 6519//2234
f 6518//2234 6519//2234 6520//2234
f 6518//2234 6520//2234 6522//2234
o empty_72
v -0.005204 -0.130339 -0.107682
v -0.005204 -0.130339 -0.105280
v -0.005204 -0.154357 -0.107682
v -0.005204 -0.154357 -0.105280
v -0.005204 -0.154357 -0.107682
v -0.005204 -0.154357 -0.105280
v -0.085265 -0.154357 -0.107682
v -0.085265 -0.154357 -0.105280
v -0.085265 -0.154357 -0.107682
v -0.085265 -0.154357 -0.105280
v -0.085265 -0.130339 -0.107682
v -0.085265 -0.130339 -0.105280
v -0.085265 -0.130339 -0.107682
v -0.085265 -0.130339 -0.105280
v -0.064465 -0.118330 -0.107682
v -0.064465 -0.118330 -0.105280
v -0.064465 -0.118330 -0.107682
v -0.064465 -0.118330 -0.105280
v -0.026004 -0.118330 -0.107682
v -0.026004 -0.118330 -0.105280
v -0.026004 -0.118330 -0.107682
v -0.026004 -0.118330 -0.105280
v -0.005204 -0.130339 -0.107682
v -0.005204 -0.130339 -0.105280
v -0.026004 -0.118330 -0.107682
v -0.005204 -0.130339 -0.107682
v -0.064465 -0.118330 -0.107682
v -0.085265 -0.130339 -0.107682
v -0.085265 -0.154357 -0.107682
v -0.005204 -0.154357 -0.107682
v -0.005204 -0.130339 -0.105280
v -0.005204 -0.154357 -0.105280
v -0.026004 -0.118330 -0.105280
v -0.064465 -0.118330 -0.105280
v -0.085265 -0.130339 -0.105280
v -0.085265 -0.154357 -0.105280
vn 1.0000 -0.0000 -0.0000
vn -0.0000 -1.0000 -0.0000
vn -1.0000 -0.0000 -0.0000
vn -0.5000 0.8660 -0.0000
vn -0.0000 1.0000 -0.0000
vn 0.5000 0.8660 -0.0000
vn -0.0000 -0.0000 -1.0000
vn -0.0000 -0.0000 1.0000
s 1
usemtl material427
f 6523//2235 6526//2235 6525//2235
f 6523//2235 6524//2235 6526//2235
f 6527//2236 6530//2236 6529//2236
f 6527//2236 6528//2236 6530//2236
f 6531//2237 6534//2237 6533//2237
f 6531//2237 6532//2237 6534//2237
f 6535//2238 6538//2238 6537//2238
f 6535//2238 6536//2238 6538//2238
f 6539//2239 6542//2239 6541//2239
f 6539//2239 6540//2239 6542//2239
f 6543//2240 6546//2240 6545//2240
f 6543//2240 6544//2240 6546//2240
f 6551//2241 6550//2241 6549//2241
f 6552//2241 6547//2241 6548//2241
f 6552//2241 6549//2241 6547//2241
f 6552//2241 6551//2241 6549//2241
f 6558//2242 6556//2242 6557//2242
f 6554//2242 6553//2242 6555//2242
f 6554//2242 6555//2242 6556//2242
f 6554//2242 6556//2242 6558//2242
o empty_73
v -0.005204 -0.090309 -0.107682
v -0.005204 -0.090309 -0.105280
v -0.005204 -0.114327 -0.107682
v -0.005204 -0.114327 -0.105280
v -0.005204 -0.114327 -0.107682
v -0.005204 -0.114327 -0.105280
v -0.085265 -0.114327 -0.107682
v -0.085265 -0.114327 -0.105280
v -0.085265 -0.114327 -0.107682
v -0.085265 -0.114327 -0.105280
v -0.085265 -0.090309 -0.107682
v -0.085265 -0.090309 -0.105280
v -0.085265 -0.090309 -0.107682
v -0.085265 -0.090309 -0.105280
v -0.064465 -0.078299 -0.107682
v -0.064465 -0.078299 -0.105280
v -0.064465 -0.078299 -0.107682
v -0.064465 -0.078299 -0.105280
v -0.026004 -0.078299 -0.107682
v -0.026004 -0.078299 -0.105280
v -0.026004 -0.078299 -0.107682
v -0.026004 -0.078299 -0.105280
v -0.005204 -0.090309 -0.107682
v -0.005204 -0.090309 -0.105280
v -0.026004 -0.078299 -0.107682
v -0.005204 -0.090309 -0.107682
v -0.064465 -0.078299 -0.107682
v -0.085265 -0.090309 -0.107682
v -0.085265 -0.114327 -0.107682
v -0.005204 -0.114327 -0.107682
v -0.005204 -0.090309 -0.105280
v -0.005204 -0.114327 -0.105280
v -0.026004 -0.078299 -0.105280
v -0.064465 -0.078299 -0.105280
v -0.085265 -0.090309 -0.105280
v -0.085265 -0.114327 -0.105280
vn 1.0000 -0.0000 -0.0000
vn -0.0000 -1.0000 -0.0000
vn -1.0000 -0.0000 -0.0000
vn -0.5000 0.8660 -0.0000
vn -0.0000 1.0000 -0.0000
vn 0.5000 0.8660 -0.0000
vn -0.0000 -0.0000 -1.0000
vn -0.0000 -0.0000 1.0000
s 1
usemtl material428
f 6559//2243 6562//2243 6561//2243
f 6559//2243 6560//2243 6562//2243
f 6563//2244 6566//2244 6565//2244
f 6563//2244 6564//2244 6566//2244
f 6567//2245 6570//2245 6569//2245
f 6567//2245 6568//2245 6570//2245
f 6571//2246 6574//2246 6573//2246
f 6571//2246 6572//2246 6574//2246
f 6575//2247 6578//2247 6577//2247
f 6575//2247 6576//2247 6578//2247
f 6579//2248 6582//2248 6581//2248
f 6579//2248 6580//2248 6582//2248
f 6587//2249 6586//2249 6585//2249
f 6588//2249 6583//2249 6584//2249
f 6588//2249 6585//2249 6583//2249
f 6588//2249 6587//2249 6585//2249
f 6594//2250 6592//2250 6593//2250
f 6590//2250 6589//2250 6591//2250
f 6590//2250 6591//2250 6592//2250
f 6590//2250 6592//2250 6594//2250
o empty_74
v -0.005204 -0.050278 -0.107682
v -0.005204 -0.050278 -0.105281
v -0.005204 -0.074296 -0.107682
v -0.005204 -0.074296 -0.105280
v -0.005204 -0.074296 -0.107682
v -0.005204 -0.074296 -0.105280
v -0.085265 -0.074296 -0.107682
v -0.085265 -0.074296 -0.105280
v -0.085265 -0.074296 -0.107682
v -0.085265 -0.074296 -0.105280
v -0.085265 -0.050278 -0.107682
v -0.085265 -0.050278 -0.105281
v -0.085265 -0.050278 -0.107682
v -0.085265 -0.050278 -0.105281
v -0.064465 -0.038269 -0.107682
v -0.064465 -0.038269 -0.105281
v -0.064465 -0.038269 -0.107682
v -0.064465 -0.038269 -0.105281
v -0.026004 -0.038269 -0.107682
v -0.026004 -0.038269 -0.105281
v -0.026004 -0.038269 -0.107682
v -0.026004 -0.038269 -0.105281
v -0.005204 -0.050278 -0.107682
v -0.005204 -0.050278 -0.105281
v -0.026004 -0.038269 -0.107682
v -0.005204 -0.050278 -0.107682
v -0.064465 -0.038269 -0.107682
v -0.085265 -0.050278 -0.107682
v -0.085265 -0.074296 -0.107682
v -0.005204 -0.074296 -0.107682
v -0.005204 -0.050278 -0.105281
v -0.005204 -0.074296 -0.105280
v -0.026004 -0.038269 -0.105281
v -0.064465 -0.038269 -0.105281
v -0.085265 -0.050278 -0.105281
v -0.085265 -0.074296 -0.105280
vn 1.0000 -0.0000 -0.0000
vn -0.0000 -1.0000 -0.0000
vn -1.0000 -0.0000 -0.0000
vn -0.5000 0.8660 -0.0000
vn -0.0000 1.0000 -0.0000
vn 0.5000 0.8660 -0.0000
vn -0.0000 -0.0000 -1.0000
vn -0.0000 -0.0000 1.0000
s 1
usemtl material429
f 6595//2251 6598//2251 6597//2251
f 6595//2251 6596//2251 6598//2251
f 6599//2252 6602//2252 6601//2252
f 6599//2252 6600//2252 6602//2252
f 6603//2253 6606//2253 6605//2253
f 6603//2253 6604//2253 6606//2253
f 6607//2254 6610//2254 6609//2254
f 6607//2254 6608//2254 6610//2254
f 6611//2255 6614//2255 6613//2255
f 6611//2255 6612//2255 6614//2255
f 6615//2256 6618//2256 6617//2256
f 6615//2256 6616//2256 6618//2256
f 6623//2257 6622//2257 6621//2257
f 6624//2257 6619//2257 6620//2257
f 6624//2257 6621//2257 6619//2257
f 6624//2257 6623//2257 6621//2257
f 6630//2258 6628//2258 6629//2258
f 6626//2258 6625//2258 6627//2258
f 6626//2258 6627//2258 6628//2258
f 6626//2258 6628//2258 6630//2258
o empty_75
v -0.005204 -0.010247 -0.107682
v -0.005204 -0.010247 -0.105281
v -0.005204 -0.034266 -0.107682
v -0.005204 -0.034266 -0.105281
v -0.005204 -0.034266 -0.107682
v -0.005204 -0.034266 -0.105281
v -0.085265 -0.034266 -0.107682
v -0.085265 -0.034266 -0.105281
v -0.085265 -0.034266 -0.107682
v -0.085265 -0.034266 -0.105281
v -0.085265 -0.010247 -0.107682
v -0.085265 -0.010247 -0.105281
v -0.085265 -0.010247 -0.107682
v -0.085265 -0.010247 -0.105281
v -0.064465 0.001762 -0.107682
v -0.064465 0.001762 -0.105281
v -0.064465 0.001762 -0.107682
v -0.064465 0.001762 -0.105281
v -0.026004 0.001762 -0.107682
v -0.026004 0.001762 -0.105281
v -0.026004 0.001762 -0.107682
v -0.026004 0.001762 -0.105281
v -0.005204 -0.010247 -0.107682
v -0.005204 -0.010247 -0.105281
v -0.026004 0.001762 -0.107682
v -0.005204 -0.010247 -0.107682
v -0.064465 0.001762 -0.107682
v -0.085265 -0.010247 -0.107682
v -0.085265 -0.034266 -0.107682
v -0.005204 -0.034266 -0.107682
v -0.005204 -0.010247 -0.105281
v -0.005204 -0.034266 -0.105281
v -0.026004 0.001762 -0.105281
v -0.064465 0.001762 -0.105281
v -0.085265 -0.010247 -0.105281
v -0.085265 -0.034266 -0.105281
vn 1.0000 -0.0000 -0.0000
vn -0.0000 -1.0000 -0.0000
vn -1.0000 -0.0000 -0.0000
vn -0.5000 0.8660 -0.0000
vn -0.0000 1.0000 -0.0000
vn 0.5000 0.8660 -0.0000
vn -0.0000 -0.0000 -1.0000
vn -0.0000 -0.0000 1.0000
s 1
usemtl material430
f 6631//2259 6634//2259 6633//2259
f 6631//2259 6632//2259 6634//2259
f 6635//2260 6638//2260 6637//2260
f 6635//2260 6636//2260 6638//2260
f 6639//2261 6642//2261 6641//2261
f 6639//2261 6640//2261 6642//2261
f 6643//2262 6646//2262 6645//2262
f 6643//2262 6644//2262 6646//2262
f 6647//2263 6650//2263 6649//2263
f 6647//2263 6648//2263 6650//2263
f 6651//2264 6654//2264 6653//2264
f 6651//2264 6652//2264 6654//2264
f 6659//2265 6658//2265 6657//2265
f 6660//2265 6655//2265 6656//2265
f 6660//2265 6657//2265 6655//2265
f 6660//2265 6659//2265 6657//2265
f 6666//2266 6664//2266 6665//2266
f 6662//2266 6661//2266 6663//2266
f 6662//2266 6663//2266 6664//2266
f 6662//2266 6664//2266 6666//2266
o empty_76
v -0.005204 0.029783 -0.107682
v -0.005204 0.029783 -0.105281
v -0.005204 0.005765 -0.107682
v -0.005204 0.005765 -0.105281
v -0.005204 0.005765 -0.107682
v -0.005204 0.005765 -0.105281
v -0.085265 0.005765 -0.107682
v -0.085265 0.005765 -0.105281
v -0.085265 0.005765 -0.107682
v -0.085265 0.005765 -0.105281
v -0.085265 0.029783 -0.107682
v -0.085265 0.029783 -0.105281
v -0.085265 0.029783 -0.107682
v -0.085265 0.029783 -0.105281
v -0.064465 0.041792 -0.107682
v -0.064465 0.041792 -0.105281
v -0.064465 0.041792 -0.107682
v -0.064465 0.041792 -0.105281
v -0.026004 0.041792 -0.107682
v -0.026004 0.041792 -0.105281
v -0.026004 0.041792 -0.107682
v -0.026004 0.041792 -0.105281
v -0.005204 0.029783 -0.107682
v -0.005204 0.029783 -0.105281
v -0.026004 0.041792 -0.107682
v -0.005204 0.029783 -0.107682
v -0.064465 0.041792 -0.107682
v -0.085265 0.029783 -0.107682
v -0.085265 0.005765 -0.107682
v -0.005204 0.005765 -0.107682
v -0.005204 0.029783 -0.105281
v -0.005204 0.005765 -0.105281
v -0.026004 0.041792 -0.105281
v -0.064465 0.041792 -0.105281
v -0.085265 0.029783 -0.105281
v -0.085265 0.005765 -0.105281
vn 1.0000 -0.0000 -0.0000
vn -0.0000 -1.0000 -0.0000
vn -1.0000 -0.0000 -0.0000
vn -0.5000 0.8660 -0.0000
vn -0.0000 1.0000 -0.0000
vn 0.5000 0.8660 -0.0000
vn -0.0000 -0.0000 -1.0000
vn -0.0000 -0.0000 1.0000
s 1
usemtl material431
f 6667//2267 6670//2267 6669//2267
f 6667//2267 6668//2267 6670//2267
f 6671//2268 6674//2268 6673//2268
f 6671//2268 6672//2268 6674//2268
f 6675//2269 6678//2269 6677//2269
f 6675//2269 6676//2269 6678//2269
f 6679//2270 6682//2270 6681//2270
f 6679//2270 6680//2270 6682//2270
f 6683//2271 6686//2271 6685//2271
f 6683//2271 6684//2271 6686//2271
f 6687//2272 6690//2272 6689//2272
f 6687//2272 6688//2272 6690//2272
f 6695//2273 6694//2273 6693//2273
f 6696//2273 6691//2273 6692//2273
f 6696//2273 6693//2273 6691//2273
f 6696//2273 6695//2273 6693//2273
f 6702//2274 6700//2274 6701//2274
f 6698//2274 6697//2274 6699//2274
f 6698//2274 6699//2274 6700//2274
f 6698//2274 6700//2274 6702//2274
o empty_77
v -0.005204 0.069814 -0.107682
v -0.005204 0.069814 -0.105281
v -0.005204 0.045796 -0.107682
v -0.005204 0.045796 -0.105281
v -0.005204 0.045796 -0.107682
v -0.005204 0.045796 -0.105281
v -0.085265 0.045796 -0.107682
v -0.085265 0.045796 -0.105281
v -0.085265 0.045796 -0.107682
v -0.085265 0.045796 -0.105281
v -0.085265 0.069814 -0.107682
v -0.085265 0.069814 -0.105281
v -0.085265 0.069814 -0.107682
v -0.085265 0.069814 -0.105281
v -0.064465 0.081823 -0.107682
v -0.064465 0.081823 -0.105281
v -0.064465 0.081823 -0.107682
v -0.064465 0.081823 -0.105281
v -0.026004 0.081823 -0.107682
v -0.026004 0.081823 -0.105281
v -0.026004 0.081823 -0.107682
v -0.026004 0.081823 -0.105281
v -0.005204 0.069814 -0.107682
v -0.005204 0.069814 -0.105281
v -0.026004 0.081823 -0.107682
v -0.005204 0.069814 -0.107682
v -0.064465 0.081823 -0.107682
v -0.085265 0.069814 -0.107682
v -0.085265 0.045796 -0.107682
v -0.005204 0.045796 -0.107682
v -0.005204 0.069814 -0.105281
v -0.005204 0.045796 -0.105281
v -0.026004 0.081823 -0.105281
v -0.064465 0.081823 -0.105281
v -0.085265 0.069814 -0.105281
v -0.085265 0.045796 -0.105281
vn 1.0000 -0.0000 -0.0000
vn -0.0000 -1.0000 -0.0000
vn -1.0000 -0.0000 -0.0000
vn -0.5000 0.8660 -0.0000
vn -0.0000 1.0000 -0.0000
vn 0.5000 0.8660 -0.0000
vn -0.0000 -0.0000 -1.0000
vn -0.0000 -0.0000 1.0000
s 1
usemtl material432
f 6703//2275 6706//2275 6705//2275
f 6703//2275 6704//2275 6706//2275
f 6707//2276 6710//2276 6709//2276
f 6707//2276 6708//2276 6710//2276
f 6711//2277 6714//2277 6713//2277
f 6711//2277 6712//2277 6714//2277
f 6715//2278 6718//2278 6717//2278
f 6715//2278 6716//2278 6718//2278
f 6719//2279 6722//2279 6721//2279
f 6719//2279 6720//2279 6722//2279
f 6723//2280 6726//2280 6725//2280
f 6723//2280 6724//2280 6726//2280
f 6731//2281 6730//2281 6729//2281
f 6732//2281 6727//2281 6728//2281
f 6732//2281 6729//2281 6727//2281
f 6732//2281 6731//2281 6729//2281
f 6738//2282 6736//2282 6737//2282
f 6734//2282 6733//2282 6735//2282
f 6734//2282 6735//2282 6736//2282
f 6734//2282 6736//2282 6738//2282
o empty_78
v -0.005204 0.109845 -0.107682
v -0.005204 0.109845 -0.105281
v -0.005204 0.085826 -0.107682
v -0.005204 0.085826 -0.105281
v -0.005204 0.085826 -0.107682
v -0.005204 0.085826 -0.105281
v -0.085265 0.085826 -0.107682
v -0.085265 0.085826 -0.105281
v -0.085265 0.085826 -0.107682
v -0.085265 0.085826 -0.105281
v -0.085265 0.109845 -0.107682
v -0.085265 0.109845 -0.105281
v -0.085265 0.109845 -0.107682
v -0.085265 0.109845 -0.105281
v -0.064465 0.121854 -0.107682
v -0.064465 0.121854 -0.105281
v -0.064465 0.121854 -0.107682
v -0.064465 0.121854 -0.105281
v -0.026004 0.121854 -0.107682
v -0.026004 0.121854 -0.105281
v -0.026004 0.121854 -0.107682
v -0.026004 0.121854 -0.105281
v -0.005204 0.109845 -0.107682
v -0.005204 0.109845 -0.105281
v -0.026004 0.121854 -0.107682
v -0.005204 0.109845 -0.107682
v -0.064465 0.121854 -0.107682
v -0.085265 0.109845 -0.107682
v -0.085265 0.085826 -0.107682
v -0.005204 0.085826 -0.107682
v -0.005204 0.109845 -0.105281
v -0.005204 0.085826 -0.105281
v -0.026004 0.121854 -0.105281
v -0.064465 0.121854 -0.105281
v -0.085265 0.109845 -0.105281
v -0.085265 0.085826 -0.105281
vn 1.0000 -0.0000 -0.0000
vn -0.0000 -1.0000 -0.0000
vn -1.0000 -0.0000 -0.0000
vn -0.5000 0.8660 -0.0000
vn -0.0000 1.0000 -0.0000
vn 0.5000 0.8660 -0.0000
vn -0.0000 -0.0000 -1.0000
vn -0.0000 -0.0000 1.0000
s 1
usemtl material433
f 6739//2283 6742//2283 6741//2283
f 6739//2283 6740//2283 6742//2283
f 6743//2284 6746//2284 6745//2284
f 6743//2284 6744//2284 6746//2284
f 6747//2285 6750//2285 6749//2285
f 6747//2285 6748//2285 6750//2285
f 6751//2286 6754//2286 6753//2286
f 6751//2286 6752//2286 6754//2286
f 6755//2287 6758//2287 6757//2287
f 6755//2287 6756//2287 6758//2287
f 6759//2288 6762//2288 6761//2288
f 6759//2288 6760//2288 6762//2288
f 6767//2289 6766//2289 6765//2289
f 6768//2289 6763//2289 6764//2289
f 6768//2289 6765//2289 6763//2289
f 6768//2289 6767//2289 6765//2289
f 6774//2290 6772//2290 6773//2290
f 6770//2290 6769//2290 6771//2290
f 6770//2290 6771//2290 6772//2290
f 6770//2290 6772//2290 6774//2290
o empty_79
v -0.005204 0.149875 -0.107682
v -0.005204 0.149875 -0.105281
v -0.005204 0.125857 -0.107682
v -0.005204 0.125857 -0.105281
v -0.005204 0.125857 -0.107682
v -0.005204 0.125857 -0.105281
v -0.085265 0.125857 -0.107682
v -0.085265 0.125857 -0.105281
v -0.085265 0.125857 -0.107682
v -0.085265 0.125857 -0.105281
v -0.085265 0.149875 -0.107682
v -0.085265 0.149875 -0.105281
v -0.085265 0.149875 -0.107682
v -0.085265 0.149875 -0.105281
v -0.064465 0.161884 -0.107682
v -0.064465 0.161884 -0.105281
v -0.064465 0.161884 -0.107682
v -0.064465 0.161884 -0.105281
v -0.026004 0.161884 -0.107682
v -0.026004 0.161884 -0.105281
v -0.026004 0.161884 -0.107682
v -0.026004 0.161884 -0.105281
v -0.005204 0.149875 -0.107682
v -0.005204 0.149875 -0.105281
v -0.026004 0.161884 -0.107682
v -0.005204 0.149875 -0.107682
v -0.064465 0.161884 -0.107682
v -0.085265 0.149875 -0.107682
v -0.085265 0.125857 -0.107682
v -0.005204 0.125857 -0.107682
v -0.005204 0.149875 -0.105281
v -0.005204 0.125857 -0.105281
v -0.026004 0.161884 -0.105281
v -0.064465 0.161884 -0.105281
v -0.085265 0.149875 -0.105281
v -0.085265 0.125857 -0.105281
vn 1.0000 -0.0000 -0.0000
vn -0.0000 -1.0000 -0.0000
vn -1.0000 -0.0000 -0.0000
vn -0.5000 0.8660 -0.0000
vn -0.0000 1.0000 -0.0000
vn 0.5000 0.8660 -0.0000
vn -0.0000 -0.0000 -1.0000
vn -0.0000 -0.0000 1.0000
s 1
usemtl material434
f 6775//2291 6778//2291 6777//2291
f 6775//2291 6776//2291 6778//2291
f 6779//2292 6782//2292 6781//2292
f 6779//2292 6780//2292 6782//2292
f 6783//2293 6786//2293 6785//2293
f 6783//2293 6784//2293 6786//2293
f 6787//2294 6790//2294 6789//2294
f 6787//2294 6788//2294 6790//2294
f 6791//2295 6794//2295 6793//2295
f 6791//2295 6792//2295 6794//2295
f 6795//2296 6798//2296 6797//2296
f 6795//2296 6796//2296 6798//2296
f 6803//2297 6802//2297 6801//2297
f 6804//2297 6799//2297 6800//2297
f 6804//2297 6801//2297 6799//2297
f 6804//2297 6803//2297 6801//2297
f 6810//2298 6808//2298 6809//2298
f 6806//2298 6805//2298 6807//2298
f 6806//2298 6807//2298 6808//2298
f 6806//2298 6808//2298 6810//2298
o empty_8
v 0.002802 -0.089508 0.107682
v 0.002802 -0.089508 0.105280
v 0.002802 -0.113526 0.107682
v 0.002802 -0.113526 0.105280
v 0.002802 -0.113526 0.107682
v 0.002802 -0.113526 0.105280
v 0.082863 -0.113526 0.107682
v 0.082863 -0.113526 0.105280
v 0.082863 -0.113526 0.107682
v 0.082863 -0.113526 0.105280
v 0.082863 -0.089508 0.107682
v 0.082863 -0.089508 0.105280
v 0.082863 -0.089508 0.107682
v 0.082863 -0.089508 0.105280
v 0.062063 -0.077499 0.107682
v 0.062063 -0.077499 0.105280
v 0.062063 -0.077499 0.107682
v 0.062063 -0.077499 0.105280
v 0.023603 -0.077499 0.107682
v 0.023603 -0.077499 0.105280
v 0.023603 -0.077499 0.107682
v 0.023603 -0.077499 0.105280
v 0.002802 -0.089508 0.107682
v 0.002802 -0.089508 0.105280
v 0.023603 -0.077499 0.107682
v 0.002802 -0.089508 0.107682
v 0.062063 -0.077499 0.107682
v 0.082863 -0.089508 0.107682
v 0.082863 -0.113526 0.107682
v 0.002802 -0.113526 0.107682
v 0.002802 -0.089508 0.105280
v 0.002802 -0.113526 0.105280
v 0.023603 -0.077499 0.105280
v 0.062063 -0.077499 0.105280
v 0.082863 -0.089508 0.105280
v 0.082863 -0.113526 0.105280
vn -1.0000 -0.0000 -0.0000
vn -0.0000 -1.0000 -0.0000
vn 1.0000 -0.0000 -0.0000
vn 0.5000 0.8660 -0.0000
vn -0.0000 1.0000 -0.0000
vn -0.5000 0.8660 -0.0000
vn -0.0000 -0.0000 1.0000
vn -0.0000 -0.0000 -1.0000
s 1
usemtl material363
f 6811//2299 6814//2299 6813//2299
f 6811//2299 6812//2299 6814//2299
f 6815//2300 6818//2300 6817//2300
f 6815//2300 6816//2300 6818//2300
f 6819//2301 6822//2301 6821//2301
f 6819//2301 6820//2301 6822//2301
f 6823//2302 6826//2302 6825//2302
f 6823//2302 6824//2302 6826//2302
f 6827//2303 6830//2303 6829//2303
f 6827//2303 6828//2303 6830//2303
f 6831//2304 6834//2304 6833//2304
f 6831//2304 6832//2304 6834//2304
f 6839//2305 6838//2305 6837//2305
f 6840//2305 6835//2305 6836//2305
f 6840//2305 6837//2305 6835//2305
f 6840//2305 6839//2305 6837//2305
f 6846//2306 6844//2306 6845//2306
f 6842//2306 6841//2306 6843//2306
f 6842//2306 6843//2306 6844//2306
f 6842//2306 6844//2306 6846//2306
o empty_80
v -0.005204 0.189906 -0.107682
v -0.005204 0.189906 -0.105281
v -0.005204 0.165887 -0.107682
v -0.005204 0.165887 -0.105281
v -0.005204 0.165887 -0.107682
v -0.005204 0.165887 -0.105281
v -0.085265 0.165887 -0.107682
v -0.085265 0.165887 -0.105281
v -0.085265 0.165887 -0.107682
v -0.085265 0.165887 -0.105281
v -0.085265 0.189906 -0.107682
v -0.085265 0.189906 -0.105281
v -0.085265 0.189906 -0.107682
v -0.085265 0.189906 -0.105281
v -0.064465 0.201915 -0.107682
v -0.064465 0.201915 -0.105281
v -0.064465 0.201915 -0.107682
v -0.064465 0.201915 -0.105281
v -0.026004 0.201915 -0.107682
v -0.026004 0.201915 -0.105281
v -0.026004 0.201915 -0.107682
v -0.026004 0.201915 -0.105281
v -0.005204 0.189906 -0.107682
v -0.005204 0.189906 -0.105281
v -0.026004 0.201915 -0.107682
v -0.005204 0.189906 -0.107682
v -0.064465 0.201915 -0.107682
v -0.085265 0.189906 -0.107682
v -0.085265 0.165887 -0.107682
v -0.005204 0.165887 -0.107682
v -0.005204 0.189906 -0.105281
v -0.005204 0.165887 -0.105281
v -0.026004 0.201915 -0.105281
v -0.064465 0.201915 -0.105281
v -0.085265 0.189906 -0.105281
v -0.085265 0.165887 -0.105281
vn 1.0000 -0.0000 -0.0000
vn -0.0000 -1.0000 -0.0000
vn -1.0000 -0.0000 -0.0000
vn -0.5000 0.8660 -0.0000
vn -0.0000 1.0000 -0.0000
vn 0.5000 0.8660 -0.0000
vn -0.0000 -0.0000 -1.0000
vn -0.0000 -0.0000 1.0000
s 1
usemtl material435
f 6847//2307 6850//2307 6849//2307
f 6847//2307 6848//2307 6850//2307
f 6851//2308 6854//2308 6853//2308
f 6851//2308 6852//2308 6854//2308
f 6855//2309 6858//2309 6857//2309
f 6855//2309 6856//2309 6858//2309
f 6859//2310 6862//2310 6861//2310
f 6859//2310 6860//2310 6862//2310
f 6863//2311 6866//2311 6865//2311
f 6863//2311 6864//2311 6866//2311
f 6867//2312 6870//2312 6869//2312
f 6867//2312 6868//2312 6870//2312
f 6875//2313 6874//2313 6873//2313
f 6876//2313 6871//2313 6872//2313
f 6876//2313 6873//2313 6871//2313
f 6876//2313 6875//2313 6873//2313
f 6882//2314 6880//2314 6881//2314
f 6878//2314 6877//2314 6879//2314
f 6878//2314 6879//2314 6880//2314
f 6878//2314 6880//2314 6882//2314
o empty_81
v 0.082863 -0.130339 -0.107682
v 0.082863 -0.130339 -0.105280
v 0.082863 -0.154357 -0.107682
v 0.082863 -0.154357 -0.105280
v 0.082863 -0.154357 -0.107682
v 0.082863 -0.154357 -0.105280
v 0.002802 -0.154357 -0.107682
v 0.002802 -0.154357 -0.105280
v 0.002802 -0.154357 -0.107682
v 0.002802 -0.154357 -0.105280
v 0.002802 -0.130339 -0.107682
v 0.002802 -0.130339 -0.105280
v 0.002802 -0.130339 -0.107682
v 0.002802 -0.130339 -0.105280
v 0.023603 -0.118330 -0.107682
v 0.023603 -0.118330 -0.105280
v 0.023603 -0.118330 -0.107682
v 0.023603 -0.118330 -0.105280
v 0.062063 -0.118330 -0.107682
v 0.062063 -0.118330 -0.105280
v 0.062063 -0.118330 -0.107682
v 0.062063 -0.118330 -0.105280
v 0.082863 -0.130339 -0.107682
v 0.082863 -0.130339 -0.105280
v 0.062063 -0.118330 -0.107682
v 0.082863 -0.130339 -0.107682
v 0.023603 -0.118330 -0.107682
v 0.002802 -0.130339 -0.107682
v 0.002802 -0.154357 -0.107682
v 0.082863 -0.154357 -0.107682
v 0.082863 -0.130339 -0.105280
v 0.082863 -0.154357 -0.105280
v 0.062063 -0.118330 -0.105280
v 0.023603 -0.118330 -0.105280
v 0.002802 -0.130339 -0.105280
v 0.002802 -0.154357 -0.105280
vn 1.0000 -0.0000 -0.0000
vn -0.0000 -1.0000 -0.0000
vn -1.0000 -0.0000 -0.0000
vn -0.5000 0.8660 -0.0000
vn -0.0000 1.0000 -0.0000
vn 0.5000 0.8660 -0.0000
vn -0.0000 -0.0000 -1.0000
vn -0.0000 -0.0000 1.0000
s 1
usemtl material436
f 6883//2315 6886//2315 6885//2315
f 6883//2315 6884//2315 6886//2315
f 6887//2316 6890//2316 6889//2316
f 6887//2316 6888//2316 6890//2316
f 6891//2317 6894//2317 6893//2317
f 6891//2317 6892//2317 6894//2317
f 6895//2318 6898//2318 6897//2318
f 6895//2318 6896//2318 6898//2318
f 6899//2319 6902//2319 6901//2319
f 6899//2319 6900//2319 6902//2319
f 6903//2320 6906//2320 6905//2320
f 6903//2320 6904//2320 6906//2320
f 6911//2321 6910//2321 6909//2321
f 6912//2321 6907//2321 6908//2321
f 6912//2321 6909//2321 6907//2321
f 6912//2321 6911//2321 6909//2321
f 6918//2322 6916//2322 6917//2322
f 6914//2322 6913//2322 6915//2322
f 6914//2322 6915//2322 6916//2322
f 6914//2322 6916//2322 6918//2322
o empty_82
v 0.082863 -0.090309 -0.107682
v 0.082863 -0.090309 -0.105280
v 0.082863 -0.114327 -0.107682
v 0.082863 -0.114327 -0.105280
v 0.082863 -0.114327 -0.107682
v 0.082863 -0.114327 -0.105280
v 0.002802 -0.114327 -0.107682
v 0.002802 -0.114327 -0.105280
v 0.002802 -0.114327 -0.107682
v 0.002802 -0.114327 -0.105280
v 0.002802 -0.090309 -0.107682
v 0.002802 -0.090309 -0.105280
v 0.002802 -0.090309 -0.107682
v 0.002802 -0.090309 -0.105280
v 0.023603 -0.078299 -0.107682
v 0.023603 -0.078299 -0.105280
v 0.023603 -0.078299 -0.107682
v 0.023603 -0.078299 -0.105280
v 0.062063 -0.078299 -0.107682
v 0.062063 -0.078299 -0.105280
v 0.062063 -0.078299 -0.107682
v 0.062063 -0.078299 -0.105280
v 0.082863 -0.090309 -0.107682
v 0.082863 -0.090309 -0.105280
v 0.062063 -0.078299 -0.107682
v 0.082863 -0.090309 -0.107682
v 0.023603 -0.078299 -0.107682
v 0.002802 -0.090309 -0.107682
v 0.002802 -0.114327 -0.107682
v 0.082863 -0.114327 -0.107682
v 0.082863 -0.090309 -0.105280
v 0.082863 -0.114327 -0.105280
v 0.062063 -0.078299 -0.105280
v 0.023603 -0.078299 -0.105280
v 0.002802 -0.090309 -0.105280
v 0.002802 -0.114327 -0.105280
vn 1.0000 -0.0000 -0.0000
vn -0.0000 -1.0000 -0.0000
vn -1.0000 -0.0000 -0.0000
vn -0.5000 0.8660 -0.0000
vn -0.0000 1.0000 -0.0000
vn 0.5000 0.8660 -0.0000
vn -0.0000 -0.0000 -1.0000
vn -0.0000 -0.0000 1.0000
s 1
usemtl material437
f 6919//2323 6922//2323 6921//2323
f 6919//2323 6920//2323 6922//2323
f 6923//2324 6926//2324 6925//2324
f 6923//2324 6924//2324 6926//2324
f 6927//2325 6930//2325 6929//2325
f 6927//2325 6928//2325 6930//2325
f 6931//2326 6934//2326 6933//2326
f 6931//2326 6932//2326 6934//2326
f 6935//2327 6938//2327 6937//2327
f 6935//2327 6936//2327 6938//2327
f 6939//2328 6942//2328 6941//2328
f 6939//2328 6940//2328 6942//2328
f 6947//2329 6946//2329 6945//2329
f 6948//2329 6943//2329 6944//2329
f 6948//2329 6945//2329 6943//2329
f 6948//2329 6947//2329 6945//2329
f 6954//2330 6952//2330 6953//2330
f 6950//2330 6949//2330 6951//2330
f 6950//2330 6951//2330 6952//2330
f 6950//2330 6952//2330 6954//2330
o empty_83
v 0.082863 -0.050278 -0.107682
v 0.082863 -0.050278 -0.105281
v 0.082863 -0.074296 -0.107682
v 0.082863 -0.074296 -0.105280
v 0.082863 -0.074296 -0.107682
v 0.082863 -0.074296 -0.105280
v 0.002802 -0.074296 -0.107682
v 0.002802 -0.074296 -0.105280
v 0.002802 -0.074296 -0.107682
v 0.002802 -0.074296 -0.105280
v 0.002802 -0.050278 -0.107682
v 0.002802 -0.050278 -0.105281
v 0.002802 -0.050278 -0.107682
v 0.002802 -0.050278 -0.105281
v 0.023603 -0.038269 -0.107682
v 0.023603 -0.038269 -0.105281
v 0.023603 -0.038269 -0.107682
v 0.023603 -0.038269 -0.105281
v 0.062063 -0.038269 -0.107682
v 0.062063 -0.038269 -0.105281
v 0.062063 -0.038269 -0.107682
v 0.062063 -0.038269 -0.105281
v 0.082863 -0.050278 -0.107682
v 0.082863 -0.050278 -0.105281
v 0.062063 -0.038269 -0.107682
v 0.082863 -0.050278 -0.107682
v 0.023603 -0.038269 -0.107682
v 0.002802 -0.050278 -0.107682
v 0.002802 -0.074296 -0.107682
v 0.082863 -0.074296 -0.107682
v 0.082863 -0.050278 -0.105281
v 0.082863 -0.074296 -0.105280
v 0.062063 -0.038269 -0.105281
v 0.023603 -0.038269 -0.105281
v 0.002802 -0.050278 -0.105281
v 0.002802 -0.074296 -0.105280
vn 1.0000 -0.0000 -0.0000
vn -0.0000 -1.0000 -0.0000
vn -1.0000 -0.0000 -0.0000
vn -0.5000 0.8660 -0.0000
vn -0.0000 1.0000 -0.0000
vn 0.5000 0.8660 -0.0000
vn -0.0000 -0.0000 -1.0000
vn -0.0000 -0.0000 1.0000
s 1
usemtl material438
f 6955//2331 6958//2331 6957//2331
f 6955//2331 6956//2331 6958//2331
f 6959//2332 6962//2332 6961//2332
f 6959//2332 6960//2332 6962//2332
f 6963//2333 6966//2333 6965//2333
f 6963//2333 6964//2333 6966//2333
f 6967//2334 6970//2334 6969//2334
f 6967//2334 6968//2334 6970//2334
f 6971//2335 6974//2335 6973//2335
f 6971//2335 6972//2335 6974//2335
f 6975//2336 6978//2336 6977//2336
f 6975//2336 6976//2336 6978//2336
f 6983//2337 6982//2337 6981//2337
f 6984//2337 6979//2337 6980//2337
f 6984//2337 6981//2337 6979//2337
f 6984//2337 6983//2337 6981//2337
f 6990//2338 6988//2338 6989//2338
f 6986//2338 6985//2338 6987//2338
f 6986//2338 6987//2338 6988//2338
f 6986//2338 6988//2338 6990//2338
o empty_84
v 0.082863 -0.010247 -0.107682
v 0.082863 -0.010247 -0.105281
v 0.082863 -0.034266 -0.107682
v 0.082863 -0.034266 -0.105281
v 0.082863 -0.034266 -0.107682
v 0.082863 -0.034266 -0.105281
v 0.002802 -0.034266 -0.107682
v 0.002802 -0.034266 -0.105281
v 0.002802 -0.034266 -0.107682
v 0.002802 -0.034266 -0.105281
v 0.002802 -0.010247 -0.107682
v 0.002802 -0.010247 -0.105281
v 0.002802 -0.010247 -0.107682
v 0.002802 -0.010247 -0.105281
v 0.023603 0.001762 -0.107682
v 0.023603 0.001762 -0.105281
v 0.023603 0.001762 -0.107682
v 0.023603 0.001762 -0.105281
v 0.062063 0.001762 -0.107682
v 0.062063 0.001762 -0.105281
v 0.062063 0.001762 -0.107682
v 0.062063 0.001762 -0.105281
v 0.082863 -0.010247 -0.107682
v 0.082863 -0.010247 -0.105281
v 0.062063 0.001762 -0.107682
v 0.082863 -0.010247 -0.107682
v 0.023603 0.001762 -0.107682
v 0.002802 -0.010247 -0.107682
v 0.002802 -0.034266 -0.107682
v 0.082863 -0.034266 -0.107682
v 0.082863 -0.010247 -0.105281
v 0.082863 -0.034266 -0.105281
v 0.062063 0.001762 -0.105281
v 0.023603 0.001762 -0.105281
v 0.002802 -0.010247 -0.105281
v 0.002802 -0.034266 -0.105281
vn 1.0000 -0.0000 -0.0000
vn -0.0000 -1.0000 -0.0000
vn -1.0000 -0.0000 -0.0000
vn -0.5000 0.8660 -0.0000
vn -0.0000 1.0000 -0.0000
vn 0.5000 0.8660 -0.0000
vn -0.0000 -0.0000 -1.0000
vn -0.0000 -0.0000 1.0000
s 1
usemtl material439
f 6991//2339 6994//2339 6993//2339
f 6991//2339 6992//2339 6994//2339
f 6995//2340 6998//2340 6997//2340
f 6995//2340 6996//2340 6998//2340
f 6999//2341 7002//2341 7001//2341
f 6999//2341 7000//2341 7002//2341
f 7003//2342 7006//2342 7005//2342
f 7003//2342 7004//2342 7006//2342
f 7007//2343 7010//2343 7009//2343
f 7007//2343 7008//2343 7010//2343
f 7011//2344 7014//2344 7013//2344
f 7011//2344 7012//2344 7014//2344
f 7019//2345 7018//2345 7017//2345
f 7020//2345 7015//2345 7016//2345
f 7020//2345 7017//2345 7015//2345
f 7020//2345 7019//2345 7017//2345
f 7026//2346 7024//2346 7025//2346
f 7022//2346 7021//2346 7023//2346
f 7022//2346 7023//2346 7024//2346
f 7022//2346 7024//2346 7026//2346
o empty_85
v 0.082863 0.029783 -0.107682
v 0.082863 0.029783 -0.105281
v 0.082863 0.005765 -0.107682
v 0.082863 0.005765 -0.105281
v 0.082863 0.005765 -0.107682
v 0.082863 0.005765 -0.105281
v 0.002802 0.005765 -0.107682
v 0.002802 0.005765 -0.105281
v 0.002802 0.005765 -0.107682
v 0.002802 0.005765 -0.105281
v 0.002802 0.029783 -0.107682
v 0.002802 0.029783 -0.105281
v 0.002802 0.029783 -0.107682
v 0.002802 0.029783 -0.105281
v 0.023603 0.041792 -0.107682
v 0.023603 0.041792 -0.105281
v 0.023603 0.041792 -0.107682
v 0.023603 0.041792 -0.105281
v 0.062063 0.041792 -0.107682
v 0.062063 0.041792 -0.105281
v 0.062063 0.041792 -0.107682
v 0.062063 0.041792 -0.105281
v 0.082863 0.029783 -0.107682
v 0.082863 0.029783 -0.105281
v 0.062063 0.041792 -0.107682
v 0.082863 0.029783 -0.107682
v 0.023603 0.041792 -0.107682
v 0.002802 0.029783 -0.107682
v 0.002802 0.005765 -0.107682
v 0.082863 0.005765 -0.107682
v 0.082863 0.029783 -0.105281
v 0.082863 0.005765 -0.105281
v 0.062063 0.041792 -0.105281
v 0.023603 0.041792 -0.105281
v 0.002802 0.029783 -0.105281
v 0.002802 0.005765 -0.105281
vn 1.0000 -0.0000 -0.0000
vn -0.0000 -1.0000 -0.0000
vn -1.0000 -0.0000 -0.0000
vn -0.5000 0.8660 -0.0000
vn -0.0000 1.0000 -0.0000
vn 0.5000 0.8660 -0.0000
vn -0.0000 -0.0000 -1.0000
vn -0.0000 -0.0000 1.0000
s 1
usemtl material440
f 7027//2347 7030//2347 7029//2347
f 7027//2347 7028//2347 7030//2347
f 7031//2348 7034//2348 7033//2348
f 7031//2348 7032//2348 7034//2348
f 7035//2349 7038//2349 7037//2349
f 7035//2349 7036//2349 7038//2349
f 7039//2350 7042//2350 7041//2350
f 7039//2350 7040//2350 7042//2350
f 7043//2351 7046//2351 7045//2351
f 7043//2351 7044//2351 7046//2351
f 7047//2352 7050//2352 7049//2352
f 7047//2352 7048//2352 7050//2352
f 7055//2353 7054//2353 7053//2353
f 7056//2353 7051//2353 7052//2353
f 7056//2353 7053//2353 7051//2353
f 7056//2353 7055//2353 7053//2353
f 7062//2354 7060//2354 7061//2354
f 7058//2354 7057//2354 7059//2354
f 7058//2354 7059//2354 7060//2354
f 7058//2354 7060//2354 7062//2354
o empty_86
v 0.082863 0.069814 -0.107682
v 0.082863 0.069814 -0.105281
v 0.082863 0.045796 -0.107682
v 0.082863 0.045796 -0.105281
v 0.082863 0.045796 -0.107682
v 0.082863 0.045796 -0.105281
v 0.002802 0.045796 -0.107682
v 0.002802 0.045796 -0.105281
v 0.002802 0.045796 -0.107682
v 0.002802 0.045796 -0.105281
v 0.002802 0.069814 -0.107682
v 0.002802 0.069814 -0.105281
v 0.002802 0.069814 -0.107682
v 0.002802 0.069814 -0.105281
v 0.023603 0.081823 -0.107682
v 0.023603 0.081823 -0.105281
v 0.023603 0.081823 -0.107682
v 0.023603 0.081823 -0.105281
v 0.062063 0.081823 -0.107682
v 0.062063 0.081823 -0.105281
v 0.062063 0.081823 -0.107682
v 0.062063 0.081823 -0.105281
v 0.082863 0.069814 -0.107682
v 0.082863 0.069814 -0.105281
v 0.062063 0.081823 -0.107682
v 0.082863 0.069814 -0.107682
v 0.023603 0.081823 -0.107682
v 0.002802 0.069814 -0.107682
v 0.002802 0.045796 -0.107682
v 0.082863 0.045796 -0.107682
v 0.082863 0.069814 -0.105281
v 0.082863 0.045796 -0.105281
v 0.062063 0.081823 -0.105281
v 0.023603 0.081823 -0.105281
v 0.002802 0.069814 -0.105281
v 0.002802 0.045796 -0.105281
vn 1.0000 -0.0000 -0.0000
vn -0.0000 -1.0000 -0.0000
vn -1.0000 -0.0000 -0.0000
vn -0.5000 0.8660 -0.0000
vn -0.0000 1.0000 -0.0000
vn 0.5000 0.8660 -0.0000
vn -0.0000 -0.0000 -1.0000
vn -0.0000 -0.0000 1.0000
s 1
usemtl material441
f 7063//2355 7066//2355 7065//2355
f 7063//2355 7064//2355 7066//2355
f 7067//2356 7070//2356 7069//2356
f 7067//2356 7068//2356 7070//2356
f 7071//2357 7074//2357 7073//2357
f 7071//2357 7072//2357 7074//2357
f 7075//2358 7078//2358 7077//2358
f 7075//2358 7076//2358 7078//2358
f 7079//2359 7082//2359 7081//2359
f 7079//2359 7080//2359 7082//2359
f 7083//2360 7086//2360 7085//2360
f 7083//2360 7084//2360 7086//2360
f 7091//2361 7090//2361 7089//2361
f 7092//2361 7087//2361 7088//2361
f 7092//2361 7089//2361 7087//2361
f 7092//2361 7091//2361 7089//2361
f 7098//2362 7096//2362 7097//2362
f 7094//2362 7093//2362 7095//2362
f 7094//2362 7095//2362 7096//2362
f 7094//2362 7096//2362 7098//2362
o empty_87
v 0.082863 0.109845 -0.107682
v 0.082863 0.109845 -0.105281
v 0.082863 0.085826 -0.107682
v 0.082863 0.085826 -0.105281
v 0.082863 0.085826 -0.107682
v 0.082863 0.085826 -0.105281
v 0.002802 0.085826 -0.107682
v 0.002802 0.085826 -0.105281
v 0.002802 0.085826 -0.107682
v 0.002802 0.085826 -0.105281
v 0.002802 0.109845 -0.107682
v 0.002802 0.109845 -0.105281
v 0.002802 0.109845 -0.107682
v 0.002802 0.109845 -0.105281
v 0.023603 0.121854 -0.107682
v 0.023603 0.121854 -0.105281
v 0.023603 0.121854 -0.107682
v 0.023603 0.121854 -0.105281
v 0.062063 0.121854 -0.107682
v 0.062063 0.121854 -0.105281
v 0.062063 0.121854 -0.107682
v 0.062063 0.121854 -0.105281
v 0.082863 0.109845 -0.107682
v 0.082863 0.109845 -0.105281
v 0.062063 0.121854 -0.107682
v 0.082863 0.109845 -0.107682
v 0.023603 0.121854 -0.107682
v 0.002802 0.109845 -0.107682
v 0.002802 0.085826 -0.107682
v 0.082863 0.085826 -0.107682
v 0.082863 0.109845 -0.105281
v 0.082863 0.085826 -0.105281
v 0.062063 0.121854 -0.105281
v 0.023603 0.121854 -0.105281
v 0.002802 0.109845 -0.105281
v 0.002802 0.085826 -0.105281
vn 1.0000 -0.0000 -0.0000
vn -0.0000 -1.0000 -0.0000
vn -1.0000 -0.0000 -0.0000
vn -0.5000 0.8660 -0.0000
vn -0.0000 1.0000 -0.0000
vn 0.5000 0.8660 -0.0000
vn -0.0000 -0.0000 -1.0000
vn -0.0000 -0.0000 1.0000
s 1
usemtl material442
f 7099//2363 7102//2363 7101//2363
f 7099//2363 7100//2363 7102//2363
f 7103//2364 7106//2364 7105//2364
f 7103//2364 7104//2364 7106//2364
f 7107//2365 7110//2365 7109//2365
f 7107//2365 7108//2365 7110//2365
f 7111//2366 7114//2366 7113//2366
f 7111//2366 7112//2366 7114//2366
f 7115//2367 7118//2367 7117//2367
f 7115//2367 7116//2367 7118//2367
f 7119//2368 7122//2368 7121//2368
f 7119//2368 7120//2368 7122//2368
f 7127//2369 7126//2369 7125//2369
f 7128//2369 7123//2369 7124//2369
f 7128//2369 7125//2369 7123//2369
f 7128//2369 7127//2369 7125//2369
f 7134//2370 7132//2370 7133//2370
f 7130//2370 7129//2370 7131//2370
f 7130//2370 7131//2370 7132//2370
f 7130//2370 7132//2370 7134//2370
o empty_88
v 0.082863 0.149875 -0.107682
v 0.082863 0.149875 -0.105281
v 0.082863 0.125857 -0.107682
v 0.082863 0.125857 -0.105281
v 0.082863 0.125857 -0.107682
v 0.082863 0.125857 -0.105281
v 0.002802 0.125857 -0.107682
v 0.002802 0.125857 -0.105281
v 0.002802 0.125857 -0.107682
v 0.002802 0.125857 -0.105281
v 0.002802 0.149875 -0.107682
v 0.002802 0.149875 -0.105281
v 0.002802 0.149875 -0.107682
v 0.002802 0.149875 -0.105281
v 0.023603 0.161884 -0.107682
v 0.023603 0.161884 -0.105281
v 0.023603 0.161884 -0.107682
v 0.023603 0.161884 -0.105281
v 0.062063 0.161884 -0.107682
v 0.062063 0.161884 -0.105281
v 0.062063 0.161884 -0.107682
v 0.062063 0.161884 -0.105281
v 0.082863 0.149875 -0.107682
v 0.082863 0.149875 -0.105281
v 0.062063 0.161884 -0.107682
v 0.082863 0.149875 -0.107682
v 0.023603 0.161884 -0.107682
v 0.002802 0.149875 -0.107682
v 0.002802 0.125857 -0.107682
v 0.082863 0.125857 -0.107682
v 0.082863 0.149875 -0.105281
v 0.082863 0.125857 -0.105281
v 0.062063 0.161884 -0.105281
v 0.023603 0.161884 -0.105281
v 0.002802 0.149875 -0.105281
v 0.002802 0.125857 -0.105281
vn 1.0000 -0.0000 -0.0000
vn -0.0000 -1.0000 -0.0000
vn -1.0000 -0.0000 -0.0000
vn -0.5000 0.8660 -0.0000
vn -0.0000 1.0000 -0.0000
vn 0.5000 0.8660 -0.0000
vn -0.0000 -0.0000 -1.0000
vn -0.0000 -0.0000 1.0000
s 1
usemtl material443
f 7135//2371 7138//2371 7137//2371
f 7135//2371 7136//2371 7138//2371
f 7139//2372 7142//2372 7141//2372
f 7139//2372 7140//2372 7142//2372
f 7143//2373 7146//2373 7145//2373
f 7143//2373 7144//2373 7146//2373
f 7147//2374 7150//2374 7149//2374
f 7147//2374 7148//2374 7150//2374
f 7151//2375 7154//2375 7153//2375
f 7151//2375 7152//2375 7154//2375
f 7155//2376 7158//2376 7157//2376
f 7155//2376 7156//2376 7158//2376
f 7163//2377 7162//2377 7161//2377
f 7164//2377 7159//2377 7160//2377
f 7164//2377 7161//2377 7159//2377
f 7164//2377 7163//2377 7161//2377
f 7170//2378 7168//2378 7169//2378
f 7166//2378 7165//2378 7167//2378
f 7166//2378 7167//2378 7168//2378
f 7166//2378 7168//2378 7170//2378
o empty_89
v 0.082863 0.189906 -0.107682
v 0.082863 0.189906 -0.105281
v 0.082863 0.165887 -0.107682
v 0.082863 0.165887 -0.105281
v 0.082863 0.165887 -0.107682
v 0.082863 0.165887 -0.105281
v 0.002802 0.165887 -0.107682
v 0.002802 0.165887 -0.105281
v 0.002802 0.165887 -0.107682
v 0.002802 0.165887 -0.105281
v 0.002802 0.189906 -0.107682
v 0.002802 0.189906 -0.105281
v 0.002802 0.189906 -0.107682
v 0.002802 0.189906 -0.105281
v 0.023603 0.201915 -0.107682
v 0.023603 0.201915 -0.105281
v 0.023603 0.201915 -0.107682
v 0.023603 0.201915 -0.105281
v 0.062063 0.201915 -0.107682
v 0.062063 0.201915 -0.105281
v 0.062063 0.201915 -0.107682
v 0.062063 0.201915 -0.105281
v 0.082863 0.189906 -0.107682
v 0.082863 0.189906 -0.105281
v 0.062063 0.201915 -0.107682
v 0.082863 0.189906 -0.107682
v 0.023603 0.201915 -0.107682
v 0.002802 0.189906 -0.107682
v 0.002802 0.165887 -0.107682
v 0.082863 0.165887 -0.107682
v 0.082863 0.189906 -0.105281
v 0.082863 0.165887 -0.105281
v 0.062063 0.201915 -0.105281
v 0.023603 0.201915 -0.105281
v 0.002802 0.189906 -0.105281
v 0.002802 0.165887 -0.105281
vn 1.0000 -0.0000 -0.0000
vn -0.0000 -1.0000 -0.0000
vn -1.0000 -0.0000 -0.0000
vn -0.5000 0.8660 -0.0000
vn -0.0000 1.0000 -0.0000
vn 0.5000 0.8660 -0.0000
vn -0.0000 -0.0000 -1.0000
vn -0.0000 -0.0000 1.0000
s 1
usemtl material444
f 7171//2379 7174//2379 7173//2379
f 7171//2379 7172//2379 7174//2379
f 7175//2380 7178//2380 7177//2380
f 7175//2380 7176//2380 7178//2380
f 7179//2381 7182//2381 7181//2381
f 7179//2381 7180//2381 7182//2381
f 7183//2382 7186//2382 7185//2382
f 7183//2382 7184//2382 7186//2382
f 7187//2383 7190//2383 7189//2383
f 7187//2383 7188//2383 7190//2383
f 7191//2384 7194//2384 7193//2384
f 7191//2384 7192//2384 7194//2384
f 7199//2385 7198//2385 7197//2385
f 7200//2385 7195//2385 7196//2385
f 7200//2385 7197//2385 7195//2385
f 7200//2385 7199//2385 7197//2385
f 7206//2386 7204//2386 7205//2386
f 7202//2386 7201//2386 7203//2386
f 7202//2386 7203//2386 7204//2386
f 7202//2386 7204//2386 7206//2386
o empty_9
v 0.002802 -0.049477 0.107682
v 0.002802 -0.049477 0.105280
v 0.002802 -0.073496 0.107682
v 0.002802 -0.073496 0.105280
v 0.002802 -0.073496 0.107682
v 0.002802 -0.073496 0.105280
v 0.082863 -0.073496 0.107682
v 0.082863 -0.073496 0.105280
v 0.082863 -0.073496 0.107682
v 0.082863 -0.073496 0.105280
v 0.082863 -0.049477 0.107682
v 0.082863 -0.049477 0.105280
v 0.082863 -0.049477 0.107682
v 0.082863 -0.049477 0.105280
v 0.062063 -0.037468 0.107682
v 0.062063 -0.037468 0.105280
v 0.062063 -0.037468 0.107682
v 0.062063 -0.037468 0.105280
v 0.023603 -0.037468 0.107682
v 0.023603 -0.037468 0.105280
v 0.023603 -0.037468 0.107682
v 0.023603 -0.037468 0.105280
v 0.002802 -0.049477 0.107682
v 0.002802 -0.049477 0.105280
v 0.023603 -0.037468 0.107682
v 0.002802 -0.049477 0.107682
v 0.062063 -0.037468 0.107682
v 0.082863 -0.049477 0.107682
v 0.082863 -0.073496 0.107682
v 0.002802 -0.073496 0.107682
v 0.002802 -0.049477 0.105280
v 0.002802 -0.073496 0.105280
v 0.023603 -0.037468 0.105280
v 0.062063 -0.037468 0.105280
v 0.082863 -0.049477 0.105280
v 0.082863 -0.073496 0.105280
vn -1.0000 -0.0000 -0.0000
vn -0.0000 -1.0000 -0.0000
vn 1.0000 -0.0000 -0.0000
vn 0.5000 0.8660 -0.0000
vn -0.0000 1.0000 -0.0000
vn -0.5000 0.8660 -0.0000
vn -0.0000 -0.0000 1.0000
vn -0.0000 -0.0000 -1.0000
s 1
usemtl material364
f 7207//2387 7210//2387 7209//2387
f 7207//2387 7208//2387 7210//2387
f 7211//2388 7214//2388 7213//2388
f 7211//2388 7212//2388 7214//2388
f 7215//2389 7218//2389 7217//2389
f 7215//2389 7216//2389 7218//2389
f 7219//2390 7222//2390 7221//2390
f 7219//2390 7220//2390 7222//2390
f 7223//2391 7226//2391 7225//2391
f 7223//2391 7224//2391 7226//2391
f 7227//2392 7230//2392 7229//2392
f 7227//2392 7228//2392 7230//2392
f 7235//2393 7234//2393 7233//2393
f 7236//2393 7231//2393 7232//2393
f 7236//2393 7233//2393 7231//2393
f 7236//2393 7235//2393 7233//2393
f 7242//2394 7240//2394 7241//2394
f 7238//2394 7237//2394 7239//2394
f 7238//2394 7239//2394 7240//2394
f 7238//2394 7240//2394 7242//2394
o empty_90
v 0.104680 -0.203895 0.118090
v 0.100677 -0.203895 0.118090
v 0.104680 -0.053981 0.118090
v 0.100677 -0.053981 0.118090
v 0.104680 0.216426 0.312639
v 0.100677 0.216426 0.312639
v 0.104680 -0.203895 0.312639
v 0.100677 -0.203895 0.312639
v 0.104680 -0.203895 0.312639
v 0.100677 -0.203895 0.312639
v 0.104680 -0.203895 0.118090
v 0.100677 -0.203895 0.118090
v 0.104680 0.216426 0.118090
v 0.100677 0.216426 0.118090
v 0.100677 0.066511 0.118090
v 0.104680 0.066511 0.118090
v 0.104680 0.216426 0.118090
v 0.100677 0.216426 0.118090
v 0.104680 0.216426 0.312639
v 0.100677 0.216426 0.312639
v 0.104680 -0.203895 0.312639
v 0.104680 -0.203895 0.118090
v 0.104680 0.216426 0.312639
v 0.104680 0.216426 0.118090
v 0.104680 0.066511 0.118090
v 0.104680 0.066511 0.126096
v 0.104680 -0.053981 0.126096
v 0.104680 -0.053981 0.118090
v 0.100677 -0.053981 0.126096
v 0.100677 -0.053981 0.118090
v 0.100677 -0.203895 0.118090
v 0.100677 -0.203895 0.312639
v 0.100677 0.216426 0.312639
v 0.100677 0.216426 0.118090
v 0.100677 0.066511 0.118090
v 0.100677 0.066511 0.126096
v 0.100677 -0.053981 0.126096
v 0.104680 -0.053981 0.126096
v 0.100677 -0.053981 0.118090
v 0.104680 -0.053981 0.118090
v 0.100677 0.066511 0.126096
v 0.104680 0.066511 0.126096
v 0.100677 -0.053981 0.126096
v 0.104680 -0.053981 0.126096
v 0.100677 0.066511 0.118090
v 0.104680 0.066511 0.118090
v 0.100677 0.066511 0.126096
v 0.104680 0.066511 0.126096
vn -0.0000 -0.0000 -1.0000
vn -0.0000 -0.0000 1.0000
vn -0.0000 -1.0000 -0.0000
vn -0.0000 1.0000 -0.0000
vn 1.0000 -0.0000 -0.0000
vn -1.0000 -0.0000 -0.0000
s 1
usemtl material445
f 7243//2395 7246//2395 7245//2395
f 7243//2395 7244//2395 7246//2395
f 7247//2396 7250//2396 7249//2396
f 7247//2396 7248//2396 7250//2396
f 7251//2397 7254//2397 7253//2397
f 7251//2397 7252//2397 7254//2397
f 7258//2395 7256//2395 7255//2395
f 7258//2395 7257//2395 7256//2395
f 7259//2398 7262//2398 7261//2398
f 7259//2398 7260//2398 7262//2398
f 7268//2399 7267//2399 7266//2399
f 7265//2399 7268//2399 7266//2399
f 7264//2399 7270//2399 7269//2399
f 7263//2399 7269//2399 7268//2399
f 7263//2399 7268//2399 7265//2399
f 7263//2399 7264//2399 7269//2399
f 7278//2400 7276//2400 7277//2400
f 7275//2400 7276//2400 7278//2400
f 7273//2400 7271//2400 7272//2400
f 7274//2400 7278//2400 7271//2400
f 7274//2400 7275//2400 7278//2400
f 7274//2400 7271//2400 7273//2400
f 7282//2398 7279//2398 7280//2398
f 7282//2398 7281//2398 7279//2398
f 7286//2395 7283//2395 7284//2395
f 7286//2395 7285//2395 7283//2395
f 7290//2397 7287//2397 7288//2397
f 7290//2397 7289//2397 7287//2397
o empty_91
v 0.107082 0.182400 0.132501
v 0.104680 0.182400 0.132501
v 0.107082 0.206418 0.132501
v 0.104680 0.206418 0.132501
v 0.107082 0.206418 0.132501
v 0.104680 0.206418 0.132501
v 0.107082 0.206418 0.212562
v 0.104680 0.206418 0.212562
v 0.107082 0.206418 0.212562
v 0.104680 0.206418 0.212562
v 0.107082 0.182400 0.212562
v 0.104680 0.182400 0.212562
v 0.107082 0.182400 0.212562
v 0.104680 0.182400 0.212562
v 0.107082 0.170391 0.191762
v 0.104680 0.170391 0.191762
v 0.107082 0.170391 0.191762
v 0.104680 0.170391 0.191762
v 0.107082 0.170391 0.153302
v 0.104680 0.170391 0.153302
v 0.107082 0.170391 0.153302
v 0.104680 0.170391 0.153302
v 0.107082 0.182400 0.132501
v 0.104680 0.182400 0.132501
v 0.107082 0.170391 0.153302
v 0.107082 0.182400 0.132501
v 0.107082 0.170391 0.191762
v 0.107082 0.182400 0.212562
v 0.107082 0.206418 0.212562
v 0.107082 0.206418 0.132501
v 0.104680 0.182400 0.132501
v 0.104680 0.206418 0.132501
v 0.104680 0.170391 0.153302
v 0.104680 0.170391 0.191762
v 0.104680 0.182400 0.212562
v 0.104680 0.206418 0.212562
vn -0.0000 -0.0000 -1.0000
vn -0.0000 1.0000 -0.0000
vn -0.0000 -0.0000 1.0000
vn -0.0000 -0.8660 0.5000
vn -0.0000 -1.0000 -0.0000
vn -0.0000 -0.8660 -0.5000
vn 1.0000 -0.0000 -0.0000
vn -1.0000 -0.0000 -0.0000
s 1
usemtl material446
f 7291//2401 7294//2401 7293//2401
f 7291//2401 7292//2401 7294//2401
f 7295//2402 7298//2402 7297//2402
f 7295//2402 7296//2402 7298//2402
f 7299//2403 7302//2403 7301//2403
f 7299//2403 7300//2403 7302//2403
f 7303//2404 7306//2404 7305//2404
f 7303//2404 7304//2404 7306//2404
f 7307//2405 7310//2405 7309//2405
f 7307//2405 7308//2405 7310//2405
f 7311//2406 7314//2406 7313//2406
f 7311//2406 7312//2406 7314//2406
f 7319//2407 7318//2407 7317//2407
f 7320//2407 7315//2407 7316//2407
f 7320//2407 7317//2407 7315//2407
f 7320//2407 7319//2407 7317//2407
f 7326//2408 7324//2408 7325//2408
f 7322//2408 7321//2408 7323//2408
f 7322//2408 7323//2408 7324//2408
f 7322//2408 7324//2408 7326//2408
o empty_92
v 0.107082 0.182400 0.220569
v 0.104680 0.182400 0.220569
v 0.107082 0.206418 0.220569
v 0.104680 0.206418 0.220569
v 0.107082 0.206418 0.220569
v 0.104680 0.206418 0.220569
v 0.107082 0.206418 0.300630
v 0.104680 0.206418 0.300630
v 0.107082 0.206418 0.300630
v 0.104680 0.206418 0.300630
v 0.107082 0.182400 0.300630
v 0.104680 0.182400 0.300630
v 0.107082 0.182400 0.300630
v 0.104680 0.182400 0.300630
v 0.107082 0.170391 0.279829
v 0.104680 0.170391 0.279829
v 0.107082 0.170391 0.279829
v 0.104680 0.170391 0.279829
v 0.107082 0.170391 0.241369
v 0.104680 0.170391 0.241369
v 0.107082 0.170391 0.241369
v 0.104680 0.170391 0.241369
v 0.107082 0.182400 0.220569
v 0.104680 0.182400 0.220569
v 0.107082 0.170391 0.241369
v 0.107082 0.182400 0.220569
v 0.107082 0.170391 0.279829
v 0.107082 0.182400 0.300630
v 0.107082 0.206418 0.300630
v 0.107082 0.206418 0.220569
v 0.104680 0.182400 0.220569
v 0.104680 0.206418 0.220569
v 0.104680 0.170391 0.241369
v 0.104680 0.170391 0.279829
v 0.104680 0.182400 0.300630
v 0.104680 0.206418 0.300630
vn -0.0000 -0.0000 -1.0000
vn -0.0000 1.0000 -0.0000
vn -0.0000 -0.0000 1.0000
vn -0.0000 -0.8660 0.5000
vn -0.0000 -1.0000 -0.0000
vn -0.0000 -0.8660 -0.5000
vn 1.0000 -0.0000 -0.0000
vn -1.0000 -0.0000 -0.0000
s 1
usemtl material447
f 7327//2409 7330//2409 7329//2409
f 7327//2409 7328//2409 7330//2409
f 7331//2410 7334//2410 7333//2410
f 7331//2410 7332//2410 7334//2410
f 7335//2411 7338//2411 7337//2411
f 7335//2411 7336//2411 7338//2411
f 7339//2412 7342//2412 7341//2412
f 7339//2412 7340//2412 7342//2412
f 7343//2413 7346//2413 7345//2413
f 7343//2413 7344//2413 7346//2413
f 7347//2414 7350//2414 7349//2414
f 7347//2414 7348//2414 7350//2414
f 7355//2415 7354//2415 7353//2415
f 7356//2415 7351//2415 7352//2415
f 7356//2415 7353//2415 7351//2415
f 7356//2415 7355//2415 7353//2415
f 7362//2416 7360//2416 7361//2416
f 7358//2416 7357//2416 7359//2416
f 7358//2416 7359//2416 7360//2416
f 7358//2416 7360//2416 7362//2416
o empty_93
v 0.107082 0.142369 0.220569
v 0.104680 0.142369 0.220569
v 0.107082 0.166388 0.220569
v 0.104680 0.166388 0.220569
v 0.107082 0.166388 0.220569
v 0.104680 0.166388 0.220569
v 0.107082 0.166388 0.300630
v 0.104680 0.166388 0.300630
v 0.107082 0.166388 0.300630
v 0.104680 0.166388 0.300630
v 0.107082 0.142369 0.300630
v 0.104680 0.142369 0.300630
v 0.107082 0.142369 0.300630
v 0.104680 0.142369 0.300630
v 0.107082 0.130360 0.279829
v 0.104680 0.130360 0.279829
v 0.107082 0.130360 0.279829
v 0.104680 0.130360 0.279829
v 0.107082 0.130360 0.241369
v 0.104680 0.130360 0.241369
v 0.107082 0.130360 0.241369
v 0.104680 0.130360 0.241369
v 0.107082 0.142369 0.220569
v 0.104680 0.142369 0.220569
v 0.107082 0.130360 0.241369
v 0.107082 0.142369 0.220569
v 0.107082 0.130360 0.279829
v 0.107082 0.142369 0.300630
v 0.107082 0.166388 0.300630
v 0.107082 0.166388 0.220569
v 0.104680 0.142369 0.220569
v 0.104680 0.166388 0.220569
v 0.104680 0.130360 0.241369
v 0.104680 0.130360 0.279829
v 0.104680 0.142369 0.300630
v 0.104680 0.166388 0.300630
vn -0.0000 -0.0000 -1.0000
vn -0.0000 1.0000 -0.0000
vn -0.0000 -0.0000 1.0000
vn -0.0000 -0.8660 0.5000
vn -0.0000 -1.0000 -0.0000
vn -0.0000 -0.8660 -0.5000
vn 1.0000 -0.0000 -0.0000
vn -1.0000 -0.0000 -0.0000
s 1
usemtl material448
f 7363//2417 7366//2417 7365//2417
f 7363//2417 7364//2417 7366//2417
f 7367//2418 7370//2418 7369//2418
f 7367//2418 7368//2418 7370//2418
f 7371//2419 7374//2419 7373//2419
f 7371//2419 7372//2419 7374//2419
f 7375//2420 7378//2420 7377//2420
f 7375//2420 7376//2420 7378//2420
f 7379//2421 7382//2421 7381//2421
f 7379//2421 7380//2421 7382//2421
f 7383//2422 7386//2422 7385//2422
f 7383//2422 7384//2422 7386//2422
f 7391//2423 7390//2423 7389//2423
f 7392//2423 7387//2423 7388//2423
f 7392//2423 7389//2423 7387//2423
f 7392//2423 7391//2423 7389//2423
f 7398//2424 7396//2424 7397//2424
f 7394//2424 7393//2424 7395//2424
f 7394//2424 7395//2424 7396//2424
f 7394//2424 7396//2424 7398//2424
o empty_94
v 0.107082 0.102339 0.220569
v 0.104680 0.102339 0.220569
v 0.107082 0.126357 0.220569
v 0.104680 0.126357 0.220569
v 0.107082 0.126357 0.220569
v 0.104680 0.126357 0.220569
v 0.107082 0.126357 0.300630
v 0.104680 0.126357 0.300630
v 0.107082 0.126357 0.300630
v 0.104680 0.126357 0.300630
v 0.107082 0.102339 0.300630
v 0.104680 0.102339 0.300630
v 0.107082 0.102339 0.300630
v 0.104680 0.102339 0.300630
v 0.107082 0.090330 0.279829
v 0.104680 0.090330 0.279829
v 0.107082 0.090330 0.279829
v 0.104680 0.090330 0.279829
v 0.107082 0.090330 0.241369
v 0.104680 0.090330 0.241369
v 0.107082 0.090330 0.241369
v 0.104680 0.090330 0.241369
v 0.107082 0.102339 0.220569
v 0.104680 0.102339 0.220569
v 0.107082 0.090330 0.241369
v 0.107082 0.102339 0.220569
v 0.107082 0.090330 0.279829
v 0.107082 0.102339 0.300630
v 0.107082 0.126357 0.300630
v 0.107082 0.126357 0.220569
v 0.104680 0.102339 0.220569
v 0.104680 0.126357 0.220569
v 0.104680 0.090330 0.241369
v 0.104680 0.090330 0.279829
v 0.104680 0.102339 0.300630
v 0.104680 0.126357 0.300630
vn -0.0000 -0.0000 -1.0000
vn -0.0000 1.0000 -0.0000
vn -0.0000 -0.0000 1.0000
vn -0.0000 -0.8660 0.5000
vn -0.0000 -1.0000 -0.0000
vn -0.0000 -0.8660 -0.5000
vn 1.0000 -0.0000 -0.0000
vn -1.0000 -0.0000 -0.0000
s 1
usemtl material449
f 7399//2425 7402//2425 7401//2425
f 7399//2425 7400//2425 7402//2425
f 7403//2426 7406//2426 7405//2426
f 7403//2426 7404//2426 7406//2426
f 7407//2427 7410//2427 7409//2427
f 7407//2427 7408//2427 7410//2427
f 7411//2428 7414//2428 7413//2428
f 7411//2428 7412//2428 7414//2428
f 7415//2429 7418//2429 7417//2429
f 7415//2429 7416//2429 7418//2429
f 7419//2430 7422//2430 7421//2430
f 7419//2430 7420//2430 7422//2430
f 7427//2431 7426//2431 7425//2431
f 7428//2431 7423//2431 7424//2431
f 7428//2431 7425//2431 7423//2431
f 7428//2431 7427//2431 7425//2431
f 7434//2432 7432//2432 7433//2432
f 7430//2432 7429//2432 7431//2432
f 7430//2432 7431//2432 7432//2432
f 7430//2432 7432//2432 7434//2432
o empty_95
v 0.107082 0.062308 0.220569
v 0.104680 0.062308 0.220569
v 0.107082 0.086327 0.220569
v 0.104680 0.086327 0.220569
v 0.107082 0.086327 0.220569
v 0.104680 0.086327 0.220569
v 0.107082 0.086327 0.300630
v 0.104680 0.086327 0.300630
v 0.107082 0.086327 0.300630
v 0.104680 0.086327 0.300630
v 0.107082 0.062308 0.300630
v 0.104680 0.062308 0.300630
v 0.107082 0.062308 0.300630
v 0.104680 0.062308 0.300630
v 0.107082 0.050299 0.279829
v 0.104680 0.050299 0.279829
v 0.107082 0.050299 0.279829
v 0.104680 0.050299 0.279829
v 0.107082 0.050299 0.241369
v 0.104680 0.050299 0.241369
v 0.107082 0.050299 0.241369
v 0.104680 0.050299 0.241369
v 0.107082 0.062308 0.220569
v 0.104680 0.062308 0.220569
v 0.107082 0.050299 0.241369
v 0.107082 0.062308 0.220569
v 0.107082 0.050299 0.279829
v 0.107082 0.062308 0.300630
v 0.107082 0.086327 0.300630
v 0.107082 0.086327 0.220569
v 0.104680 0.062308 0.220569
v 0.104680 0.086327 0.220569
v 0.104680 0.050299 0.241369
v 0.104680 0.050299 0.279829
v 0.104680 0.062308 0.300630
v 0.104680 0.086327 0.300630
vn -0.0000 -0.0000 -1.0000
vn -0.0000 1.0000 -0.0000
vn -0.0000 -0.0000 1.0000
vn -0.0000 -0.8660 0.5000
vn -0.0000 -1.0000 -0.0000
vn -0.0000 -0.8660 -0.5000
vn 1.0000 -0.0000 -0.0000
vn -1.0000 -0.0000 -0.0000
s 1
usemtl material450
f 7435//2433 7438//2433 7437//2433
f 7435//2433 7436//2433 7438//2433
f 7439//2434 7442//2434 7441//2434
f 7439//2434 7440//2434 7442//2434
f 7443//2435 7446//2435 7445//2435
f 7443//2435 7444//2435 7446//2435
f 7447//2436 7450//2436 7449//2436
f 7447//2436 7448//2436 7450//2436
f 7451//2437 7454//2437 7453//2437
f 7451//2437 7452//2437 7454//2437
f 7455//2438 7458//2438 7457//2438
f 7455//2438 7456//2438 7458//2438
f 7463//2439 7462//2439 7461//2439
f 7464//2439 7459//2439 7460//2439
f 7464//2439 7461//2439 7459//2439
f 7464//2439 7463//2439 7461//2439
f 7470//2440 7468//2440 7469//2440
f 7466//2440 7465//2440 7467//2440
f 7466//2440 7467//2440 7468//2440
f 7466//2440 7468//2440 7470//2440
o empty_96
v 0.107082 0.022278 0.220569
v 0.104680 0.022278 0.220569
v 0.107082 0.046296 0.220569
v 0.104680 0.046296 0.220569
v 0.107082 0.046296 0.220569
v 0.104680 0.046296 0.220569
v 0.107082 0.046296 0.300630
v 0.104680 0.046296 0.300630
v 0.107082 0.046296 0.300630
v 0.104680 0.046296 0.300630
v 0.107082 0.022278 0.300630
v 0.104680 0.022278 0.300630
v 0.107082 0.022278 0.300630
v 0.104680 0.022278 0.300630
v 0.107082 0.010268 0.279829
v 0.104680 0.010268 0.279829
v 0.107082 0.010268 0.279829
v 0.104680 0.010268 0.279829
v 0.107082 0.010268 0.241369
v 0.104680 0.010268 0.241369
v 0.107082 0.010268 0.241369
v 0.104680 0.010268 0.241369
v 0.107082 0.022278 0.220569
v 0.104680 0.022278 0.220569
v 0.107082 0.010268 0.241369
v 0.107082 0.022278 0.220569
v 0.107082 0.010268 0.279829
v 0.107082 0.022278 0.300630
v 0.107082 0.046296 0.300630
v 0.107082 0.046296 0.220569
v 0.104680 0.022278 0.220569
v 0.104680 0.046296 0.220569
v 0.104680 0.010268 0.241369
v 0.104680 0.010268 0.279829
v 0.104680 0.022278 0.300630
v 0.104680 0.046296 0.300630
vn -0.0000 -0.0000 -1.0000
vn -0.0000 1.0000 -0.0000
vn -0.0000 -0.0000 1.0000
vn -0.0000 -0.8660 0.5000
vn -0.0000 -1.0000 -0.0000
vn -0.0000 -0.8660 -0.5000
vn 1.0000 -0.0000 -0.0000
vn -1.0000 -0.0000 -0.0000
s 1
usemtl material451
f 7471//2441 7474//2441 7473//2441
f 7471//2441 7472//2441 7474//2441
f 7475//2442 7478//2442 7477//2442
f 7475//2442 7476//2442 7478//2442
f 7479//2443 7482//2443 7481//2443
f 7479//2443 7480//2443 7482//2443
f 7483//2444 7486//2444 7485//2444
f 7483//2444 7484//2444 7486//2444
f 7487//2445 7490//2445 7489//2445
f 7487//2445 7488//2445 7490//2445
f 7491//2446 7494//2446 7493//2446
f 7491//2446 7492//2446 7494//2446
f 7499//2447 7498//2447 7497//2447
f 7500//2447 7495//2447 7496//2447
f 7500//2447 7497//2447 7495//2447
f 7500//2447 7499//2447 7497//2447
f 7506//2448 7504//2448 7505//2448
f 7502//2448 7501//2448 7503//2448
f 7502//2448 7503//2448 7504//2448
f 7502//2448 7504//2448 7506//2448
o empty_97
v 0.107082 -0.017753 0.220569
v 0.104680 -0.017753 0.220569
v 0.107082 0.006265 0.220569
v 0.104680 0.006265 0.220569
v 0.107082 0.006265 0.220569
v 0.104680 0.006265 0.220569
v 0.107082 0.006265 0.300630
v 0.104680 0.006265 0.300630
v 0.107082 0.006265 0.300630
v 0.104680 0.006265 0.300630
v 0.107082 -0.017753 0.300630
v 0.104680 -0.017753 0.300630
v 0.107082 -0.017753 0.300630
v 0.104680 -0.017753 0.300630
v 0.107082 -0.029762 0.279829
v 0.104680 -0.029762 0.279829
v 0.107082 -0.029762 0.279829
v 0.104680 -0.029762 0.279829
v 0.107082 -0.029762 0.241369
v 0.104680 -0.029762 0.241369
v 0.107082 -0.029762 0.241369
v 0.104680 -0.029762 0.241369
v 0.107082 -0.017753 0.220569
v 0.104680 -0.017753 0.220569
v 0.107082 -0.029762 0.241369
v 0.107082 -0.017753 0.220569
v 0.107082 -0.029762 0.279829
v 0.107082 -0.017753 0.300630
v 0.107082 0.006265 0.300630
v 0.107082 0.006265 0.220569
v 0.104680 -0.017753 0.220569
v 0.104680 0.006265 0.220569
v 0.104680 -0.029762 0.241369
v 0.104680 -0.029762 0.279829
v 0.104680 -0.017753 0.300630
v 0.104680 0.006265 0.300630
vn -0.0000 -0.0000 -1.0000
vn -0.0000 1.0000 -0.0000
vn -0.0000 -0.0000 1.0000
vn -0.0000 -0.8660 0.5000
vn -0.0000 -1.0000 -0.0000
vn -0.0000 -0.8660 -0.5000
vn 1.0000 -0.0000 -0.0000
vn -1.0000 -0.0000 -0.0000
s 1
usemtl material452
f 7507//2449 7510//2449 7509//2449
f 7507//2449 7508//2449 7510//2449
f 7511//2450 7514//2450 7513//2450
f 7511//2450 7512//2450 7514//2450
f 7515//2451 7518//2451 7517//2451
f 7515//2451 7516//2451 7518//2451
f 7519//2452 7522//2452 7521//2452
f 7519//2452 7520//2452 7522//2452
f 7523//2453 7526//2453 7525//2453
f 7523//2453 7524//2453 7526//2453
f 7527//2454 7530//2454 7529//2454
f 7527//2454 7528//2454 7530//2454
f 7535//2455 7534//2455 7533//2455
f 7536//2455 7531//2455 7532//2455
f 7536//2455 7533//2455 7531//2455
f 7536//2455 7535//2455 7533//2455
f 7542//2456 7540//2456 7541//2456
f 7538//2456 7537//2456 7539//2456
f 7538//2456 7539//2456 7540//2456
f 7538//2456 7540//2456 7542//2456
o empty_98
v 0.107082 -0.057784 0.220569
v 0.104680 -0.057784 0.220569
v 0.107082 -0.033765 0.220569
v 0.104680 -0.033765 0.220569
v 0.107082 -0.033765 0.220569
v 0.104680 -0.033765 0.220569
v 0.107082 -0.033765 0.300630
v 0.104680 -0.033765 0.300630
v 0.107082 -0.033765 0.300630
v 0.104680 -0.033765 0.300630
v 0.107082 -0.057784 0.300630
v 0.104680 -0.057784 0.300630
v 0.107082 -0.057784 0.300630
v 0.104680 -0.057784 0.300630
v 0.107082 -0.069793 0.279829
v 0.104680 -0.069793 0.279829
v 0.107082 -0.069793 0.279829
v 0.104680 -0.069793 0.279829
v 0.107082 -0.069793 0.241369
v 0.104680 -0.069793 0.241369
v 0.107082 -0.069793 0.241369
v 0.104680 -0.069793 0.241369
v 0.107082 -0.057784 0.220569
v 0.104680 -0.057784 0.220569
v 0.107082 -0.069793 0.241369
v 0.107082 -0.057784 0.220569
v 0.107082 -0.069793 0.279829
v 0.107082 -0.057784 0.300630
v 0.107082 -0.033765 0.300630
v 0.107082 -0.033765 0.220569
v 0.104680 -0.057784 0.220569
v 0.104680 -0.033765 0.220569
v 0.104680 -0.069793 0.241369
v 0.104680 -0.069793 0.279829
v 0.104680 -0.057784 0.300630
v 0.104680 -0.033765 0.300630
vn -0.0000 -0.0000 -1.0000
vn -0.0000 1.0000 -0.0000
vn -0.0000 -0.0000 1.0000
vn -0.0000 -0.8660 0.5000
vn -0.0000 -1.0000 -0.0000
vn -0.0000 -0.8660 -0.5000
vn 1.0000 -0.0000 -0.0000
vn -1.0000 -0.0000 -0.0000
s 1
usemtl material453
f 7543//2457 7546//2457 7545//2457
f 7543//2457 7544//2457 7546//2457
f 7547//2458 7550//2458 7549//2458
f 7547//2458 7548//2458 7550//2458
f 7551//2459 7554//2459 7553//2459
f 7551//2459 7552//2459 7554//2459
f 7555//2460 7558//2460 7557//2460
f 7555//2460 7556//2460 7558//2460
f 7559//2461 7562//2461 7561//2461
f 7559//2461 7560//2461 7562//2461
f 7563//2462 7566//2462 7565//2462
f 7563//2462 7564//2462 7566//2462
f 7571//2463 7570//2463 7569//2463
f 7572//2463 7567//2463 7568//2463
f 7572//2463 7569//2463 7567//2463
f 7572//2463 7571//2463 7569//2463
f 7578//2464 7576//2464 7577//2464
f 7574//2464 7573//2464 7575//2464
f 7574//2464 7575//2464 7576//2464
f 7574//2464 7576//2464 7578//2464
o empty_99
v 0.107082 -0.097814 0.220569
v 0.104680 -0.097814 0.220569
v 0.107082 -0.073796 0.220569
v 0.104680 -0.073796 0.220569
v 0.107082 -0.073796 0.220569
v 0.104680 -0.073796 0.220569
v 0.107082 -0.073796 0.300630
v 0.104680 -0.073796 0.300630
v 0.107082 -0.073796 0.300630
v 0.104680 -0.073796 0.300630
v 0.107082 -0.097814 0.300630
v 0.104680 -0.097814 0.300630
v 0.107082 -0.097814 0.300630
v 0.104680 -0.097814 0.300630
v 0.107082 -0.109823 0.279829
v 0.104680 -0.109823 0.279829
v 0.107082 -0.109823 0.279829
v 0.104680 -0.109823 0.279829
v 0.107082 -0.109823 0.241369
v 0.104680 -0.109823 0.241369
v 0.107082 -0.109823 0.241369
v 0.104680 -0.109823 0.241369
v 0.107082 -0.097814 0.220569
v 0.104680 -0.097814 0.220569
v 0.107082 -0.109823 0.241369
v 0.107082 -0.097814 0.220569
v 0.107082 -0.109823 0.279829
v 0.107082 -0.097814 0.300630
v 0.107082 -0.073796 0.300630
v 0.107082 -0.073796 0.220569
v 0.104680 -0.097814 0.220569
v 0.104680 -0.073796 0.220569
v 0.104680 -0.109823 0.241369
v 0.104680 -0.109823 0.279829
v 0.104680 -0.097814 0.300630
v 0.104680 -0.073796 0.300630
vn -0.0000 -0.0000 -1.0000
vn -0.0000 1.0000 -0.0000
vn -0.0000 -0.0000 1.0000
vn -0.0000 -0.8660 0.5000
vn -0.0000 -1.0000 -0.0000
vn -0.0000 -0.8660 -0.5000
vn 1.0000 -0.0000 -0.0000
vn -1.0000 -0.0000 -0.0000
s 1
usemtl material454
f 7579//2465 7582//2465 7581//2465
f 7579//2465 7580//2465 7582//2465
f 7583//2466 7586//2466 7585//2466
f 7583//2466 7584//2466 7586//2466
f 7587//2467 7590//2467 7589//2467
f 7587//2467 7588//2467 7590//2467
f 7591//2468 7594//2468 7593//2468
f 7591//2468 7592//2468 7594//2468
f 7595//2469 7598//2469 7597//2469
f 7595//2469 7596//2469 7598//2469
f 7599//2470 7602//2470 7601//2470
f 7599//2470 7600//2470 7602//2470
f 7607//2471 7606//2471 7605//2471
f 7608//2471 7603//2471 7604//2471
f 7608//2471 7605//2471 7603//2471
f 7608//2471 7607//2471 7605//2471
f 7614//2472 7612//2472 7613//2472
f 7610//2472 7609//2472 7611//2472
f 7610//2472 7611//2472 7612//2472
f 7610//2472 7612//2472 7614//2472
